,code,name,assists,bonus,bps,clean_sheets,creativity,element,fixture,goals_conceded,goals_scored,ict_index,influence,kickoff_time,minutes,opponent_team,own_goals,penalties_missed,penalties_saved,red_cards,round,saves,selected,team_a_score,team_h_score,threat,prev_total_points,transfers_balance,transfers_in,transfers_out,current_price,was_home,yellow_cards,name_p,position,init_price,team_code,total_points
0,240143,Ibrahima Diallo,0,0,3,0,1.5,565,56,0,0,0.7,1.0,2020-10-25T14:00:00Z,4,11,0,0,0,0,6,0,886,0,2,4.0,1,318,457,139,45,True,0,TLPRHM,3,45,20,0
1,101537,Felipe Anderson Pereira Gomes,0,0,0,0,0.0,440,57,0,0,0.0,0.0,2020-10-24T11:30:00Z,0,43,0,0,0,0,6,0,12783,1,1,0.0,0,-2845,35,2880,62,True,0,ANTRSNFLPKMSPRR,3,61,21,0
2,103955,Raheem Sterling,0,0,1,0,2.1,276,57,1,0,3.5,5.6,2020-10-24T11:30:00Z,90,21,0,0,0,0,6,0,557608,1,1,27.0,2,100619,138478,37859,116,False,0,RHMSTRLNK,3,109,43,3
3,43670,Juan Mata,0,0,10,0,38.9,290,55,0,0,5.9,9.0,2020-10-24T16:30:00Z,57,8,0,0,0,0,6,0,10093,0,0,11.0,1,937,1741,804,59,True,0,JNMT,3,58,1,0
4,233425,Aaron Connolly,0,0,0,0,0.0,78,51,0,0,0.0,0.0,2020-10-26T17:30:00Z,0,35,0,0,0,0,6,0,50818,1,1,0.0,0,2053,9519,7466,55,True,0,ARNKNL,4,52,36,0
5,79934,Oliver Norwood,0,0,0,0,0.0,349,54,0,0,0.0,0.0,2020-10-24T19:00:00Z,0,14,0,0,0,0,6,0,17441,1,2,0.0,0,-2164,460,2624,48,False,0,NRTLFR,3,45,49,1
6,82403,Wilfried Zaha,1,3,43,0,47.3,141,53,1,1,22.3,66.4,2020-10-24T14:00:00Z,90,54,0,0,0,0,6,0,1541444,2,1,109.0,13,133920,240498,106578,72,False,0,ALFRTSH,3,71,31,1
7,220037,Bailey Peacock-Farrell,0,0,0,0,0.0,99,52,0,0,0.0,0.0,2020-10-26T20:00:00Z,0,6,0,0,0,0,6,0,104014,1,0,0.0,0,-4337,1221,5558,40,True,0,PLFRLPKK,1,40,90,0
8,90105,Ryan Fraser,0,0,6,1,1.2,507,58,0,0,0.6,4.4,2020-10-25T16:30:00Z,77,39,0,0,0,0,6,0,24667,1,1,0.0,3,-3509,450,3959,58,False,0,FRSRRN,3,56,4,4
9,195471,Anthony Driscoll-Glennon,0,0,0,0,0.0,536,52,0,0,0.0,0.0,2020-10-26T20:00:00Z,0,6,0,0,0,0,6,0,4625,1,0,0.0,0,106,434,328,40,True,0,AN0NTRSKLKLNN,2,39,90,0
10,228798,Cengiz ÃÂnder,1,0,16,0,11.3,541,49,0,0,3.5,20.0,2020-10-25T19:15:00Z,15,3,0,0,0,0,6,0,3301,1,0,4.0,4,-593,300,893,60,False,0,ANTRSNJS,3,57,13,4
11,165808,HÃÂ©lder Wander Sousa de Azevedo e Costa,1,0,19,1,42.7,205,50,0,0,11.4,29.6,2020-10-23T19:00:00Z,82,7,0,0,0,0,6,0,670292,3,0,42.0,6,-65296,33197,98493,57,False,0,ASFTKSTTLTRSSNTR,3,50,2,2
12,170271,Jean MichaÃÂ«l Seri,0,0,0,0,0.0,189,53,0,0,0.0,0.0,2020-10-24T14:00:00Z,0,31,0,0,0,0,6,0,4596,2,1,0.0,0,-519,411,930,47,True,0,JNMXLSR,3,46,54,0
13,102057,RaÃÂºl JimÃÂ©nez,0,3,33,0,25.8,460,58,1,1,9.3,39.2,2020-10-25T16:30:00Z,90,4,0,0,0,0,6,0,1439521,1,1,28.0,9,-115095,64980,180075,85,True,0,JMNSRL,4,81,39,2
14,179456,Oskar Buur,0,0,0,0,0.0,467,58,0,0,0.0,0.0,2020-10-25T16:30:00Z,0,4,0,0,0,0,6,0,188685,1,1,0.0,0,-7783,7562,15345,40,True,0,PRSKR,2,39,39,0
15,192895,Kieran Tierney,0,0,13,0,31.3,17,49,1,0,4.8,10.8,2020-10-25T19:15:00Z,80,13,0,0,0,0,6,0,400394,1,0,6.0,2,-17548,7930,25478,54,True,0,KRNTRN,2,52,3,6
16,216051,JosÃÂ© Diogo Dalot Teixeira,0,0,0,0,0.0,314,55,0,0,0.0,0.0,2020-10-24T16:30:00Z,0,8,0,0,0,0,6,0,2792,0,0,0.0,0,-277,14,291,49,True,0,TLTTKJSTKSR,2,48,1,0
17,184386,James Bree,0,0,0,0,0.0,43,50,0,0,0.0,0.0,2020-10-23T19:00:00Z,0,2,0,0,0,0,6,0,550,3,0,0.0,0,-23,17,40,45,True,0,PRJMS,2,45,7,0
18,41135,Branislav Ivanovic,0,0,12,0,0.4,530,51,1,0,1.4,13.6,2020-10-26T17:30:00Z,90,36,0,0,0,0,6,0,8585,1,1,0.0,2,2243,2870,627,45,False,0,PRNLFFNFK,2,44,35,1
19,106837,Dennis Praet,0,0,5,0,4.3,225,49,0,0,0.9,4.4,2020-10-25T19:15:00Z,59,3,0,0,0,0,6,0,33675,1,0,0.0,1,-4759,1330,6089,55,False,0,TNSPRT,3,52,13,2
20,155197,Max Lowe,0,0,0,0,0.0,511,54,0,0,0.0,0.0,2020-10-24T19:00:00Z,0,14,0,0,0,0,6,0,4376,1,2,0.0,0,-424,33,457,44,False,0,LMKS,2,42,49,2
21,232937,Brandon Williams,0,0,0,0,0.0,318,55,0,0,0.0,0.0,2020-10-24T16:30:00Z,0,8,0,0,0,0,6,0,68037,0,0,0.0,0,-6392,791,7183,44,True,0,PRNTNLMS,2,42,1,0
22,115382,Neal Maupay,0,0,-1,0,2.8,68,51,1,0,3.3,6.8,2020-10-26T17:30:00Z,90,35,0,0,0,0,6,0,525930,1,1,23.0,2,71716,127443,55727,66,True,0,MPNL,4,58,36,0
23,242058,Moise Kean,0,0,0,0,0.0,169,56,0,0,0.0,0.0,2020-10-25T14:00:00Z,0,20,0,0,0,0,6,0,18936,0,2,0.0,0,-2342,75,2417,58,False,0,KNMS,4,57,11,0
24,146941,Aymeric Laporte,0,0,0,0,0.0,280,57,0,0,0.0,0.0,2020-10-24T11:30:00Z,0,21,0,0,0,0,6,0,187709,1,1,0.0,0,-28209,3381,31590,60,False,0,AMRKLPRT,2,60,43,8
25,164484,Zack Steffen,0,0,0,0,0.0,538,57,0,0,0.0,0.0,2020-10-24T11:30:00Z,0,21,0,0,0,0,6,0,1519,1,1,0.0,0,-27,105,132,45,False,0,STFNSK,1,44,43,0
26,40559,Fabricio Agosto RamÃÂ­rez,0,0,0,0,0.0,171,53,0,0,0.0,0.0,2020-10-24T14:00:00Z,0,31,0,0,0,0,6,0,131773,2,1,0.0,0,-101,4087,4188,40,True,0,AKSTFPRSRMRS,1,39,54,0
27,18073,Mark Noble,0,0,0,0,0.0,427,57,0,0,0.0,0.0,2020-10-24T11:30:00Z,0,43,0,0,0,0,6,0,53146,1,1,0.0,0,-7471,876,8347,48,True,0,MRKNPL,3,45,21,0
28,165809,Bernardo Mota Veiga de Carvalho e Silva,0,0,6,0,4.8,281,57,1,0,1.1,3.8,2020-10-24T11:30:00Z,67,21,0,0,0,0,6,0,44862,1,1,2.0,2,5715,10187,4472,74,False,0,PRNRTKRFLTMTSLFFK,3,74,43,3
29,56979,Jordan Henderson,0,0,24,0,26.3,244,54,1,0,6.4,27.2,2020-10-24T19:00:00Z,90,49,0,0,0,0,6,0,88873,1,2,10.0,2,1611,6510,4899,54,True,0,HNTRSNJRTN,3,54,14,2
30,206915,Curtis Jones,0,0,0,0,0.0,263,54,0,0,0.0,0.0,2020-10-24T19:00:00Z,0,49,0,0,0,0,6,0,37040,1,2,0.0,0,3968,8196,4228,44,True,0,KRTSJNS,3,44,14,2
31,462424,William Saliba,0,0,0,0,0.0,27,49,0,0,0.0,0.0,2020-10-25T19:15:00Z,0,13,0,0,0,0,6,0,70830,1,0,0.0,0,-8628,1758,10386,42,True,0,SLPLM,2,40,3,0
32,222694,Pascal Struijk,0,0,0,0,1.5,211,50,0,0,0.3,1.2,2020-10-23T19:00:00Z,20,7,0,0,0,0,6,0,172872,3,0,0.0,0,33635,45391,11756,40,False,1,PSKLSTRK,2,40,2,0
33,56983,Matt Ritchie,0,0,0,0,0.0,322,58,0,0,0.0,0.0,2020-10-25T16:30:00Z,0,39,0,0,0,0,6,0,3546,1,1,0.0,0,-879,34,913,49,False,0,MTRX,3,49,4,0
34,19419,Gary Cahill,0,0,0,0,0.0,125,53,0,0,0.0,0.0,2020-10-24T14:00:00Z,0,54,0,0,0,0,6,0,6523,2,1,0.0,0,925,2162,1237,45,False,0,KHLKR,2,45,31,0
35,55494,Joel Ward,0,0,0,0,0.0,134,53,0,0,0.0,0.0,2020-10-24T14:00:00Z,0,54,0,0,0,0,6,0,120457,2,1,0.0,0,-191,8465,8656,45,False,0,JLRT,2,43,31,0
36,59735,Karl Darlow,0,0,14,0,0.0,325,58,1,0,1.8,18.2,2020-10-25T16:30:00Z,90,39,0,0,0,0,6,3,117415,1,1,0.0,3,-1032,14217,15249,50,False,0,TRLKRL,1,49,4,3
37,55605,Toby Alderweireld,0,2,28,1,13.6,386,52,0,0,4.5,31.2,2020-10-26T20:00:00Z,90,90,0,0,0,0,6,0,124622,1,0,0.0,8,-4411,3722,8133,54,False,0,ALTRRLTTP,2,54,6,2
38,101105,Joe Bryan,0,0,0,0,0.0,182,53,0,0,0.0,0.0,2020-10-24T14:00:00Z,0,31,0,0,0,0,6,0,41088,2,1,0.0,0,-4565,828,5393,49,True,0,PRNJ,2,45,54,1
39,20452,Shane Long,0,0,0,0,0.0,361,56,0,0,0.0,0.0,2020-10-25T14:00:00Z,0,11,0,0,0,0,6,0,54179,0,2,0.0,0,-3926,2635,6561,53,True,0,LNKXN,4,51,20,1
40,80201,Bernd Leno,0,0,11,0,0.0,8,49,1,0,1.2,12.0,2020-10-25T19:15:00Z,90,13,0,0,0,0,6,1,693944,1,0,0.0,2,-6968,29541,36509,50,True,0,PRNTLN,1,50,3,7
41,166324,Ivan Ricardo Neves Abreu Cavaleiro,0,0,0,0,0.0,187,53,0,0,0.0,0.0,2020-10-24T14:00:00Z,0,31,0,0,0,0,6,0,7575,2,1,0.0,0,-506,171,677,54,True,0,APRKFLRFNNFSRKRT,3,53,54,1
42,66588,Luke Ayling,0,0,27,1,10.7,197,50,0,0,3.3,22.6,2020-10-23T19:00:00Z,90,7,0,0,0,0,6,0,301258,3,0,0.0,6,2262,23420,21158,45,False,0,ALNKLK,2,44,2,0
43,109322,Jesse Lingard,0,0,0,0,0.0,301,55,0,0,0.0,0.0,2020-10-24T16:30:00Z,0,8,0,0,0,0,6,0,12175,0,0,0.0,0,-1089,221,1310,59,True,0,JSLNKRT,3,66,21,0
44,90517,Robbie Brady,0,0,0,0,0.0,95,52,0,0,0.0,0.0,2020-10-26T20:00:00Z,0,6,0,0,0,0,6,0,3296,1,0,0.0,0,-61,129,190,50,True,0,PRTRP,3,50,90,1
45,47390,Neil Taylor,0,0,0,0,0.0,31,50,0,0,0.0,0.0,2020-10-23T19:00:00Z,0,2,0,0,0,0,6,0,17751,3,0,0.0,0,-1186,712,1898,44,True,0,NLTLR,2,42,7,0
46,101668,Jamie Vardy,0,2,26,0,0.8,224,49,0,1,7.0,35.2,2020-10-25T19:15:00Z,30,3,0,0,0,0,6,0,1240334,1,0,34.0,7,-489382,10116,499498,100,False,0,JMFRT,4,102,13,14
47,244723,Tyrick Mitchell,0,0,13,0,1.8,146,53,1,0,4.0,21.6,2020-10-24T14:00:00Z,90,54,0,0,0,0,6,0,1943442,2,1,17.0,2,16161,87186,71025,42,False,0,MXLTRK,2,38,31,0
48,215136,Neco Williams,0,0,0,0,0.0,264,54,0,0,0.0,0.0,2020-10-24T19:00:00Z,0,49,0,0,0,0,6,0,238022,1,2,0.0,0,-5766,9901,15667,40,True,0,NKLMS,2,38,14,0
49,83314,Jeff Hendrick,0,0,12,0,0.8,485,58,1,0,2.1,12.2,2020-10-25T16:30:00Z,90,39,0,0,0,0,6,0,264943,1,1,8.0,2,-30080,11759,41839,50,False,0,HNTRKJF,3,45,4,2
50,141569,LÃÂ©o Bonatini,0,0,0,0,0.0,463,58,0,0,0.0,0.0,2020-10-25T16:30:00Z,0,4,0,0,0,0,6,0,12749,1,1,0.0,0,-1251,74,1325,49,True,0,PNTNL,4,48,39,0
51,199598,Ethan Ampadu,0,0,15,0,14.2,509,54,2,0,3.4,18.4,2020-10-24T19:00:00Z,90,14,0,0,0,0,6,0,43424,1,2,1.0,1,-4113,651,4764,45,False,0,AMPT0N,2,43,49,2
52,218031,ÃÂaglar SÃÂ¶yÃÂ¼ncÃÂ¼,0,0,0,0,0.0,238,49,0,0,0.0,0.0,2020-10-25T19:15:00Z,0,3,0,0,0,0,6,0,408583,1,0,0.0,0,-190759,254,191013,54,False,0,AKLRSNK,2,53,13,0
53,195064,Mace Goodridge,0,0,0,0,0.0,551,52,0,0,0.0,0.0,2020-10-26T20:00:00Z,0,6,0,0,0,0,6,0,432,1,0,0.0,0,43,95,52,45,True,0,KTRJMS,3,45,90,0
54,166989,Youri Tielemans,0,0,6,1,8.4,228,49,0,0,1.8,9.8,2020-10-25T19:15:00Z,90,3,0,0,0,0,6,0,124857,1,0,0.0,2,-12899,4030,16929,64,False,1,TLMNSR,3,64,13,15
55,197937,Oliver Burke,0,0,2,0,0.6,424,54,1,0,2.4,0.0,2020-10-24T19:00:00Z,36,14,0,0,0,0,6,0,72615,1,2,25.0,1,-7718,1651,9369,45,False,0,PRKLFR,3,41,49,0
56,141746,Bruno Miguel Borges Fernandes,0,0,14,1,60.9,302,55,0,0,9.6,18.6,2020-10-24T16:30:00Z,90,8,0,0,0,0,6,0,1609144,0,0,16.0,3,85046,163779,78733,105,True,0,PRJSPRNFRNNTSMKL,3,113,1,2
57,437495,Illan Meslier,0,0,27,1,0.0,213,50,0,0,2.4,23.6,2020-10-23T19:00:00Z,90,7,0,0,0,0,6,3,255397,3,0,0.0,7,16184,30162,13978,45,False,0,ALNMSL,1,48,2,1
58,173515,Kelechi Iheanacho,0,0,0,0,0.0,233,49,0,0,0.0,0.0,2020-10-25T19:15:00Z,0,3,0,0,0,0,6,0,25251,1,0,0.0,0,-23,2223,2246,57,False,0,AHNKKLX,4,62,13,0
59,60232,Craig Dawson,0,0,0,0,0.0,576,57,0,0,0.0,0.0,2020-10-24T11:30:00Z,0,43,0,0,0,0,6,0,689,1,1,0.0,0,95,185,90,45,True,0,KRKTSN,2,45,21,0
60,232826,Anthony Gordon,0,0,4,0,1.2,168,56,0,0,0.7,4.2,2020-10-25T14:00:00Z,32,20,0,0,0,0,6,0,32082,0,2,2.0,1,-2179,2292,4471,44,False,0,AN0NKRTN,3,43,11,0
61,158534,Kyle Walker-Peters,0,0,27,1,2.8,375,56,0,0,2.0,13.0,2020-10-25T14:00:00Z,90,11,0,0,0,0,6,0,774462,0,2,4.0,5,-15319,37452,52771,45,True,1,KLPTRSLKR,2,47,20,1
62,101982,Sam Johnstone,0,2,16,0,0.0,417,51,1,0,2.0,20.2,2020-10-26T17:30:00Z,90,36,0,0,0,0,6,3,62391,1,1,0.0,5,5820,9979,4159,45,False,0,JNSTNSM,1,46,35,1
63,448514,Rayan Ait Nouri,0,0,0,0,0.0,563,58,0,0,0.0,0.0,2020-10-25T16:30:00Z,0,4,0,0,0,0,6,0,1175,1,1,0.0,0,-8,304,312,50,True,0,ATNRRN,2,50,39,15
64,60914,Joel Matip,0,0,0,0,0.0,246,54,0,0,0.0,0.0,2020-10-24T19:00:00Z,0,49,0,0,0,0,6,0,23811,1,2,0.0,0,6299,9654,3355,54,True,0,JLMTP,2,54,14,0
65,205651,Gabriel Fernando de Jesus,0,0,0,0,0.0,282,57,0,0,0.0,0.0,2020-10-24T11:30:00Z,0,21,0,0,0,0,6,0,56383,1,1,0.0,0,-6119,211,6330,93,False,0,TFRNNTKPRLJSS,4,91,43,0
66,61366,Kevin De Bruyne,0,0,7,0,19.3,272,57,0,0,3.8,7.6,2020-10-24T11:30:00Z,22,21,0,0,0,0,6,0,1100973,1,1,11.0,1,-742123,4829,746952,115,False,0,PRNTKFN,3,118,43,6
67,55422,Gylfi Sigurdsson,0,0,1,0,2.7,150,56,2,0,0.5,0.0,2020-10-25T14:00:00Z,57,20,0,0,0,0,6,0,70570,0,2,3.0,1,-2557,1785,4342,69,False,0,KLFSKRTSN,3,68,11,2
68,27789,Fernando Luiz Rosa,0,0,0,0,0.0,266,57,0,0,0.0,0.0,2020-10-24T11:30:00Z,0,21,0,0,0,0,6,0,80925,1,1,0.0,0,-14959,2147,17106,55,False,0,FRNNTLSRS,2,54,43,0
69,166640,FabiÃÂ¡n Balbuena,0,0,8,0,0.0,443,57,1,0,1.8,18.2,2020-10-24T11:30:00Z,90,43,0,0,0,0,6,0,59540,1,1,0.0,1,27818,35380,7562,44,True,1,PLPNFPN,2,41,21,1
70,82078,Kenneth Zohore,0,0,0,0,0.0,416,51,0,0,0.0,0.0,2020-10-26T17:30:00Z,0,36,0,0,0,0,6,0,3434,1,1,0.0,0,-441,90,531,49,False,0,KN0SHR,4,48,35,0
71,93264,Eric Dier,0,0,27,1,0.8,391,52,0,0,1.9,18.0,2020-10-26T20:00:00Z,90,90,0,0,0,0,6,0,80780,1,0,0.0,6,-18721,549,19270,50,False,0,TRRK,2,46,6,2
72,209244,Phil Foden,0,0,21,0,6.8,284,57,0,1,7.2,39.0,2020-10-24T11:30:00Z,45,21,0,0,0,0,6,0,574478,1,1,26.0,6,39242,87799,48557,66,False,0,FTNFL,3,61,43,1
73,232928,James Garner,0,0,0,0,0.0,317,55,0,0,0.0,0.0,2020-10-24T16:30:00Z,0,8,0,0,0,0,6,0,4889,0,0,0.0,0,-558,118,676,45,True,0,KRNRJMS,3,44,1,0
74,103025,Riyad Mahrez,0,0,11,0,31.5,275,57,1,0,11.8,14.6,2020-10-24T11:30:00Z,90,21,0,0,0,0,6,0,284854,1,1,72.0,2,-29027,36043,65070,85,False,0,MRSRT,3,81,43,3
75,169187,Trent Alexander-Arnold,0,0,21,0,48.0,259,54,1,0,8.5,24.0,2020-10-24T19:00:00Z,90,49,0,0,0,0,6,0,2588416,1,2,13.0,2,-250665,54191,304856,75,True,0,ALKSNTRRNLTTRNT,2,78,14,2
76,49944,Jake Livermore,0,0,8,0,1.4,409,51,1,0,0.7,5.2,2020-10-26T17:30:00Z,62,36,1,0,0,0,6,0,7623,1,1,0.0,0,-835,204,1039,49,False,0,JKLFRMR,3,47,35,1
77,495542,Niels Nkounkou,0,0,0,0,0.0,559,56,0,0,0.0,0.0,2020-10-25T14:00:00Z,0,20,0,0,0,0,6,0,7866,0,2,0.0,0,1495,2610,1115,40,False,0,NLSNKNK,2,40,11,1
78,39476,Sokratis Papastathopoulos,0,0,0,0,0.0,2,49,0,0,0.0,0.0,2020-10-25T19:15:00Z,0,13,0,0,0,0,6,0,6429,1,0,0.0,0,-392,182,574,49,True,0,PPST0PLSSKRTS,2,48,3,0
79,153366,Harrison Reed,1,0,13,0,10.5,373,53,0,0,2.9,18.2,2020-10-24T14:00:00Z,11,31,0,0,0,0,6,0,50492,2,1,0.0,4,-9389,253,9642,45,True,0,HRSNRT,3,44,54,0
80,97299,John Stones,0,0,0,0,0.0,273,57,0,0,0.0,0.0,2020-10-24T11:30:00Z,0,21,0,0,0,0,6,0,32933,1,1,0.0,0,-2587,1244,3831,49,False,0,JNSTNS,2,51,43,0
81,114128,Jonathan Castro Otto,0,0,0,0,0.0,462,58,0,0,0.0,0.0,2020-10-25T16:30:00Z,0,4,0,0,0,0,6,0,1734,1,1,0.0,0,-120,38,158,54,True,0,KSTRJN0NT,2,54,39,0
82,232977,Kelland Watts,0,0,0,0,0.0,342,58,0,0,0.0,0.0,2020-10-25T16:30:00Z,0,39,0,0,0,0,6,0,17537,1,1,0.0,0,-1309,201,1510,40,False,0,KLNTTS,2,39,4,0
83,86417,Jeffrey Schlupp,0,0,6,1,12.3,142,53,0,0,3.9,8.0,2020-10-24T14:00:00Z,75,54,0,0,0,0,6,0,6625,2,1,19.0,3,-112,518,630,55,False,0,JFRXLP,3,53,31,2
84,212319,Richarlison de Andrade,0,0,0,0,0.0,166,56,0,0,0.0,0.0,2020-10-25T14:00:00Z,0,20,0,0,0,0,6,0,352665,0,2,0.0,0,-228244,1848,230092,79,False,0,ANTRTTRXRLSN,4,77,11,0
85,60025,James RodrÃÂ­guez,0,0,13,0,25.5,508,56,2,0,6.6,13.8,2020-10-25T14:00:00Z,90,20,0,0,0,0,6,0,2822056,0,2,27.0,2,-143019,280064,423083,80,False,0,JMSRTRKS,3,77,11,0
86,50175,Danny Welbeck,0,0,0,0,0.0,588,51,0,0,0.0,0.0,2020-10-26T17:30:00Z,0,35,0,0,0,0,6,0,876,1,1,0.0,0,680,917,237,55,True,0,TNLPK,4,55,36,1
87,205533,Edward Nketiah,0,0,1,0,0.5,22,49,0,0,0.0,0.0,2020-10-25T19:15:00Z,9,13,0,0,0,0,6,0,56582,1,0,0.0,1,-5828,2798,8626,57,True,0,ATRTNKX,4,53,3,1
88,197030,Aboubakar Kamara,0,0,-6,0,1.3,190,53,0,0,0.0,0.0,2020-10-24T14:00:00Z,21,31,0,0,0,1,6,0,5861,2,1,0.0,-2,-709,131,840,49,True,0,APPKRKMR,3,48,54,0
89,165153,Timo Werner,0,0,5,1,3.3,117,55,0,0,2.5,1.6,2020-10-24T16:30:00Z,70,1,0,0,0,0,6,0,1533733,0,0,20.0,2,82072,175637,93565,93,False,0,TMRNR,4,92,8,7
90,228286,Edouard Mendy,0,0,27,1,0.0,548,55,0,0,1.9,18.8,2020-10-24T16:30:00Z,90,1,0,0,0,0,6,4,84818,0,0,0.0,7,-8437,10609,19046,50,False,0,ATRTMNT,1,53,8,6
91,437858,Vitor Ferreira,0,0,0,0,0.0,515,58,0,0,0.0,0.0,2020-10-25T16:30:00Z,0,4,0,0,0,0,6,0,2440,1,1,0.0,0,-164,55,219,49,True,0,FRRFTR,3,47,39,0
92,82514,Tim Ream,0,0,14,0,1.4,176,53,2,0,1.5,13.4,2020-10-24T14:00:00Z,90,31,0,0,0,0,6,0,13394,2,1,0.0,1,606,1681,1075,44,True,0,RMTM,2,42,54,0
93,225796,Reece James,0,2,32,1,3.7,123,55,0,0,4.3,18.8,2020-10-24T16:30:00Z,90,1,0,0,0,0,6,0,785928,0,0,20.0,8,-178983,11973,190956,50,False,0,JMSRS,2,51,8,6
94,178301,Ollie Watkins,0,0,6,0,24.3,514,50,3,0,6.4,7.8,2020-10-23T19:00:00Z,90,2,0,0,0,0,6,0,384478,3,0,32.0,2,86893,121952,35059,60,True,0,ALTKNS,4,63,7,7
95,173904,Davinson SÃÂ¡nchez,0,0,0,0,0.0,398,52,0,0,0.0,0.0,2020-10-26T20:00:00Z,0,90,0,0,0,0,6,0,68403,1,0,0.0,0,-1440,3535,4975,54,False,0,TFNSNSNXS,2,52,6,0
96,444145,Gabriel Teodoro Martinelli Silva,0,0,0,0,0.0,26,49,0,0,0.0,0.0,2020-10-25T19:15:00Z,0,13,0,0,0,0,6,0,1795,1,0,0.0,0,-51,91,142,49,True,0,KPRLMRTNLSLFTTR,3,49,3,0
97,92217,Roberto Firmino,0,3,37,0,5.6,249,54,1,1,10.3,36.0,2020-10-24T19:00:00Z,82,49,0,0,0,0,6,0,190454,1,2,61.0,9,-13487,11983,25470,93,True,0,FRMNRPRT,4,91,14,2
98,50232,Jonjo Shelvey,0,0,0,0,0.0,321,58,0,0,0.0,0.0,2020-10-25T16:30:00Z,0,39,0,0,0,0,6,0,18116,1,1,0.0,0,-1308,512,1820,54,False,0,JNJXLF,3,53,4,0
99,194799,Jamal Lewis,0,0,14,0,5.7,513,58,1,0,2.4,17.8,2020-10-25T16:30:00Z,90,39,0,0,0,0,6,0,165696,1,1,0.0,2,-12098,5144,17242,44,False,0,JMLLS,2,40,4,2
100,199584,Japhet Tanganga,0,0,0,0,0.0,402,52,0,0,0.0,0.0,2020-10-26T20:00:00Z,0,90,0,0,0,0,6,0,3598,1,0,0.0,0,-402,20,422,49,False,0,JFTTNKNK,2,49,6,0
101,74230,Patrick van Aanholt,0,0,2,0,0.7,139,53,1,0,1.2,3.8,2020-10-24T14:00:00Z,18,54,0,0,0,0,6,0,15288,2,1,7.0,1,5198,7556,2358,54,False,0,ANLTPTRKFN,2,54,31,0
102,101148,Jamaal Lascelles,0,0,12,0,0.3,328,58,1,0,1.6,15.6,2020-10-25T16:30:00Z,87,39,0,0,0,0,6,0,159220,1,1,0.0,2,-11979,3817,15796,44,False,0,JMLLSLS,2,42,4,2
103,89274,JosÃÂ© Ignacio Peleteiro Romallo,0,0,0,0,0.0,34,50,0,0,0.0,0.0,2020-10-23T19:00:00Z,0,2,0,0,0,0,6,0,4450,3,0,0.0,0,-707,22,729,59,True,0,AKNSJSPLTRRML,3,59,7,0
104,33148,Claudio Bravo,0,0,0,0,0.0,267,57,0,0,0.0,0.0,2020-10-24T11:30:00Z,0,21,0,0,0,0,6,0,1987,1,1,0.0,0,-94,34,128,45,False,0,PRFKLT,1,45,43,0
105,173809,Jonathan Leko,0,0,0,0,0.0,420,51,0,0,0.0,0.0,2020-10-26T17:30:00Z,0,36,0,0,0,0,6,0,2412,1,1,0.0,0,-247,43,290,45,False,0,JN0NLK,3,45,35,0
106,109345,Solomon March,0,0,5,1,20.6,65,51,0,0,2.9,4.0,2020-10-26T17:30:00Z,69,35,0,0,0,0,6,0,88440,1,1,4.0,3,13758,25420,11662,50,True,0,MRXSLMN,3,49,36,2
107,219924,Issa Diop,0,0,0,0,0.0,451,57,0,0,0.0,0.0,2020-10-24T11:30:00Z,0,43,0,0,0,0,6,0,52921,1,1,0.0,0,-4179,688,4867,45,True,0,TPS,2,43,21,0
108,108416,John Egan,0,0,14,0,0.3,353,54,2,0,2.2,17.2,2020-10-24T19:00:00Z,90,14,0,0,0,0,6,0,298178,1,2,4.0,1,-38978,817,39795,49,False,0,AKNJN,2,47,49,2
109,216208,Matija Sarkic,0,0,0,0,0.0,472,58,0,0,0.0,0.0,2020-10-25T16:30:00Z,0,4,0,0,0,0,6,0,10386,1,1,0.0,0,-561,84,645,45,True,0,MTJSRKK,1,44,39,0
110,40669,Angelo Ogbonna,0,0,10,0,0.0,432,57,1,0,1.1,11.2,2020-10-24T11:30:00Z,90,43,0,0,0,0,6,0,28770,1,1,0.0,2,394,2687,2293,49,True,0,ANJLKPN,2,47,21,1
111,97032,Virgil van Dijk,0,0,0,0,0.0,250,54,0,0,0.0,0.0,2020-10-24T19:00:00Z,0,49,0,0,0,0,6,0,997588,1,2,0.0,0,-928412,1728,930140,64,True,0,TKFNFRJL,2,62,14,0
112,176420,Darnell Furlong,0,0,12,0,6.0,422,51,1,0,2.9,11.6,2020-10-26T17:30:00Z,90,36,0,0,0,0,6,0,9999,1,1,11.0,2,1003,1727,724,45,False,0,TRNLFRLNK,2,45,35,1
113,66975,Luka Milivojevic,0,0,10,0,11.9,138,53,1,0,2.0,7.2,2020-10-24T14:00:00Z,90,54,0,0,0,0,6,0,27329,2,1,1.0,2,-2749,472,3221,57,False,0,LKMLFJFK,3,56,31,-1
114,184667,Victor LindelÃÂ¶f,0,0,26,1,11.3,308,55,0,0,3.2,18.2,2020-10-24T16:30:00Z,90,8,0,0,0,0,6,0,88879,0,0,2.0,6,-4519,2967,7486,49,True,0,LNTLFFKTR,2,48,1,2
115,216616,Dara O'Shea,0,0,0,0,0.0,425,51,0,0,0.0,0.0,2020-10-26T17:30:00Z,0,36,0,0,0,0,6,0,15655,1,1,0.0,0,-1167,338,1505,44,False,0,TRX,2,42,35,0
116,84182,Alphonse Areola,0,0,24,0,0.0,516,53,2,0,5.9,59.0,2020-10-24T14:00:00Z,90,31,0,0,0,0,6,8,96163,2,1,0.0,3,170,7328,7158,45,True,0,ALFNSRL,1,45,54,6
117,164511,Yerry Mina,0,0,14,0,0.4,162,56,2,0,3.7,17.6,2020-10-25T14:00:00Z,90,20,0,0,0,0,6,0,160610,0,2,19.0,1,14554,25439,10885,55,False,0,MNR,2,55,11,0
118,126184,Nathan AkÃÂ©,0,0,0,0,0.0,279,57,0,0,0.0,0.0,2020-10-24T11:30:00Z,0,21,0,0,0,0,6,0,515764,1,1,0.0,0,-9968,40944,50912,55,False,0,AKN0N,2,54,43,0
119,197464,Nathaniel Phillips,0,0,0,0,0.0,589,54,0,0,0.0,0.0,2020-10-24T19:00:00Z,0,49,0,0,0,0,6,0,0,1,2,0.0,0,0,0,0,40,True,0,N0NLFLPS,2,42,14,2
120,235382,Steven Alzate,0,0,3,0,0.3,79,51,1,0,0.2,2.0,2020-10-26T17:30:00Z,11,35,0,0,0,0,6,0,79732,1,1,0.0,1,-7334,2151,9485,45,True,0,ALSTSTFN,3,41,36,0
121,110979,Sadio ManÃÂ©,2,0,22,0,30.0,251,54,1,0,8.9,24.0,2020-10-24T19:00:00Z,90,49,0,0,0,0,6,0,651187,1,2,35.0,8,157162,180105,22943,120,True,0,MNST,3,118,14,2
122,480455,Jarrad Branthwaite,0,0,0,0,0.0,170,56,0,0,0.0,0.0,2020-10-25T14:00:00Z,0,20,0,0,0,0,6,0,164679,0,2,0.0,0,15319,36230,20911,39,False,0,PRN0TJRT,2,39,11,0
123,232423,Nathan Ferguson,0,0,0,0,0.0,145,53,0,0,0.0,0.0,2020-10-24T14:00:00Z,0,54,0,0,0,0,6,0,70721,2,1,0.0,0,-6420,1238,7658,40,False,0,FRKSNN0N,2,38,31,0
124,109528,Javier Manquillo,0,0,0,0,0.0,332,58,0,0,0.0,0.0,2020-10-25T16:30:00Z,0,39,0,0,0,0,6,0,26586,1,1,0.0,0,-2733,346,3079,45,False,0,JFRMNKL,2,42,4,0
125,153379,Josh Sims,0,0,0,0,0.0,374,56,0,0,0.0,0.0,2020-10-25T14:00:00Z,0,11,0,0,0,0,6,0,11149,0,2,0.0,0,-949,1028,1977,44,True,0,JXSMS,3,43,20,0
126,488404,Facundo Pellistri,0,0,0,0,0.0,575,55,0,0,0.0,0.0,2020-10-24T16:30:00Z,0,8,0,0,0,0,6,0,584,0,0,0.0,0,-17,213,230,55,True,0,FKNTPLSTR,3,52,1,0
127,220627,James Justin,0,0,18,1,2.3,239,49,0,0,0.6,3.4,2020-10-25T19:15:00Z,90,3,0,0,0,0,6,0,1573115,1,0,0.0,6,-56633,38343,94976,48,False,0,JMSJSTN,2,48,13,2
128,102380,Antonio RÃÂ¼diger,0,0,0,0,0.0,109,55,0,0,0.0,0.0,2020-10-24T16:30:00Z,0,1,0,0,0,0,6,0,61891,0,0,0.0,0,-4912,1943,6855,46,False,0,ANTNRTJR,2,47,8,0
129,214285,Konstantinos Tsimikas,0,0,0,0,0.0,242,54,0,0,0.0,0.0,2020-10-24T19:00:00Z,0,49,0,0,0,0,6,0,2550,1,2,0.0,0,-143,20,163,49,True,0,KNSTNTNSTSMKS,2,49,14,0
130,195735,Nicolas PÃÂ©pÃÂ©,0,0,2,0,0.9,18,49,1,0,0.1,0.0,2020-10-25T19:15:00Z,25,13,0,0,0,0,6,0,66280,1,0,0.0,1,-1158,4158,5316,77,True,0,NKLSPP,3,77,3,0
131,110504,Bertrand TraorÃÂ©,0,0,2,0,0.6,540,50,2,0,0.1,0.2,2020-10-23T19:00:00Z,24,2,0,0,0,0,6,0,3486,3,0,0.0,1,-287,512,799,60,True,0,PRTRNTTRR,3,58,7,1
132,195864,Sam Field,0,0,0,0,0.0,423,51,0,0,0.0,0.0,2020-10-26T17:30:00Z,0,36,0,0,0,0,6,0,1542,1,1,0.0,0,-125,29,154,48,False,0,FLTSM,3,48,35,0
133,61916,Stefan Johansen,0,0,0,0,0.0,174,53,0,0,0.0,0.0,2020-10-24T14:00:00Z,0,31,0,0,0,0,6,0,2016,2,1,0.0,0,-255,44,299,48,True,0,JHNSNSTFN,3,47,54,0
134,217401,Josh Benson,0,0,0,0,0.0,535,52,0,0,0.0,0.0,2020-10-26T20:00:00Z,0,6,0,0,0,0,6,0,1248,1,0,0.0,0,38,170,132,45,True,0,PNSNJX,3,44,90,0
135,15033,Wes Morgan,0,0,0,0,0.0,216,49,0,0,0.0,0.0,2020-10-25T19:15:00Z,0,3,0,0,0,0,6,0,10363,1,0,0.0,0,-572,539,1111,44,False,0,MRKNS,2,44,13,1
136,214466,William Smallbone,0,0,0,0,0.0,379,56,0,0,0.0,0.0,2020-10-25T14:00:00Z,0,11,0,0,0,0,6,0,28184,0,2,0.0,0,-3130,195,3325,45,True,0,SMLPNLM,3,43,20,0
137,84450,Granit Xhaka,0,0,5,0,4.7,9,49,1,0,2.7,14.0,2020-10-25T19:15:00Z,90,13,0,0,0,0,6,0,44236,1,0,8.0,1,-3447,953,4400,54,True,1,KRNTKSK,3,52,3,0
138,37402,Christian Fuchs,0,1,23,1,3.0,218,49,0,0,2.4,21.0,2020-10-25T19:15:00Z,90,3,0,0,0,0,6,0,9551,1,0,0.0,6,-216,592,808,45,False,1,KRSXNFKS,2,45,13,2
139,214048,Max Kilman,0,0,14,0,2.9,470,58,1,0,2.7,23.6,2020-10-25T16:30:00Z,90,4,0,0,0,0,6,0,605593,1,1,0.0,2,322498,338967,16469,41,True,0,KLMNMKS,2,38,39,6
140,232653,Jacob Ramsey,0,0,0,0,0.0,554,50,0,0,0.0,0.0,2020-10-23T19:00:00Z,0,2,0,0,0,0,6,0,4020,3,0,0.0,0,837,1451,614,45,True,0,JKPRMS,3,45,7,0
141,105666,Jack Butland,0,0,0,0,0.0,586,53,0,0,0.0,0.0,2020-10-24T14:00:00Z,0,54,0,0,0,0,6,0,907,2,1,0.0,0,661,840,179,45,False,0,PTLNTJK,1,45,31,0
142,41733,Georginio Wijnaldum,0,0,16,0,15.8,243,54,1,0,4.0,15.4,2020-10-24T19:00:00Z,90,49,0,0,0,0,6,0,96966,1,2,9.0,2,-9821,2509,12330,54,True,0,JRJNNLTM,3,53,14,2
143,39155,Adam Lallana,0,0,14,1,22.1,54,51,0,0,5.4,9.6,2020-10-26T17:30:00Z,60,35,0,0,0,0,6,0,34871,1,1,22.0,3,-2589,1019,3608,63,True,0,ATMLLN,3,62,36,2
144,84915,Michael Hector,0,0,0,0,0.0,178,53,0,0,0.0,0.0,2020-10-24T14:00:00Z,0,31,0,0,0,0,6,0,13882,2,1,0.0,0,-1202,246,1448,44,True,0,HKTRMKL,2,41,54,0
145,168765,Josh Onomah,0,0,0,0,0.0,188,53,0,0,0.0,0.0,2020-10-24T14:00:00Z,0,31,0,0,0,0,6,0,5692,2,1,0.0,0,-1348,118,1466,48,True,0,JXNM,3,46,54,0
146,28690,Pablo HernÃÂ¡ndez DomÃÂ­nguez,0,0,-1,0,11.7,193,50,0,0,2.2,0.0,2020-10-23T19:00:00Z,11,7,0,0,0,0,6,0,27614,3,0,10.0,1,-1290,1039,2329,58,False,0,TMNKSRNNTSPPL,3,57,2,2
147,223340,Bukayo Saka,0,0,7,1,14.3,24,49,0,0,7.4,8.0,2020-10-25T19:15:00Z,64,13,0,0,0,0,6,0,223383,1,0,52.0,3,-5116,18693,23809,53,True,0,PKSK,3,51,3,3
148,118748,Mohamed Salah,0,0,-2,0,27.2,254,54,1,0,9.7,8.2,2020-10-24T19:00:00Z,90,49,0,0,0,0,6,0,3490524,1,2,62.0,2,138491,191448,52957,123,True,0,MHMTSL,3,129,14,8
149,180804,Axel Tuanzebe,0,0,0,0,0.0,307,55,0,0,0.0,0.0,2020-10-24T16:30:00Z,0,8,0,0,0,0,6,0,8840,0,0,0.0,0,6432,7039,607,45,True,0,AKSLTNSP,2,41,1,0
150,94147,Conor Coady,0,0,13,0,0.3,459,58,1,0,2.3,22.4,2020-10-25T16:30:00Z,90,4,0,0,0,0,6,0,643960,1,1,0.0,2,12300,38460,26160,50,True,0,KTKNR,2,49,39,6
151,49083,Luke Freeman,0,0,0,0,0.0,477,54,0,0,0.0,0.0,2020-10-24T19:00:00Z,0,14,0,0,0,0,6,0,374,1,2,0.0,0,-17,44,61,50,False,0,FRMNLK,3,50,49,0
152,40145,Jack Cork,0,0,0,0,0.0,84,52,0,0,0.0,0.0,2020-10-26T20:00:00Z,0,6,0,0,0,0,6,0,1113,1,0,0.0,0,-64,33,97,50,True,0,KRKJK,3,50,90,0
153,157668,Harry Winks,0,0,0,0,0.0,397,52,0,0,0.0,0.0,2020-10-26T20:00:00Z,0,90,0,0,0,0,6,0,10343,1,0,0.0,0,-834,170,1004,54,False,0,HRNKS,3,51,6,0
154,111782,Robin Olsen,0,0,0,0,0.0,573,56,0,0,0.0,0.0,2020-10-25T14:00:00Z,0,20,0,0,0,0,6,0,1977,0,2,0.0,0,252,441,189,45,False,0,ALSNRPN,1,45,11,1
155,119471,Fabian SchÃÂ¤r,0,0,12,0,0.5,334,58,1,0,1.8,17.6,2020-10-25T16:30:00Z,90,39,0,0,0,0,6,0,2555,1,1,0.0,2,156,435,279,49,False,0,FPNXR,2,48,4,2
156,60586,Johann Berg Gudmundsson,0,0,8,0,2.7,90,52,1,0,1.8,3.0,2020-10-26T20:00:00Z,83,6,0,0,0,0,6,0,3051,1,0,12.0,2,-92,39,131,54,True,0,PRKKTMNTSNJHN,3,54,90,0
157,86934,Manuel Lanzini,0,0,0,0,0.0,439,57,0,0,0.0,0.0,2020-10-24T11:30:00Z,0,43,0,0,0,0,6,0,6928,1,1,0.0,0,2026,2668,642,64,True,0,LNSNMNL,3,64,21,1
158,231372,Tanguy Ndombele,0,0,15,1,19.3,405,52,0,0,4.8,11.0,2020-10-26T20:00:00Z,78,90,0,0,0,0,6,0,24417,1,0,18.0,3,627,3360,2733,59,False,0,NTMPLTNK,3,59,6,1
159,77359,Florian Lejeune,0,0,0,0,0.0,327,58,0,0,0.0,0.0,2020-10-25T16:30:00Z,0,39,0,0,0,0,6,0,1175,1,1,0.0,0,-79,25,104,43,False,0,FLRNLJN,2,43,4,0
160,47431,Willian Borges Da Silva,0,0,0,0,0.0,478,49,0,0,0.0,0.0,2020-10-25T19:15:00Z,0,13,0,0,0,0,6,0,500111,1,0,0.0,0,-175335,5542,180877,79,True,0,PRJSTSLFLN,3,75,3,3
161,199249,Sergio ReguilÃÂ³n,0,0,0,0,0.0,542,52,0,0,0.0,0.0,2020-10-26T20:00:00Z,0,90,0,0,0,0,6,0,260793,1,0,0.0,0,109764,123530,13766,55,False,0,RKLNSRJ,2,55,6,4
162,168763,Cameron Carter-Vickers,0,0,0,0,0.0,521,52,0,0,0.0,0.0,2020-10-26T20:00:00Z,0,90,0,0,0,0,6,0,25138,1,0,0.0,0,-4212,237,4449,40,False,0,KMRNKRTRFKRS,2,39,6,0
163,116535,Alisson Ramses Becker,0,0,13,0,0.0,252,54,1,0,1.5,14.8,2020-10-24T19:00:00Z,90,49,0,0,0,0,6,1,528240,1,2,0.0,2,-129425,1052,130477,59,True,0,ALSNPKRRMSS,1,60,14,2
164,58893,Marcos Rojo,0,0,0,0,0.0,294,55,0,0,0.0,0.0,2020-10-24T16:30:00Z,0,8,0,0,0,0,6,0,4615,0,0,0.0,0,-177,108,285,49,True,0,MRKSRJ,2,48,1,0
165,232427,Rekeem Harper,0,0,0,0,0.0,426,51,0,0,0.0,0.0,2020-10-26T17:30:00Z,0,36,0,0,0,0,6,0,36153,1,1,0.0,0,1560,4740,3180,44,False,0,HRPRRKM,3,43,35,0
166,200439,Che Adams,0,2,30,1,5.7,377,56,0,1,8.0,40.0,2020-10-25T14:00:00Z,88,11,0,0,0,0,6,0,123271,0,2,34.0,8,14015,29223,15208,58,True,0,ATMSX,4,57,20,5
167,49440,Hal Robson-Kanu,0,0,0,0,0.0,408,51,0,0,0.0,0.0,2020-10-26T17:30:00Z,0,36,0,0,0,0,6,0,9956,1,1,0.0,0,-2167,64,2231,53,False,0,HLKNRPSN,4,52,35,0
168,204676,Andi Zeqiri,0,0,0,0,0.0,574,51,0,0,0.0,0.0,2020-10-26T17:30:00Z,0,35,0,0,0,0,6,0,1525,1,1,0.0,0,538,827,289,50,True,0,ANTSKR,4,50,36,0
169,214987,Kamil Miazek,0,0,0,0,0.0,208,50,0,0,0.0,0.0,2020-10-23T19:00:00Z,0,7,0,0,0,0,6,0,123624,3,0,0.0,0,-10611,417,11028,40,False,0,KMLMSK,1,40,2,0
170,178186,Jarrod Bowen,0,0,5,0,0.9,445,57,1,0,0.9,2.0,2020-10-24T11:30:00Z,68,43,0,0,0,0,6,0,156321,1,1,6.0,2,8386,30586,22200,63,True,0,PNJRT,3,58,21,2
171,245824,Carlos Vinicius Alves Morais,0,0,0,0,0.0,564,52,0,0,0.0,0.0,2020-10-26T20:00:00Z,0,90,0,0,0,0,6,0,2770,1,0,0.0,0,426,1106,680,70,False,0,ALFSKRLSMRSFNSS,4,69,6,0
172,244851,Cole Palmer,0,0,0,0,0.0,552,57,0,0,0.0,0.0,2020-10-24T11:30:00Z,0,21,0,0,0,0,6,0,792,1,1,0.0,0,38,153,115,45,False,0,KLPLMR,3,44,43,0
173,146610,Jack O'Connell,0,0,0,0,0.0,354,54,0,0,0.0,0.0,2020-10-24T19:00:00Z,0,14,0,0,0,0,6,0,16581,1,2,0.0,0,-2831,23,2854,49,False,0,JKKNL,2,47,49,0
174,92371,Pablo MarÃÂ­,0,0,0,0,0.0,10,49,0,0,0.0,0.0,2020-10-25T19:15:00Z,0,13,0,0,0,0,6,0,630,1,0,0.0,0,-19,53,72,44,True,0,MRPPL,2,44,3,0
175,223175,Matthew Longstaff,0,0,0,0,0.0,487,58,0,0,0.0,0.0,2020-10-25T16:30:00Z,0,39,0,0,0,0,6,0,1241,1,1,0.0,0,-72,28,100,49,False,0,LNKSTFM0,3,48,4,0
176,225368,Meritan Shabani,0,0,0,0,0.0,553,58,0,0,0.0,0.0,2020-10-25T16:30:00Z,0,4,0,0,0,0,6,0,2389,1,1,0.0,0,97,392,295,45,True,0,MRTNXPN,3,44,39,0
177,194794,Fikayo Tomori,0,0,0,0,0.0,121,55,0,0,0.0,0.0,2020-10-24T16:30:00Z,0,1,0,0,0,0,6,0,20045,0,0,0.0,0,-927,531,1458,48,False,0,FKTMR,2,47,8,0
178,434138,Jordan Stevens,0,0,0,0,0.0,212,50,0,0,0.0,0.0,2020-10-23T19:00:00Z,0,7,0,0,0,0,6,0,52832,3,0,0.0,0,-4588,1290,5878,44,False,0,JRTNSTFNS,3,43,2,0
179,54861,Christian Benteke,0,0,0,0,0.0,132,53,0,0,0.0,0.0,2020-10-24T14:00:00Z,0,54,0,0,0,0,6,0,15662,2,1,0.0,0,302,1776,1474,55,False,0,PNTKXRSXN,4,55,31,1
180,200720,Caoimhin Kelleher,0,0,0,0,0.0,560,54,0,0,0.0,0.0,2020-10-24T19:00:00Z,0,49,0,0,0,0,6,0,640,1,2,0.0,0,22,113,91,45,True,0,KMNKLHR,1,45,14,0
181,155529,Marek RodÃÂ¡k,0,0,0,0,0.0,186,53,0,0,0.0,0.0,2020-10-24T14:00:00Z,0,31,0,0,0,0,6,0,28914,2,1,0.0,0,-774,1389,2163,44,True,0,MRKRTK,1,43,54,0
182,58621,Kyle Walker,0,0,16,0,29.8,270,57,1,0,5.9,18.0,2020-10-24T11:30:00Z,77,21,0,0,0,0,6,0,438663,1,1,11.0,2,46626,62953,16327,60,False,0,KLLKR,2,61,43,15
183,15749,Joe Hart,0,0,0,0,0.0,482,52,0,0,0.0,0.0,2020-10-26T20:00:00Z,0,90,0,0,0,0,6,0,53981,1,0,0.0,0,-2276,1008,3284,44,False,0,HRTJ,1,42,6,0
184,204480,Declan Rice,0,0,14,0,11.3,448,57,1,0,2.8,16.8,2020-10-24T11:30:00Z,90,43,0,0,0,0,6,0,209736,1,1,0.0,2,-14250,6725,20975,49,True,0,TKLNRS,3,47,21,1
185,209289,Emile Smith Rowe,0,0,0,0,0.0,23,49,0,0,0.0,0.0,2020-10-25T19:15:00Z,0,13,0,0,0,0,6,0,18104,1,0,0.0,0,2822,4836,2014,44,True,0,AMLRSM0,3,42,3,0
186,213405,Filip Benkovic,0,0,0,0,0.0,237,49,0,0,0.0,0.0,2020-10-25T19:15:00Z,0,3,0,0,0,0,6,0,2257,1,0,0.0,0,-207,16,223,44,False,0,PNKFKFLP,2,43,13,0
187,121599,Abdoulaye DoucourÃÂ©,0,0,7,0,2.8,512,56,2,0,1.6,3.6,2020-10-25T14:00:00Z,57,20,0,0,0,0,6,0,101034,0,2,10.0,1,-9583,4851,14434,54,False,0,APTLTKR,3,51,11,1
188,149915,Diego Llorente,0,0,0,0,0.0,549,50,0,0,0.0,0.0,2020-10-23T19:00:00Z,0,7,0,0,0,0,6,0,1920,3,0,0.0,0,-602,50,652,45,False,0,TKLRNT,2,44,2,0
189,250604,Owen Otasowie,0,0,0,0,0.0,581,58,0,0,0.0,0.0,2020-10-25T16:30:00Z,0,4,0,0,0,0,6,0,316,1,1,0.0,0,171,221,50,45,True,0,ATSN,3,45,39,0
190,169528,Antonee Robinson,0,0,18,0,63.7,484,53,2,0,9.6,23.8,2020-10-24T14:00:00Z,90,31,0,0,0,0,6,0,7799,2,1,8.0,1,276,840,564,44,True,0,ANTNRPNSN,2,44,54,7
191,80179,Adam Forshaw,0,0,0,0,0.0,199,50,0,0,0.0,0.0,2020-10-23T19:00:00Z,0,7,0,0,0,0,6,0,695,3,0,0.0,0,-44,26,70,49,False,0,ATMFRX,3,48,2,0
192,114243,Jacob Murphy,0,2,28,0,15.4,497,58,1,1,6.7,44.6,2020-10-25T16:30:00Z,90,39,0,0,0,0,6,0,2416,1,1,7.0,9,-140,98,238,49,False,0,JKPMRF,3,49,4,1
193,111478,JoÃÂ«l Veltman,0,0,12,0,0.1,67,51,1,0,1.8,17.6,2020-10-26T17:30:00Z,90,35,0,0,0,0,6,0,14385,1,1,0.0,2,-598,869,1467,43,True,0,JLFLTMN,2,43,36,1
194,226182,Jayden Bogle,0,0,0,0,0.0,510,54,0,0,0.0,0.0,2020-10-24T19:00:00Z,0,14,0,0,0,0,6,0,5648,1,2,0.0,0,-355,77,432,44,False,0,PKLJTN,2,43,49,0
195,167074,Kenny Tete,0,0,0,0,0.0,517,53,0,0,0.0,0.0,2020-10-24T14:00:00Z,0,31,0,0,0,0,6,0,6781,2,1,0.0,0,-1031,52,1083,44,True,0,KNTT,2,43,54,0
196,66242,Davy PrÃÂ¶pper,0,0,0,0,0.0,59,51,0,0,0.0,0.0,2020-10-26T17:30:00Z,0,35,0,0,0,0,6,0,3066,1,1,0.0,0,-196,66,262,49,True,0,TFPRPR,3,47,36,0
197,167199,Thomas Partey,0,0,13,0,13.8,567,49,1,0,2.2,8.6,2020-10-25T19:15:00Z,90,13,0,0,0,0,6,0,51780,1,0,0.0,2,14296,20017,5721,50,True,0,PRTTMS,3,49,3,3
198,217593,Pablo Fornals,0,0,10,0,11.8,450,57,1,0,2.9,4.6,2020-10-24T11:30:00Z,90,43,0,0,0,0,6,0,29880,1,1,13.0,2,3085,7542,4457,64,True,0,FRNLSPPL,3,58,21,10
199,110735,Adam Webster,0,0,10,0,1.8,66,51,1,0,1.8,16.6,2020-10-26T17:30:00Z,90,35,0,0,0,0,6,0,148601,1,1,0.0,1,-4912,5979,10891,45,True,1,ATMPSTR,2,43,36,1
200,61933,Shane Duffy,0,0,0,0,0.0,58,51,0,0,0.0,0.0,2020-10-26T17:30:00Z,0,35,0,0,0,0,6,0,3684,1,1,0.0,0,-179,15,194,44,True,0,TFXN,2,43,36,0
201,220738,Jayson Molumby,0,0,0,0,0.0,550,51,0,0,0.0,0.0,2020-10-26T17:30:00Z,0,35,0,0,0,0,6,0,919,1,1,0.0,0,64,211,147,45,True,0,JSNMLMP,3,45,36,0
202,91651,Mateo Kovacic,0,0,0,0,0.0,107,55,0,0,0.0,0.0,2020-10-24T16:30:00Z,0,1,0,0,0,0,6,0,22553,0,0,0.0,0,-2864,914,3778,54,False,0,KFSKMT,3,53,8,0
203,157882,Takumi Minamino,0,0,2,0,0.3,258,54,0,0,0.0,0.0,2020-10-24T19:00:00Z,7,49,0,0,0,0,6,0,11323,1,2,0.0,1,-1154,260,1414,61,True,0,MNMNTKM,3,60,20,0
204,41674,Kevin Long,0,0,5,0,0.3,85,52,1,0,1.7,16.6,2020-10-26T20:00:00Z,90,6,0,0,0,0,6,0,17251,1,0,0.0,1,443,1533,1090,45,True,1,KFNLNK,2,43,90,0
205,128198,Sofiane Boufal,0,0,0,0,0.0,372,56,0,0,0.0,0.0,2020-10-25T14:00:00Z,0,11,0,0,0,0,6,0,2461,0,2,0.0,0,-368,20,388,54,True,0,PFLSFN,3,54,20,0
206,38290,Danny Rose,0,0,0,0,0.0,384,52,0,0,0.0,0.0,2020-10-26T20:00:00Z,0,90,0,0,0,0,6,0,17957,1,0,0.0,0,-2295,322,2617,48,False,0,TNRS,2,47,6,0
207,153127,Isaac Hayden,0,0,0,0,0.0,336,58,0,0,0.0,0.0,2020-10-25T16:30:00Z,0,39,0,0,0,0,6,0,4683,1,1,0.0,0,-919,46,965,49,False,0,HTNSK,3,46,4,1
208,152590,Alex Nicolao Telles,0,0,0,0,0.0,568,55,0,0,0.0,0.0,2020-10-24T16:30:00Z,0,8,0,0,0,0,6,0,87906,0,0,0.0,0,25878,35811,9933,55,True,0,ALKSNKLTLS,2,53,1,0
209,72222,Mateusz Klich,1,0,18,1,41.5,198,50,0,0,10.3,30.0,2020-10-23T19:00:00Z,90,7,0,0,0,0,6,0,504323,3,0,31.0,5,-50949,17761,68710,56,False,1,KLXMTS,3,52,2,2
210,81441,Mark Gillespie,0,0,0,0,0.0,488,58,0,0,0.0,0.0,2020-10-25T16:30:00Z,0,39,0,0,0,0,6,0,6601,1,1,0.0,0,-204,208,412,45,False,0,KLSPMRK,1,43,4,0
211,83427,Jack Robinson,0,0,0,0,0.0,352,54,0,0,0.0,0.0,2020-10-24T19:00:00Z,0,14,0,0,0,0,6,0,13870,1,2,0.0,0,381,1909,1528,44,False,0,JKRPNSN,2,42,49,0
212,59949,Seamus Coleman,0,0,0,0,0.0,152,56,0,0,0.0,0.0,2020-10-25T14:00:00Z,0,20,0,0,0,0,6,0,115234,0,2,0.0,0,-43621,1108,44729,50,False,0,KLMNSMS,2,49,11,0
213,466955,Brandon Pierrick,0,0,0,0,0.0,147,53,0,0,0.0,0.0,2020-10-24T14:00:00Z,0,54,0,0,0,0,6,0,8764,2,1,0.0,0,791,1643,852,44,False,0,PRNTNPRK,3,43,31,0
214,146426,Oluwasemilogo Adesewo Ibidapo Ajayi,0,0,13,0,0.6,419,51,1,0,1.7,16.6,2020-10-26T17:30:00Z,90,36,0,0,0,0,6,0,13702,1,1,0.0,2,-1164,279,1443,49,False,0,ATSJPTPLSMLK,2,48,35,1
215,153723,John Lundstram,0,0,10,0,21.5,355,54,2,0,2.7,5.8,2020-10-24T19:00:00Z,75,14,0,0,0,0,6,0,308151,1,2,0.0,1,-60979,830,61809,53,False,1,JNLNTSTRM,3,48,49,1
216,153256,Mohamed Naser El Sayed Elneny,0,0,0,0,0.0,526,49,0,0,0.0,0.0,2020-10-25T19:15:00Z,0,13,0,0,0,0,6,0,106534,1,0,0.0,0,-3370,10509,13879,44,True,0,ALLNNMHMTNSRST,3,42,3,3
217,86881,Nampalys Mendy,0,0,14,1,3.6,518,49,0,0,1.2,8.6,2020-10-25T19:15:00Z,90,3,0,0,0,0,6,0,227833,1,0,0.0,3,3074,24367,21293,45,False,0,MNTNMPLS,3,42,13,2
218,47247,John Fleck,0,0,0,0,0.0,346,54,0,0,0.0,0.0,2020-10-24T19:00:00Z,0,14,0,0,0,0,6,0,12826,1,2,0.0,0,-4432,54,4486,57,False,0,FLKJN,3,56,49,0
219,78356,Charlie Austin,0,0,0,0,0.0,415,51,0,0,0.0,0.0,2020-10-26T17:30:00Z,0,36,0,0,0,0,6,0,19513,1,1,0.0,0,-1847,1215,3062,52,False,0,ASTNXRL,4,51,35,0
220,39487,Erik Pieters,0,0,0,0,0.0,83,52,0,0,0.0,0.0,2020-10-26T20:00:00Z,0,6,0,0,0,0,6,0,45235,1,0,0.0,0,-5362,868,6230,44,True,0,ARKPTRS,2,43,90,0
221,200641,Reiss Nelson,0,0,0,0,0.0,21,49,0,0,0.0,0.0,2020-10-25T19:15:00Z,0,13,0,0,0,0,6,0,3655,1,0,0.0,0,-317,43,360,52,True,0,NLSNRS,3,51,3,0
222,44699,Ashley Barnes,0,0,2,0,13.8,87,52,1,0,3.3,1.8,2020-10-26T20:00:00Z,88,6,0,0,0,0,6,0,8402,1,0,17.0,2,1,1062,1061,60,True,0,AXLPRNS,4,60,90,2
223,203341,Wilfred Ndidi,0,0,0,0,0.0,236,49,0,0,0.0,0.0,2020-10-25T19:15:00Z,0,3,0,0,0,0,6,0,51222,1,0,0.0,0,-6343,118,6461,49,False,0,NTTLFRT,3,48,13,0
224,67089,Martin Dubravka,0,0,0,0,0.0,326,58,0,0,0.0,0.0,2020-10-25T16:30:00Z,0,39,0,0,0,0,6,0,15081,1,1,0.0,0,-919,98,1017,49,False,0,TPRFKMRTN,1,48,4,0
225,200402,NÃÂ©lson Cabral Semedo,0,0,13,0,28.3,546,58,1,0,4.7,16.8,2020-10-25T16:30:00Z,90,4,0,0,0,0,6,0,159417,1,1,2.0,2,29411,39596,10185,55,True,0,KPRLNLSNSMT,2,51,39,8
226,80226,Serge Aurier,0,0,0,0,0.0,389,52,0,0,0.0,0.0,2020-10-26T20:00:00Z,0,90,0,0,0,0,6,0,195046,1,0,0.0,0,14852,31700,16848,52,False,0,ARRSRJ,2,52,6,0
227,60551,Ashley Westwood,0,0,17,0,50.9,89,52,1,0,8.3,17.2,2020-10-26T20:00:00Z,90,6,0,0,0,0,6,0,40901,1,0,15.0,2,-3487,805,4292,54,True,0,AXLSTT,3,53,90,2
228,198869,Ben White,0,0,12,0,1.8,74,51,1,0,1.6,12.0,2020-10-26T17:30:00Z,90,35,0,0,0,0,6,0,101629,1,1,2.0,2,-1281,4856,6137,45,True,0,PNT,2,45,36,1
229,100649,Bernard AnÃÂ­cio Caldeira Duarte,0,0,3,0,27.0,154,56,0,0,4.5,14.0,2020-10-25T14:00:00Z,45,20,0,0,0,0,6,0,8416,0,2,4.0,0,-455,295,750,58,False,1,ANSPRNRTKLTRTRT,3,57,11,1
230,82691,George Baldock,0,0,16,0,21.4,351,54,2,0,5.7,15.4,2020-10-24T19:00:00Z,90,14,0,0,0,0,6,0,173191,1,2,20.0,1,-27082,1266,28348,54,False,0,PLTKJRJ,2,49,49,2
231,109434,Terence Kongolo,0,0,0,0,0.0,585,53,0,0,0.0,0.0,2020-10-24T14:00:00Z,0,31,0,0,0,0,6,0,57,2,1,0.0,0,20,38,18,45,True,0,KNKLTRNS,2,43,54,0
232,209362,Bernardo Fernandes da Silva Junior,0,0,0,0,0.0,75,51,0,0,0.0,0.0,2020-10-26T17:30:00Z,0,35,0,0,0,0,6,0,623688,1,1,0.0,0,-31149,14584,45733,40,True,0,PRNRTTFRNNTSJNRSLF,2,39,36,1
233,171317,RÃÂºben Diogo da Silva Neves,0,0,11,1,25.8,466,58,0,0,4.0,12.2,2020-10-25T16:30:00Z,82,4,0,0,0,0,6,0,122290,1,1,2.0,3,-10961,1811,12772,54,True,0,TTKNFSRPNSLF,3,51,39,3
234,131897,Mathew Ryan,0,0,14,0,0.3,70,51,1,0,1.3,12.2,2020-10-26T17:30:00Z,90,35,0,0,0,0,6,2,1140776,1,1,0.0,2,-40165,24877,65042,45,True,0,M0RN,1,41,3,0
235,51927,Ben Mee,0,0,0,0,0.0,88,52,0,0,0.0,0.0,2020-10-26T20:00:00Z,0,6,0,0,0,0,6,0,11337,1,0,0.0,0,-987,35,1022,49,True,0,PNM,2,47,90,0
236,213482,Yan Valery,0,0,0,0,0.0,378,56,0,0,0.0,0.0,2020-10-25T14:00:00Z,0,11,0,0,0,0,6,0,4936,0,2,0.0,0,-245,113,358,48,True,0,FLRN,2,47,20,0
237,36903,Gareth Bale,0,0,0,0,0.0,543,52,0,0,0.0,0.0,2020-10-26T20:00:00Z,0,90,0,0,0,0,6,0,92798,1,0,0.0,0,23627,35366,11739,95,False,0,PLKR0,3,92,6,9
238,206325,Oleksandr Zinchenko,0,0,3,0,1.2,283,57,0,0,0.2,0.4,2020-10-24T11:30:00Z,12,21,0,0,0,0,6,0,16380,1,1,0.0,1,-747,342,1089,55,False,0,ALKSNTRSNXNK,2,55,43,0
239,88894,Ross Barkley,0,0,13,0,46.7,106,50,3,0,8.3,20.2,2020-10-23T19:00:00Z,90,2,0,0,0,0,6,0,303908,3,0,16.0,2,198243,214128,15885,60,True,0,PRKLRS,3,58,7,2
240,74208,Paul Pogba,0,0,11,0,8.3,296,55,0,0,3.1,5.0,2020-10-24T16:30:00Z,32,8,0,0,0,0,6,0,100931,0,0,18.0,1,-5800,6039,11839,78,True,0,PLPKP,3,76,1,2
241,153682,Harry Wilson,0,0,0,0,0.0,257,54,0,0,0.0,0.0,2020-10-24T19:00:00Z,0,49,0,0,0,0,6,0,2778,1,2,0.0,0,-646,12,658,52,True,0,HRLSN,3,51,14,0
242,164555,Vladimir Coufal,1,3,23,0,14.8,558,57,1,0,5.0,35.2,2020-10-24T11:30:00Z,90,43,0,0,0,0,6,0,12331,1,1,0.0,7,2177,3512,1335,45,True,1,KFLFLTMR,2,48,21,1
243,203389,Nathan Tella,0,0,0,0,0.0,524,56,0,0,0.0,0.0,2020-10-25T14:00:00Z,0,11,0,0,0,0,6,0,22874,0,2,0.0,0,-1067,476,1543,45,True,0,N0NTL,3,43,20,0
244,49262,Jason Steele,0,0,0,0,0.0,528,51,0,0,0.0,0.0,2020-10-26T17:30:00Z,0,35,0,0,0,0,6,0,56160,1,1,0.0,0,6032,8101,2069,40,True,0,JSNSTL,1,39,36,0
245,85955,Jorge Luiz Frello Filho,0,0,14,1,2.3,105,55,0,0,0.6,2.2,2020-10-24T16:30:00Z,90,1,0,0,0,0,6,0,923955,0,0,1.0,3,140287,189777,49490,52,False,0,FLFRLJRJLS,3,47,8,1
246,41823,Fabian Delph,0,0,9,0,1.9,149,56,0,0,0.6,4.4,2020-10-25T14:00:00Z,32,20,0,0,0,0,6,0,3545,0,2,0.0,1,-154,200,354,49,False,0,TLFFPN,3,48,11,2
247,181008,Albian Ajeti,0,0,0,0,0.0,447,57,0,0,0.0,0.0,2020-10-24T11:30:00Z,0,43,0,0,0,0,6,0,560,1,1,0.0,0,22,67,45,55,True,0,AJTLPN,4,55,21,0
248,108156,Bjorn Engels,0,0,0,0,0.0,36,50,0,0,0.0,0.0,2020-10-23T19:00:00Z,0,2,0,0,0,0,6,0,5700,3,0,0.0,0,-97,166,263,44,True,0,PJRNNJLS,2,44,7,0
249,61739,Maxime Le Marchand,0,0,0,0,0.0,173,53,0,0,0.0,0.0,2020-10-24T14:00:00Z,0,31,0,0,0,0,6,0,7089,2,1,0.0,0,-239,442,681,43,True,0,LMRXNTMKSM,2,41,54,0
250,111773,Emil Krafth,0,0,0,0,0.0,333,58,0,0,0.0,0.0,2020-10-25T16:30:00Z,0,39,0,0,0,0,6,0,5293,1,1,0.0,0,133,501,368,44,False,0,AMLKRF0,2,42,4,0
251,428610,Bruno AndrÃÂ© Cavaco Jordao,0,0,0,0,0.0,475,58,0,0,0.0,0.0,2020-10-25T16:30:00Z,0,4,0,0,0,0,6,0,23330,1,1,0.0,0,-899,1807,2706,44,True,0,ANTRPRNKFKJRT,3,43,39,0
252,40564,Henri Lansbury,0,0,0,0,0.0,30,50,0,0,0.0,0.0,2020-10-23T19:00:00Z,0,2,0,0,0,0,6,0,13756,3,0,0.0,0,-1089,889,1978,44,True,0,HNRLNSPR,3,43,7,0
253,148508,Mahmoud Ahmed Ibrahim Hassan,0,0,4,0,11.2,40,50,1,0,2.4,3.2,2020-10-23T19:00:00Z,65,2,0,0,0,0,6,0,76692,3,0,10.0,2,-1846,6231,8077,54,True,0,AMTSNPRHMMMT,3,52,7,2
254,126187,Ruben Loftus-Cheek,0,0,12,0,6.7,115,53,2,0,1.7,5.8,2020-10-24T14:00:00Z,73,31,0,0,0,0,6,0,13900,2,1,4.0,2,797,1868,1071,59,True,0,XKLFTSRPN,3,59,54,0
255,172649,Dean Henderson,0,0,0,0,0.0,305,55,0,0,0.0,0.0,2020-10-24T16:30:00Z,0,8,0,0,0,0,6,0,129776,0,0,0.0,0,-8250,501,8751,54,True,0,TNNTRSN,1,52,1,0
256,151086,Mario Lemina,0,0,11,0,5.9,493,53,2,0,1.7,11.0,2020-10-24T14:00:00Z,78,31,0,0,0,0,6,0,36144,2,1,0.0,2,-3562,867,4429,45,True,0,LMNMR,3,45,54,1
257,85971,Heung-Min Son,0,3,30,1,9.4,390,52,0,1,10.7,36.2,2020-10-26T20:00:00Z,90,90,0,0,0,0,6,0,3897415,1,0,61.0,11,746754,764606,17852,94,False,0,HNKMNSN,3,96,6,2
258,171771,Jan Bednarek,0,0,27,1,0.0,376,56,0,0,2.1,18.6,2020-10-25T14:00:00Z,90,11,0,0,0,0,6,0,152499,0,2,2.0,6,-5949,5411,11360,45,True,0,PTNRKJN,2,47,20,1
259,84939,Danny Ings,2,2,30,1,29.8,366,56,0,0,8.4,46.4,2020-10-25T14:00:00Z,90,11,0,0,0,0,6,0,1309954,0,2,8.0,10,-27129,83833,110962,85,True,0,TNNKS,4,84,20,6
260,455084,Leif Davis,0,0,0,0,0.0,214,50,0,0,0.0,0.0,2020-10-23T19:00:00Z,0,7,0,0,0,0,6,0,100377,3,0,0.0,0,4355,11160,6805,40,False,0,TFSLF,2,38,2,0
261,57913,Barry Douglas,0,0,0,0,0.0,196,50,0,0,0.0,0.0,2020-10-23T19:00:00Z,0,7,0,0,0,0,6,0,532762,3,0,0.0,0,-81827,23406,105233,39,False,0,PRTKLS,2,38,2,0
262,17997,Phil Bardsley,0,0,0,0,0.0,82,52,0,0,0.0,0.0,2020-10-26T20:00:00Z,0,6,0,0,0,0,6,0,27153,1,0,0.0,0,-6408,183,6591,45,True,0,PRTSLFL,2,44,90,0
263,20310,Willy Caballero,0,0,0,0,0.0,101,55,0,0,0.0,0.0,2020-10-24T16:30:00Z,0,1,0,0,0,0,6,0,19249,0,0,0.0,0,-1185,262,1447,48,False,0,KPLRL,1,46,8,0
264,432656,Eric Garcia,0,0,16,0,6.8,288,57,1,0,3.0,22.4,2020-10-24T11:30:00Z,90,21,0,0,0,0,6,0,15323,1,1,1.0,2,-266,1050,1316,48,False,0,ARKRS,2,47,43,0
265,149484,Tyrone Mings,0,0,11,0,10.6,41,50,3,0,2.2,11.4,2020-10-23T19:00:00Z,90,2,0,0,0,0,6,0,750216,3,0,0.0,0,297802,320289,22487,52,True,1,MNKSTRN,2,54,7,6
266,96994,Bobby Decordova-Reid,0,0,1,0,0.4,181,53,0,0,0.0,0.0,2020-10-24T14:00:00Z,16,31,0,0,0,0,6,0,9575,2,1,0.0,1,-826,992,1818,54,True,0,PPTKRTFRT,4,53,54,7
267,51090,Thiago Thiago,0,1,29,1,0.7,490,55,0,0,3.4,33.2,2020-10-24T16:30:00Z,90,1,0,0,0,0,6,0,145137,0,0,0.0,7,-16061,5500,21561,55,False,0,0K0K,2,56,8,6
268,83312,Ben Gibson,0,0,0,0,0.0,94,52,0,0,0.0,0.0,2020-10-26T20:00:00Z,0,6,0,0,0,0,6,0,12375,1,0,0.0,0,-907,170,1077,40,True,0,PNJPSN,2,39,90,0
269,40784,Mamadou Sakho,0,0,5,0,0.0,127,53,1,0,0.3,3.0,2020-10-24T14:00:00Z,5,54,0,0,0,0,6,0,22186,2,1,0.0,1,-576,2330,2906,45,False,0,MMTSK,2,44,31,0
270,149266,Alfie Mawson,0,0,0,0,0.0,185,53,0,0,0.0,0.0,2020-10-24T14:00:00Z,0,31,0,0,0,0,6,0,782,2,1,0.0,0,-36,19,55,44,True,0,ALFMSN,2,43,54,0
271,180135,Sean Longstaff,0,0,3,0,0.6,480,58,1,0,0.2,1.0,2020-10-25T16:30:00Z,11,39,0,0,0,0,6,0,5945,1,1,0.0,1,-315,280,595,48,False,0,LNKSTFSN,3,46,4,2
272,39790,Francisco Casilla CortÃÂ©s,0,0,0,0,0.0,194,50,0,0,0.0,0.0,2020-10-23T19:00:00Z,0,7,0,0,0,0,6,0,88664,3,0,0.0,0,-5619,1672,7291,43,False,0,KSLKRTSFRNSSK,1,41,2,0
273,94245,Michy Batshuayi,1,0,19,0,11.0,108,53,1,0,10.6,35.4,2020-10-24T14:00:00Z,90,54,0,0,0,0,6,0,59327,2,1,60.0,5,5365,9921,4556,58,False,0,PTXMX,4,57,31,2
274,153133,Alex Iwobi,0,0,6,0,1.2,159,56,2,0,3.0,4.4,2020-10-25T14:00:00Z,45,20,0,0,0,0,6,0,12424,0,2,24.0,1,344,1532,1188,59,False,0,ALKSP,3,59,11,4
275,50093,David Button,0,0,0,0,0.0,56,51,0,0,0.0,0.0,2020-10-26T17:30:00Z,0,36,0,0,0,0,6,0,346595,1,1,0.0,0,5914,16547,10633,40,False,0,PTNTFT,1,39,35,0
276,72681,Denis Odoi,0,0,0,0,0.0,525,53,0,0,0.0,0.0,2020-10-24T14:00:00Z,0,31,0,0,0,0,6,0,5406,2,1,0.0,0,-380,243,623,44,True,0,TNST,2,42,54,0
277,219352,Ademola Lookman,0,0,-1,0,22.0,557,53,2,0,7.2,9.0,2020-10-24T14:00:00Z,90,31,0,0,0,0,6,0,26493,2,1,41.0,2,21516,24877,3361,50,True,0,ATMLLKMN,3,47,54,2
278,219961,Raphael Dias Belloli,0,0,2,0,0.8,570,50,0,0,0.4,0.0,2020-10-23T19:00:00Z,7,7,0,0,0,0,6,0,3339,3,0,4.0,1,607,1131,524,55,False,0,PLLTSRFL,3,56,2,0
279,119765,Allan Marques Loureiro,0,0,13,0,1.6,502,56,2,0,1.7,15.0,2020-10-25T14:00:00Z,90,20,0,0,0,0,6,0,80639,0,2,0.0,2,-3591,3433,7024,54,False,0,ALNLRRMRKS,3,52,11,1
280,107265,Angus Gunn,0,0,0,0,0.0,371,56,0,0,0.0,0.0,2020-10-25T14:00:00Z,0,11,0,0,0,0,6,0,14618,0,2,0.0,0,-2376,31,2407,44,True,0,ANKSKN,1,43,20,0
281,104953,Christian Atsu,0,0,0,0,0.0,330,58,0,0,0.0,0.0,2020-10-25T16:30:00Z,0,39,0,0,0,0,6,0,3714,1,1,0.0,0,-515,51,566,53,False,0,ATSXRSXN,3,52,4,0
282,242166,Matteo Guendouzi,0,0,0,0,0.0,25,49,0,0,0.0,0.0,2020-10-25T19:15:00Z,0,13,0,0,0,0,6,0,6519,1,0,0.0,0,-1051,39,1090,48,True,0,KNTSMT,3,47,3,0
283,62974,Erik Lamela,0,0,8,0,25.6,387,52,0,0,6.0,13.6,2020-10-26T20:00:00Z,33,90,0,0,0,0,6,0,12875,1,0,21.0,1,-2437,557,2994,59,False,0,ARKLML,3,57,6,2
284,170137,Allan Saint-Maximin,0,0,10,1,13.1,338,58,0,0,4.0,17.6,2020-10-25T16:30:00Z,78,39,0,0,0,0,6,0,519419,1,1,9.0,3,-6393,42070,48463,53,False,0,ALNMKSMNSNT,3,52,4,3
285,166477,Timothy Castagne,0,0,22,1,11.4,498,49,0,0,3.1,17.2,2020-10-25T19:15:00Z,90,3,0,0,0,0,6,0,1500321,1,0,2.0,6,11055,115705,104650,58,False,0,KSTNTM0,2,58,13,0
286,195774,Gedson Carvalho Fernandes,0,0,0,0,0.0,401,52,0,0,0.0,0.0,2020-10-26T20:00:00Z,0,90,0,0,0,0,6,0,5724,1,0,0.0,0,-256,180,436,48,False,0,KRFLFRNNTSJTSN,3,47,6,0
287,95715,Lucas Rodrigues Moura da Silva,0,0,1,0,11.7,392,52,0,0,1.7,1.4,2020-10-26T20:00:00Z,56,90,0,0,0,0,6,0,121630,1,0,4.0,1,-16147,4169,20316,69,False,0,TLKSMRRTRKSSLF,3,64,6,0
288,221272,Sam Woods,0,0,0,0,0.0,522,53,0,0,0.0,0.0,2020-10-24T14:00:00Z,0,54,0,0,0,0,6,0,52004,2,1,0.0,0,9346,12877,3531,40,False,0,SMTS,2,40,31,0
289,179018,Miguel AlmirÃÂ³n,0,0,11,0,13.1,339,58,1,0,5.6,25.0,2020-10-25T16:30:00Z,90,39,0,0,0,0,6,0,34882,1,1,18.0,1,-4946,371,5317,58,False,1,ALMRNMKL,3,56,4,3
290,19194,David Martin,0,0,0,0,0.0,429,57,0,0,0.0,0.0,2020-10-24T11:30:00Z,0,43,0,0,0,0,6,0,544952,1,1,0.0,0,11269,26575,15306,40,True,0,TFTMRTN,1,39,21,0
291,78830,Harry Kane,1,0,17,1,12.3,388,52,0,0,6.9,20.6,2020-10-26T20:00:00Z,90,90,0,0,0,0,6,0,2874709,1,0,36.0,5,765946,783764,17818,108,False,0,HRKN,4,119,6,6
292,155569,Daniel Amartey,0,0,0,0,0.0,227,49,0,0,0.0,0.0,2020-10-25T19:15:00Z,0,3,0,0,0,0,6,0,83238,1,0,0.0,0,-10903,652,11555,40,False,0,AMRTTNL,2,39,13,0
293,122806,John McGinn,0,0,6,0,0.9,38,50,3,0,1.1,2.2,2020-10-23T19:00:00Z,90,2,0,0,0,0,6,0,189102,3,0,8.0,2,84413,100045,15632,55,True,0,JNMKN,3,55,7,2
294,244856,Teden Mengi,0,0,0,0,0.0,319,55,0,0,0.0,0.0,2020-10-24T16:30:00Z,0,8,0,0,0,0,6,0,47533,0,0,0.0,0,-1471,1597,3068,40,True,0,MNJTTN,2,39,1,0
295,106618,Paul Dummett,0,0,0,0,0.0,331,58,0,0,0.0,0.0,2020-10-25T16:30:00Z,0,39,0,0,0,0,6,0,1085,1,1,0.0,0,-62,8,70,44,False,0,TMTPL,2,44,4,0
296,102826,Benjamin Mendy,0,0,0,0,0.0,274,57,0,0,0.0,0.0,2020-10-24T11:30:00Z,0,21,0,0,0,0,6,0,97846,1,1,0.0,0,-23118,595,23713,60,False,0,PNJMNMNT,2,59,43,0
297,40720,Edinson Cavani,0,0,2,0,0.0,569,55,0,0,2.4,0.0,2020-10-24T16:30:00Z,32,8,0,0,0,0,6,0,35601,0,0,24.0,1,7765,14726,6961,80,True,0,KFNTNSN,4,80,1,1
298,55037,Cheikhou KouyatÃÂ©,0,0,16,0,0.3,133,53,1,0,2.1,20.4,2020-10-24T14:00:00Z,90,54,0,0,0,0,6,0,52322,2,1,0.0,2,52,7051,6999,50,False,0,XKKT,3,48,31,2
299,234908,Juan Foyth,0,0,0,0,0.0,406,52,0,0,0.0,0.0,2020-10-26T20:00:00Z,0,90,0,0,0,0,6,0,6318,1,0,0.0,0,-1010,12,1022,44,False,0,F0JN,2,43,6,0
300,184341,Mason Mount,0,0,3,0,4.2,120,55,0,0,1.2,7.4,2020-10-24T16:30:00Z,18,1,0,0,0,0,6,0,406053,0,0,0.0,1,-62513,13121,75634,69,False,0,MSNMNT,3,73,8,6
301,55909,Chris Smalling,0,0,0,0,0.0,292,55,0,0,0.0,0.0,2020-10-24T16:30:00Z,0,8,0,0,0,0,6,0,8314,0,0,0.0,0,-1200,23,1223,49,True,0,KRSSMLNK,2,49,1,0
302,121160,Ederson Santana de Moraes,0,0,10,0,0.0,278,57,1,0,0.8,7.8,2020-10-24T11:30:00Z,90,21,0,0,0,0,6,1,441355,1,1,0.0,2,26158,40606,14448,60,False,0,TTRSNMRSSNTN,1,61,43,6
303,50471,James McArthur,0,0,0,0,0.0,130,53,0,0,0.0,0.0,2020-10-24T14:00:00Z,0,54,0,0,0,0,6,0,11436,2,1,0.0,0,-877,242,1119,54,False,0,JMSMKR0R,3,52,31,0
304,116216,Leandro Trossard,0,0,11,1,4.7,69,51,0,0,2.8,9.2,2020-10-26T17:30:00Z,78,35,0,0,0,0,6,0,175554,1,1,14.0,3,1052,25479,24427,60,True,0,LNTRTRSRT,3,55,36,2
305,194634,Diogo Jota,0,2,32,0,4.0,468,54,1,1,6.2,37.2,2020-10-24T19:00:00Z,82,49,0,0,0,0,6,0,118661,1,2,21.0,9,-21118,6886,28004,63,True,0,TKJT,3,69,14,8
306,222018,Ben Johnson,0,0,0,0,0.0,452,57,0,0,0.0,0.0,2020-10-24T11:30:00Z,0,43,0,0,0,0,6,0,159862,1,1,0.0,0,-6573,9017,15590,40,True,0,PNJNSN,2,39,21,0
307,167878,Ben Osborn,0,0,12,0,5.3,356,54,2,0,3.9,14.6,2020-10-24T19:00:00Z,90,14,0,0,0,0,6,0,2270,1,2,19.0,2,-149,53,202,49,False,0,PNSPRN,3,47,49,1
308,93284,Florin Andone,0,0,0,0,0.0,64,51,0,0,0.0,0.0,2020-10-26T17:30:00Z,0,35,0,0,0,0,6,0,7191,1,1,0.0,0,-754,130,884,48,True,0,ANTNFLRN,4,48,36,0
309,108813,Christian Walton,0,0,0,0,0.0,503,51,0,0,0.0,0.0,2020-10-26T17:30:00Z,0,35,0,0,0,0,6,0,89200,1,1,0.0,0,-946,3506,4452,40,True,0,KRSXNLTN,1,40,36,0
310,183015,Cedric Kipre,0,0,0,0,0.0,499,51,0,0,0.0,0.0,2020-10-26T17:30:00Z,0,36,0,0,0,0,6,0,3780,1,1,0.0,0,-156,67,223,44,False,0,STRKKPR,2,43,35,0
311,220566,Rodrigo Hernandez,0,0,17,0,27.5,286,57,1,0,5.8,21.2,2020-10-24T11:30:00Z,90,21,0,0,0,0,6,0,35264,1,1,9.0,2,-1453,1982,3435,54,False,0,HRNNTSRTRK,3,53,43,3
312,18987,Robert Snodgrass,0,0,0,0,0.0,428,57,0,0,0.0,0.0,2020-10-24T11:30:00Z,0,43,0,0,0,0,6,0,6138,1,1,0.0,0,-316,106,422,58,True,0,RPRTSNTKRS,3,56,35,0
313,135363,Andreas Christensen,0,0,0,0,0.0,116,55,0,0,0.0,0.0,2020-10-24T16:30:00Z,0,1,0,0,0,0,6,0,20647,0,0,0.0,0,-697,823,1520,49,False,0,ANTRSXRSTNSN,2,47,8,0
314,194252,Steven Bergwijn,0,0,0,0,0.0,400,52,0,0,0.0,0.0,2020-10-26T20:00:00Z,0,90,0,0,0,0,6,0,29511,1,0,0.0,0,-1878,850,2728,71,False,0,PRKNSTFN,3,70,6,0
315,232792,Tariq Lamptey,0,0,1,0,2.3,77,51,1,0,2.0,12.0,2020-10-26T17:30:00Z,90,35,0,0,0,0,6,0,833490,1,1,6.0,1,88416,115150,26734,47,True,1,LMPTTRK,2,46,36,9
316,193645,Robin Koch,0,2,29,1,0.3,491,50,0,0,2.1,16.2,2020-10-23T19:00:00Z,90,7,0,0,0,0,6,0,46458,3,0,4.0,8,1282,4124,2842,45,False,0,KXRPN,2,43,2,0
317,449988,Fabio Silva,0,0,0,0,0.0,504,58,0,0,0.0,0.0,2020-10-25T16:30:00Z,0,4,0,0,0,0,6,0,47292,1,1,0.0,0,-4447,1840,6287,53,True,0,FPSLF,4,52,39,1
318,122074,Marcus Bettinelli,0,0,0,0,0.0,183,53,0,0,0.0,0.0,2020-10-24T14:00:00Z,0,31,0,0,0,0,6,0,2988,2,1,0.0,0,-238,33,271,44,True,0,PTNLMRKS,1,43,54,0
319,111291,Fernando MarÃÂ§al,0,0,3,0,11.0,505,58,1,0,2.3,2.0,2020-10-25T16:30:00Z,22,4,0,0,0,0,6,0,13505,1,1,10.0,1,-277,1271,1548,49,True,0,FRNNTMRL,2,47,39,0
320,41328,CÃÂ©sar Azpilicueta,0,0,24,1,2.0,102,55,0,0,1.8,16.4,2020-10-24T16:30:00Z,90,1,0,0,0,0,6,0,298787,0,0,0.0,6,-18206,6710,24916,59,False,0,ASPLKTKSR,2,58,8,0
321,174874,Joachim Andersen,0,0,0,0,0.0,571,53,0,0,0.0,0.0,2020-10-24T14:00:00Z,0,31,0,0,0,0,6,0,181,2,1,0.0,0,-47,20,67,45,True,0,ANTRSNJXM,2,45,54,6
322,169359,Matt Targett,0,0,8,0,1.5,42,50,3,0,3.7,13.6,2020-10-23T19:00:00Z,90,2,0,0,0,0,6,0,125979,3,0,22.0,1,41958,51096,9138,45,True,0,MTTRKT,2,50,7,0
323,60689,Chris Wood,0,0,3,0,13.8,91,52,1,0,5.3,6.6,2020-10-26T20:00:00Z,90,6,0,0,0,0,6,0,98206,1,0,33.0,2,-20725,1722,22447,64,True,0,KRST,4,66,90,2
324,98747,Nick Pope,0,0,15,0,0.0,96,52,1,0,2.0,19.6,2020-10-26T20:00:00Z,90,6,0,0,0,0,6,2,857512,1,0,0.0,2,-44720,11102,55822,55,True,0,NKPP,1,55,90,3
325,200600,Daniel Castelo Podence,0,0,12,1,25.8,469,58,0,0,7.1,11.2,2020-10-25T16:30:00Z,67,4,0,0,0,0,6,0,288945,1,1,34.0,3,-32379,15334,47713,55,True,0,KSTLTNLPTNS,3,53,39,8
326,171287,Joseph Gomez,0,0,18,0,0.7,260,54,1,0,3.1,30.6,2020-10-24T19:00:00Z,90,49,0,0,0,0,6,0,202206,1,2,0.0,2,19996,33204,13208,54,True,0,KMSJSF,2,52,14,2
327,198849,Lucas Torreira,0,0,0,0,0.0,19,49,0,0,0.0,0.0,2020-10-25T19:15:00Z,0,13,0,0,0,0,6,0,8988,1,0,0.0,0,-1479,93,1572,48,True,0,LKSTRR,3,47,3,0
328,113534,Matt Macey,0,0,0,0,0.0,527,49,0,0,0.0,0.0,2020-10-25T19:15:00Z,0,13,0,0,0,0,6,0,88839,1,0,0.0,0,12424,16482,4058,40,True,0,MSMT,1,40,3,0
329,50229,Matt Phillips,0,0,0,0,0.3,411,51,0,0,0.0,0.0,2020-10-26T17:30:00Z,6,36,0,0,0,0,6,0,3802,1,1,0.0,1,-363,171,534,52,False,0,MTFLPS,3,51,35,1
330,19188,Scott Dann,0,0,13,0,0.3,486,53,1,0,1.9,18.6,2020-10-24T14:00:00Z,90,54,0,0,0,0,6,0,50647,2,1,0.0,2,-3249,568,3817,45,False,0,TNSKT,2,42,31,1
331,154043,Ainsley Maitland-Niles,0,0,0,0,0.0,15,49,0,0,0.0,0.0,2020-10-25T19:15:00Z,0,13,0,0,0,0,6,0,97620,1,0,0.0,0,-11089,1972,13061,49,True,0,ANSLMTLNTNLS,2,46,35,1
332,42427,Kieran Gibbs,0,0,0,0,0.0,407,51,0,0,0.0,0.0,2020-10-26T17:30:00Z,0,36,0,0,0,0,6,0,20106,1,1,0.0,0,-1264,557,1821,44,False,0,KPSKRN,2,43,35,0
333,68312,Xherdan Shaqiri,0,0,0,0,0.0,247,54,0,0,0.0,0.0,2020-10-24T19:00:00Z,0,49,0,0,0,0,6,0,3716,1,2,0.0,0,-58,182,240,64,True,0,XKRKSRTN,3,64,14,4
334,87873,Stuart Dallas,0,0,24,1,13.3,200,50,0,0,5.1,19.8,2020-10-23T19:00:00Z,90,7,0,0,0,0,6,0,406653,3,0,18.0,6,-2536,25860,28396,45,False,0,TLSSTRT,2,55,2,6
335,243016,Alexis Mac Allister,0,0,4,0,0.9,80,51,1,0,0.7,6.2,2020-10-26T17:30:00Z,20,35,0,0,0,0,6,0,4136,1,1,0.0,1,832,1142,310,53,True,0,ALKSSLSTRMK,3,53,36,1
336,111457,Sead Kolasinac,0,0,0,0,0.0,14,49,0,0,0.0,0.0,2020-10-25T19:15:00Z,0,13,0,0,0,0,6,0,14538,1,0,0.0,0,-1107,299,1406,48,True,0,KLSNKST,2,48,3,0
337,105717,Arthur Masuaku,0,0,7,0,2.4,442,57,1,0,1.6,12.6,2020-10-24T11:30:00Z,90,43,0,0,0,0,6,0,89190,1,1,1.0,2,9361,18911,9550,45,True,0,AR0RMSK,2,43,21,1
338,59125,Connor Wickham,0,0,0,0,0.0,136,53,0,0,0.0,0.0,2020-10-24T14:00:00Z,0,54,0,0,0,0,6,0,54023,2,1,0.0,0,-4378,2189,6567,45,False,0,KNRKM,4,44,31,0
339,151119,DeAndre Yedlin,0,0,0,0,0.0,335,58,0,0,0.0,0.0,2020-10-25T16:30:00Z,0,39,0,0,0,0,6,0,17731,1,1,0.0,0,-1707,74,1781,43,False,0,TNTRTLN,2,43,4,0
340,20529,Glenn Murray,0,0,0,0,0.0,53,51,0,0,0.0,0.0,2020-10-26T17:30:00Z,0,35,0,0,0,0,6,0,8755,1,1,0.0,0,-762,197,959,49,True,0,KLNMR,4,48,36,0
341,40836,Vicente Guaita,0,0,9,0,0.0,128,53,1,0,1.3,13.0,2020-10-24T14:00:00Z,90,54,0,0,0,0,6,2,347005,2,1,0.0,1,-7906,17708,25614,50,False,1,KTFSNT,1,48,31,2
342,106760,Luke Shaw,0,0,19,1,4.9,300,55,0,0,2.1,13.6,2020-10-24T16:30:00Z,90,8,0,0,0,0,6,0,73392,0,0,2.0,5,-10383,1879,12262,49,True,1,LKX,2,55,1,2
343,95463,Danny Ward,0,0,0,0,0.0,223,49,0,0,0.0,0.0,2020-10-25T19:15:00Z,0,3,0,0,0,0,6,0,14717,1,0,0.0,0,-535,179,714,45,False,0,TNRT,1,43,13,0
344,194126,Michael Verrips,0,0,0,0,0.0,580,54,0,0,0.0,0.0,2020-10-24T19:00:00Z,0,14,0,0,0,0,6,0,9500,1,2,0.0,0,6633,7132,499,40,False,0,MKLFRPS,1,40,49,0
345,81880,Alex Oxlade-Chamberlain,0,0,0,0,0.0,248,54,0,0,0.0,0.0,2020-10-24T19:00:00Z,0,49,0,0,0,0,6,0,1831,1,2,0.0,0,-96,56,152,64,True,0,ALKSXMPRLNKSLT,3,63,14,0
346,40383,Fraser Forster,0,0,0,0,0.0,523,56,0,0,0.0,0.0,2020-10-25T14:00:00Z,0,11,0,0,0,0,6,0,231177,0,2,0.0,0,30569,37669,7100,40,True,0,FRSTRFRSR,1,40,20,0
347,45268,Moussa Sissoko,0,0,11,1,2.3,385,52,0,0,0.8,5.6,2020-10-26T20:00:00Z,90,90,0,0,0,0,6,0,30985,1,0,0.0,3,739,3624,2885,48,False,0,MSSSK,3,47,6,2
348,103192,Kurt Zouma,0,3,33,1,11.3,110,55,0,0,4.1,27.8,2020-10-24T16:30:00Z,90,1,0,0,0,0,6,0,290727,0,0,2.0,9,-9060,28838,37898,50,False,0,KRTSM,2,53,8,14
349,194164,Mason Holgate,0,0,0,0,0.0,165,56,0,0,0.0,0.0,2020-10-25T14:00:00Z,0,20,0,0,0,0,6,0,3201,0,2,0.0,0,-265,27,292,49,False,0,HLKTMSN,2,48,11,0
350,42525,Stephen Henderson,0,0,0,0,0.0,578,53,0,0,0.0,0.0,2020-10-24T14:00:00Z,0,54,0,0,0,0,6,0,10197,2,1,0.0,0,7829,8467,638,40,False,0,HNTRSNSTFN,1,40,31,0
351,217487,Mbwana Samatta,0,0,0,0,0.0,49,50,0,0,0.0,0.0,2020-10-23T19:00:00Z,0,2,0,0,0,0,6,0,3407,3,0,0.0,0,-251,12,263,59,True,0,MPNSMT,4,59,7,0
352,152898,Ben Davies,0,0,20,1,4.8,395,52,0,0,1.4,5.6,2020-10-26T20:00:00Z,90,90,0,0,0,0,6,0,84909,1,0,4.0,6,-18840,3016,21856,48,False,0,PNTFS,2,47,14,1
353,115556,Ben Davies,0,0,20,1,4.8,395,52,0,0,1.4,5.6,2020-10-26T20:00:00Z,90,90,0,0,0,0,6,0,84909,1,0,4.0,6,-18840,3016,21856,48,False,0,PNTFS,2,45,6,1
354,200617,Daniel James,0,0,1,0,11.3,311,55,0,0,2.1,3.2,2020-10-24T16:30:00Z,57,8,0,0,0,0,6,0,19108,0,0,6.0,1,-986,475,1461,63,True,0,TNLJMS,3,62,1,0
355,103914,Charlie Taylor,0,0,19,0,13.5,97,52,1,0,3.3,19.6,2020-10-26T20:00:00Z,90,6,0,0,0,0,6,0,265012,1,0,0.0,2,-21597,4335,25932,45,True,0,XRLTLR,2,44,90,1
356,51938,Marc Albrighton,0,0,7,0,10.9,221,49,0,0,1.3,2.4,2020-10-25T19:15:00Z,5,3,0,0,0,0,6,0,9789,1,0,0.0,1,-878,118,996,53,False,0,ALPRTNMRK,3,52,13,2
357,87107,Cyrus Christie,0,0,0,0,0.0,179,53,0,0,0.0,0.0,2020-10-24T14:00:00Z,0,31,0,0,0,0,6,0,3667,2,1,0.0,0,-362,73,435,43,True,0,KRSTSRS,2,42,54,0
358,178304,Lys Mousset,0,0,0,0,0.0,359,54,0,0,0.0,0.0,2020-10-24T19:00:00Z,0,14,0,0,0,0,6,0,6011,1,2,0.0,0,-590,38,628,58,False,0,LSMST,4,58,49,0
359,51940,David de Gea,0,0,22,1,0.0,291,55,0,0,0.9,9.4,2020-10-24T16:30:00Z,90,8,0,0,0,0,6,1,274878,0,0,0.0,6,-7559,8189,15748,55,True,0,TFTTJ,1,53,1,2
360,90585,Willy Boly,0,0,14,0,2.4,458,58,1,0,1.6,13.6,2020-10-25T16:30:00Z,90,4,0,0,0,0,6,0,180790,1,1,0.0,2,7034,16225,9191,55,True,0,PLL,2,54,39,6
361,232787,Conor Gallagher,0,0,9,0,2.9,544,51,1,0,2.8,17.2,2020-10-26T17:30:00Z,90,36,0,0,0,0,6,0,916,1,1,8.0,2,8,116,108,55,False,0,KNRKLKR,3,55,35,1
362,433154,Dwight McNeil,0,0,10,0,12.8,100,52,1,0,2.3,10.0,2020-10-26T20:00:00Z,90,6,0,0,0,0,6,0,39658,1,0,0.0,2,-4340,521,4861,59,True,0,TTMKNL,3,57,90,2
363,155405,Kalvin Phillips,0,0,0,0,0.0,204,50,0,0,0.0,0.0,2020-10-23T19:00:00Z,0,7,0,0,0,0,6,0,160839,3,0,0.0,0,-49893,3044,52937,50,False,0,KLFNFLPS,3,49,2,0
364,178173,Matthew Clarke,0,0,0,0,0.0,73,51,0,0,0.0,0.0,2020-10-26T17:30:00Z,0,35,0,0,0,0,6,0,420,1,1,0.0,0,-29,6,35,44,True,0,KLRKM0,2,44,36,0
365,76357,Tom Cairney,0,2,37,0,68.5,175,53,2,1,15.7,60.0,2020-10-24T14:00:00Z,90,31,0,0,0,0,6,0,9395,2,1,28.0,9,-825,152,977,53,True,0,KRNTM,3,52,54,3
366,179830,Grady Diangana,0,0,3,0,14.2,446,51,1,0,2.2,6.0,2020-10-26T17:30:00Z,62,36,0,0,0,0,6,0,42658,1,1,2.0,2,-5674,1260,6934,55,False,0,TNKNKRT,3,50,35,2
367,60307,Pascal GroÃÂ,0,0,7,0,15.3,57,51,1,0,2.4,8.2,2020-10-26T17:30:00Z,29,35,0,0,0,0,6,0,6782,1,1,0.0,1,-446,143,589,58,True,0,KRPSKL,3,58,36,6
368,247632,Pedro Lomba Neto,0,0,8,0,28.3,474,58,1,0,7.4,8.4,2020-10-25T16:30:00Z,90,4,0,0,0,0,6,0,105534,1,1,37.0,2,7834,19247,11413,55,True,0,LMPNTPTR,3,55,39,7
369,61558,Thiago AlcÃÂ¡ntara do Nascimento,0,0,0,0,0.0,531,54,0,0,0.0,0.0,2020-10-24T19:00:00Z,0,49,0,0,0,0,6,0,135098,1,2,0.0,0,-9675,13627,23302,60,True,0,ALKNTRTNSMNT0K,3,55,14,0
370,220394,Tommy Doyle,0,0,0,0,0.0,285,57,0,0,0.0,0.0,2020-10-24T11:30:00Z,0,21,0,0,0,0,6,0,6508,1,1,0.0,0,-307,219,526,45,False,0,TLTM,3,44,43,0
371,121145,JoÃÂ£o Pedro Cavaco Cancelo,1,0,22,0,25.9,277,57,1,0,7.0,27.8,2020-10-24T11:30:00Z,90,21,0,0,0,0,6,0,46332,1,1,16.0,5,10483,12850,2367,54,False,0,KNSLKFKJPTR,2,58,43,8
372,109745,Kepa Arrizabalaga,0,0,0,0,0.0,112,55,0,0,0.0,0.0,2020-10-24T16:30:00Z,0,1,0,0,0,0,6,0,76694,0,0,0.0,0,-10665,1516,12181,48,False,0,ARSPLKKP,1,47,8,0
373,54102,Jack Wilshere,0,0,0,0,0.0,434,57,0,0,0.0,0.0,2020-10-24T11:30:00Z,0,43,0,0,0,0,6,0,5342,1,1,0.0,0,-795,32,827,49,True,0,JKLXR,3,49,21,0
374,40386,Chris Basham,0,0,7,0,2.8,345,54,2,0,4.7,20.4,2020-10-24T19:00:00Z,90,14,0,0,0,0,6,0,85940,1,2,24.0,1,-8170,1585,9755,49,False,0,PXMXRS,2,46,49,2
375,220598,Michael Obafemi,0,0,0,0,0.0,381,56,0,0,0.0,0.0,2020-10-25T14:00:00Z,0,11,0,0,0,0,6,0,97237,0,2,0.0,0,-7552,4980,12532,48,True,0,MKLPFM,4,46,20,0
376,177815,Dominic Calvert-Lewin,0,0,1,0,4.4,164,56,2,0,1.3,4.6,2020-10-25T14:00:00Z,90,20,0,0,0,0,6,0,4129459,0,2,4.0,1,420514,454325,33811,77,False,1,KLFRTTMNKLN,4,75,11,8
377,159533,Adama TraorÃÂ©,0,0,4,0,10.8,465,58,1,0,1.9,4.2,2020-10-25T16:30:00Z,22,4,0,0,0,0,6,0,749359,1,1,4.0,1,-105668,14567,120235,64,True,0,ATMTRR,3,60,39,1
378,209046,Callum Hudson-Odoi,0,0,0,0,0.0,122,55,0,0,0.0,0.0,2020-10-24T16:30:00Z,0,1,0,0,0,0,6,0,25332,0,0,0.0,0,-4911,908,5819,58,False,0,KLMTSNT,3,57,8,1
379,216054,RÃÂºben GonÃÂ§alo Silva Nascimento Vinagre,0,0,0,0,0.0,471,58,0,0,0.0,0.0,2020-10-25T16:30:00Z,0,4,0,0,0,0,6,0,147249,1,1,0.0,0,-61125,67,61192,43,True,0,KNLNSMNTRPNSLFFNKR,2,41,39,0
380,225321,Aaron Ramsdale,0,0,14,0,0.0,483,54,2,0,2.2,21.8,2020-10-24T19:00:00Z,90,14,0,0,0,0,6,3,266742,1,2,0.0,2,-47258,2333,49591,49,False,0,ARNRMSTL,1,46,49,4
381,111931,Ricardo Domingos Barbosa Pereira,0,0,0,0,0.0,226,49,0,0,0.0,0.0,2020-10-25T19:15:00Z,0,3,0,0,0,0,6,0,6057,1,0,0.0,0,-284,219,503,59,False,0,PRPSTMNKSPRRRKRT,2,59,13,0
382,214225,Joe Rodon,0,0,3,0,0.0,584,52,0,0,0.0,0.0,2020-10-26T20:00:00Z,1,90,0,0,0,0,6,0,259,1,0,0.0,1,165,198,33,50,False,0,JRTN,2,49,6,0
383,88900,Jack Stephens,0,0,0,0,0.0,367,56,0,0,0.0,0.0,2020-10-25T14:00:00Z,0,11,0,0,0,0,6,0,17934,0,2,0.0,0,-2053,174,2227,48,True,0,JKSTFNS,2,46,20,0
384,173807,Tom Davies,0,0,0,0,0.0,163,56,0,0,0.0,0.0,2020-10-25T14:00:00Z,0,20,0,0,0,0,6,0,7715,0,2,0.0,0,-543,196,739,54,False,0,TFSTM,3,52,11,0
385,199796,Matthew Cash,0,0,8,0,1.3,496,50,3,0,2.3,19.2,2020-10-23T19:00:00Z,90,2,0,0,0,0,6,0,52526,3,0,2.0,1,9994,13112,3118,50,True,0,KXM0,2,50,7,-1
386,27436,David McGoldrick,0,0,2,0,13.8,344,54,0,0,2.5,1.4,2020-10-24T19:00:00Z,14,14,0,0,0,0,6,0,49918,1,2,10.0,1,3035,10598,7563,53,False,0,TFTMKLTRK,4,52,49,1
387,17745,Kasper Schmeichel,0,3,29,1,0.0,217,49,0,0,3.6,36.4,2020-10-25T19:15:00Z,90,3,0,0,0,0,6,4,867560,1,0,0.0,10,-49202,12778,61980,55,False,0,KSPRXMXL,1,54,13,3
388,197469,Hamza Choudhury,0,0,0,0,0.0,234,49,0,0,0.0,0.0,2020-10-25T19:15:00Z,0,3,0,0,0,0,6,0,4617,1,0,0.0,0,-242,118,360,49,False,0,XTRMS,3,46,13,0
389,74854,Simon Moore,0,0,0,0,0.0,348,54,0,0,0.0,0.0,2020-10-24T19:00:00Z,0,14,0,0,0,0,6,0,12930,1,2,0.0,0,-1237,136,1373,44,False,0,MRSMN,1,43,49,0
390,222677,Tahith Chong,0,0,0,0,0.0,316,55,0,0,0.0,0.0,2020-10-24T16:30:00Z,0,8,0,0,0,0,6,0,1142,0,0,0.0,0,21,122,101,45,True,0,XNKTH0,3,44,1,0
391,111234,Jordan Pickford,0,0,16,0,0.0,157,56,2,0,2.8,28.4,2020-10-25T14:00:00Z,90,20,0,0,0,0,6,4,614883,0,2,0.0,2,-18760,25171,43931,50,False,0,JRTNPKFRT,1,48,11,0
392,109533,Emerson Palmieri dos Santos,0,0,0,0,0.0,111,55,0,0,0.0,0.0,2020-10-24T16:30:00Z,0,1,0,0,0,0,6,0,11104,0,0,0.0,0,-575,250,825,48,False,0,TSMRSNPLMRSNTS,2,47,8,0
393,244619,Luke Thomas,0,0,0,0,0.0,240,49,0,0,0.0,0.0,2020-10-25T19:15:00Z,0,3,0,0,0,0,6,0,15612,1,0,0.0,0,-881,684,1565,43,False,0,LKTMS,2,41,13,1
394,57145,Federico FernÃÂ¡ndez,0,0,11,0,1.2,323,58,1,0,1.9,17.8,2020-10-25T16:30:00Z,90,39,0,0,0,0,6,0,75073,1,1,0.0,2,-7959,1078,9037,50,False,0,FTRKFRNNTS,2,47,4,3
395,184704,Marvelous Nakamba,0,0,0,0,0.0,44,50,0,0,0.0,0.0,2020-10-23T19:00:00Z,0,2,0,0,0,0,6,0,29308,3,0,0.0,0,-235,2826,3061,44,True,0,MRFLSNKMP,3,43,7,0
396,17761,James Tarkowski,0,0,8,0,0.6,81,52,1,0,6.0,18.8,2020-10-26T20:00:00Z,90,6,0,0,0,0,6,0,196759,1,0,41.0,2,-9799,2562,12361,54,True,0,JMSTRKSK,2,53,90,1
397,196118,Yoshinori Muto,0,0,0,0,0.0,341,58,0,0,0.0,0.0,2020-10-25T16:30:00Z,0,39,0,0,0,0,6,0,9776,1,1,0.0,0,-1061,142,1203,48,False,0,MTXNR,4,48,4,0
398,210407,Matheus Pereira,0,0,9,0,17.0,481,51,1,0,2.9,4.4,2020-10-26T17:30:00Z,90,36,0,0,0,0,6,0,207851,1,1,8.0,2,-32315,6770,39085,60,False,0,M0SPRR,3,54,35,1
399,209042,Oliver Skipp,0,0,0,0,0.0,404,52,0,0,0.0,0.0,2020-10-26T20:00:00Z,0,90,0,0,0,0,6,0,1985,1,0,0.0,0,-139,44,183,45,False,0,ALFRSKP,3,44,6,0
400,200088,Daniel N'Lundulu,0,0,3,0,0.0,590,56,0,0,0.0,0.0,2020-10-25T14:00:00Z,1,11,0,0,0,0,6,0,0,0,2,0.0,1,0,0,0,45,True,0,TNLNNLNTL,4,45,20,0
401,128389,Aleksandar MitroviÃÂ,0,0,4,0,26.3,184,53,2,0,10.0,5.6,2020-10-24T14:00:00Z,90,31,0,0,0,0,6,0,760504,2,1,68.0,2,-186345,20218,206563,59,True,0,ALKSNTRMTRF,4,55,54,8
402,57328,Nathaniel Clyne,0,0,20,1,0.4,577,53,0,0,0.5,4.2,2020-10-24T14:00:00Z,71,54,0,0,0,0,6,0,2042,2,1,0.0,6,617,1005,388,45,False,0,KLNN0NL,2,45,31,1
403,148225,Anthony Martial,0,0,0,0,0.0,303,55,0,0,0.0,0.0,2020-10-24T16:30:00Z,0,8,0,0,0,0,6,0,290691,0,0,0.0,0,-64934,568,65502,88,True,0,AN0NMRXL,4,86,1,0
404,83299,Lewis Dunk,0,0,0,0,0.0,62,51,0,0,0.0,0.0,2020-10-26T17:30:00Z,0,35,0,0,0,0,6,0,300961,1,1,0.0,0,-108216,1182,109398,49,True,0,TNKLS,2,48,36,0
405,37339,Ahmed El Mohamady,0,0,0,0,0.0,29,50,0,0,0.0,0.0,2020-10-23T19:00:00Z,0,2,0,0,0,0,6,0,25430,3,0,0.0,0,-1326,827,2153,44,True,0,AMTLMHMT,2,42,7,1
406,41727,Ryan Bennett,0,0,0,0,0.0,456,58,0,0,0.0,0.0,2020-10-25T16:30:00Z,0,4,0,0,0,0,6,0,15934,1,1,0.0,0,-4288,22,4310,44,True,0,PNTRN,2,44,39,0
407,172841,SaÃÂ¯d Benrahma,0,0,0,0,0.0,587,57,0,0,0.0,0.0,2020-10-24T11:30:00Z,0,43,0,0,0,0,6,0,8659,1,1,0.0,0,7630,8549,919,60,True,0,PNRMST,3,59,21,1
408,160987,Jean-Philippe Gbamin,0,0,0,0,0.0,161,56,0,0,0.0,0.0,2020-10-25T14:00:00Z,0,20,0,0,0,0,6,0,165,0,2,0.0,0,9,27,18,50,False,0,KPMNJNFLP,3,50,11,0
409,79852,Jed Steer,0,0,0,0,0.0,32,50,0,0,0.0,0.0,2020-10-23T19:00:00Z,0,2,0,0,0,0,6,0,406294,3,0,0.0,0,1629,23169,21540,40,True,0,JTSTR,1,39,7,0
410,199798,Ezri Konsa Ngoyo,0,0,11,0,0.0,46,50,3,0,4.3,26.4,2020-10-23T19:00:00Z,90,2,0,0,0,0,6,0,578423,3,0,17.0,1,160144,188002,27858,46,True,0,ASRKNSNK,2,46,7,0
411,82143,Wes Foderingham,0,0,0,0,0.0,350,54,0,0,0.0,0.0,2020-10-24T19:00:00Z,0,14,0,0,0,0,6,0,9039,1,2,0.0,0,-291,215,506,44,False,0,FTRNKMS,1,43,49,0
412,98980,Emiliano MartÃÂ­nez,0,0,22,0,0.0,12,50,3,0,5.2,51.8,2020-10-23T19:00:00Z,90,2,0,0,0,0,6,6,1890748,3,0,0.0,3,373882,389263,15381,48,True,0,AMLNMRTNS,1,53,7,0
413,82263,Marcos Alonso,0,0,0,0,0.0,104,55,0,0,0.0,0.0,2020-10-24T16:30:00Z,0,1,0,0,0,0,6,0,152520,0,0,0.0,0,-16722,1781,18503,58,False,0,ALNSMRKS,2,56,8,0
414,172780,James Maddison,0,0,5,1,6.8,231,49,0,0,2.0,0.0,2020-10-25T19:15:00Z,84,3,0,0,0,0,6,0,170479,1,0,16.0,2,-18430,13457,31887,70,False,1,JMSMTSN,3,72,13,4
415,46483,Adrien Silva,0,0,0,0,0.0,220,49,0,0,0.0,0.0,2020-10-25T19:15:00Z,0,3,0,0,0,0,6,0,27978,1,0,0.0,0,-4561,254,4815,44,False,0,ATRNSLF,3,44,13,0
416,74471,Aaron Mooy,0,0,0,0,0.0,60,51,0,0,0.0,0.0,2020-10-26T17:30:00Z,0,35,0,0,0,0,6,0,1008,1,1,0.0,0,-62,15,77,50,True,0,ARNM,3,50,36,0
417,44683,Jay Rodriguez,0,0,3,0,1.3,86,52,0,0,0.2,0.2,2020-10-26T20:00:00Z,6,6,0,0,0,0,6,0,21324,1,0,0.0,1,-1370,468,1838,59,True,0,JRTRKS,4,57,90,1
418,19236,John Ruddy,0,0,0,0,0.0,453,58,0,0,0.0,0.0,2020-10-25T16:30:00Z,0,4,0,0,0,0,6,0,21413,1,1,0.0,0,-701,320,1021,44,True,0,JNRT,1,43,39,0
419,218023,Jimmy Dunne,0,0,0,0,0.0,519,52,0,0,0.0,0.0,2020-10-26T20:00:00Z,0,6,0,0,0,0,6,0,588997,1,0,0.0,0,-22376,28191,50567,41,True,0,TNJM,2,38,90,0
420,204642,Jay-Roy Grot,0,0,0,0,0.0,207,50,0,0,0.0,0.0,2020-10-23T19:00:00Z,0,7,0,0,0,0,6,0,2251,3,0,0.0,0,-208,66,274,48,False,0,KRTJR,3,47,2,0
421,172632,Demarai Gray,0,0,0,0,0.0,230,49,0,0,0.0,0.0,2020-10-25T19:15:00Z,0,3,0,0,0,0,6,0,6526,1,0,0.0,0,-322,132,454,53,False,0,TMRKR,3,51,13,0
422,226597,Gabriel MagalhÃÂ£es,0,0,14,0,2.3,494,49,1,0,4.5,18.2,2020-10-25T19:15:00Z,90,13,0,0,0,0,6,0,876080,1,0,24.0,2,-25935,29722,55657,51,True,0,KPRLMKLS,2,49,3,7
423,15157,James Milner,0,0,3,0,0.1,241,54,0,0,0.1,1.2,2020-10-24T19:00:00Z,7,49,0,0,0,0,6,0,9926,1,2,0.0,1,-498,300,798,53,True,0,JMSMLNR,3,53,14,1
424,63426,Enda Stevens,0,0,9,0,12.9,347,54,2,0,4.7,24.6,2020-10-24T19:00:00Z,90,14,0,0,0,0,6,0,177038,1,2,9.0,0,-24779,504,25283,54,False,1,ANTSTFNS,2,50,49,2
425,116643,Fabio Henrique Tavares,0,0,12,0,0.9,253,54,1,0,2.0,14.8,2020-10-24T19:00:00Z,90,49,0,0,0,0,6,0,111214,1,2,4.0,2,-640,10448,11088,55,True,0,FPNRKTFRS,3,54,14,0
426,83283,Nathan Redmond,0,0,8,1,19.2,365,56,0,0,4.3,8.0,2020-10-25T14:00:00Z,90,11,0,0,0,0,6,0,15953,0,2,16.0,3,-429,712,1141,64,True,0,N0NRTMNT,3,64,20,0
427,203325,AndrÃÂ©-Frank Zambo Anguissa,0,0,16,0,10.5,191,53,2,0,2.7,11.6,2020-10-24T14:00:00Z,65,31,0,0,0,0,6,0,167439,2,1,5.0,2,-10210,7135,17345,45,True,0,ANTRNKSFRNKSMP,3,44,54,3
428,180974,Joelinton CÃÂ¡ssio ApolinÃÂ¡rio de Lira,0,0,4,0,0.3,340,58,1,0,0.4,1.2,2020-10-25T16:30:00Z,12,39,0,0,0,0,6,0,16497,1,1,2.0,1,-801,656,1457,58,False,0,APLNRKSTJLNTNLR,4,57,4,0
429,78916,Dan Burn,0,0,15,0,1.8,61,51,1,0,2.5,16.8,2020-10-26T17:30:00Z,90,35,0,0,0,0,6,0,32534,1,1,6.0,2,-1309,1211,2520,44,True,0,PRNTN,2,42,36,0
430,108053,Conor Townsend,0,2,16,0,18.9,418,51,1,0,3.9,16.4,2020-10-26T17:30:00Z,90,36,0,0,0,0,6,0,7750,1,1,4.0,4,605,1086,481,45,False,0,KNRTNSNT,2,44,35,1
431,215460,Ian Carlo Poveda-Ocampo,0,0,0,0,0.0,209,50,0,0,0.0,0.0,2020-10-23T19:00:00Z,0,7,0,0,0,0,6,0,35797,3,0,0.0,0,4533,8903,4370,44,False,0,KRLNKMPPFT,3,42,2,1
432,220688,Mason Greenwood,0,0,4,0,14.9,315,55,0,0,2.2,5.0,2020-10-24T16:30:00Z,7,8,0,0,0,0,6,0,245135,0,0,2.0,1,-103865,1434,105299,73,True,0,KRNTMSN,3,73,1,1
433,214590,Aaron Wan-Bissaka,0,0,28,1,4.2,313,55,0,0,2.1,17.0,2020-10-24T16:30:00Z,90,8,0,0,0,0,6,0,606360,0,0,0.0,6,6338,34222,27884,54,True,0,ARNPSKN,2,58,1,2
434,59940,Kyle Bartley,0,0,0,0,0.0,412,51,0,0,0.0,0.0,2020-10-26T17:30:00Z,0,36,0,0,0,0,6,0,14503,1,1,0.0,0,-1680,612,2292,45,False,0,PRTLKL,2,44,35,0
435,56377,Andriy Yarmolenko,0,0,1,0,10.3,436,57,0,0,1.2,0.0,2020-10-24T11:30:00Z,38,43,0,0,0,0,6,0,7267,1,1,3.0,1,-509,274,783,57,True,0,ANTRRMLNK,3,55,21,1
436,95658,Harry Maguire,0,1,29,1,11.3,298,55,0,0,5.2,22.6,2020-10-24T16:30:00Z,90,8,0,0,0,0,6,0,201421,0,0,18.0,7,-5327,10741,16068,54,True,0,HRMKR,2,55,1,1
437,214470,Jake Vokins,0,0,0,0,0.0,380,56,0,0,0.0,0.0,2020-10-25T14:00:00Z,0,11,0,0,0,0,6,0,95873,0,2,0.0,0,-2011,3248,5259,40,True,0,JKFKNS,2,39,20,0
438,59859,Ilkay GÃÂ¼ndogan,0,0,9,0,20.7,271,57,1,0,4.0,9.6,2020-10-24T11:30:00Z,90,21,0,0,0,0,6,0,17748,1,1,10.0,2,824,1877,1053,54,False,0,KNTKNLK,3,55,43,1
439,197365,Eric Bailly,0,0,0,0,0.0,310,55,0,0,0.0,0.0,2020-10-24T16:30:00Z,0,8,0,0,0,0,6,0,17499,0,0,0.0,0,-2918,334,3252,49,True,0,PLRK,2,48,1,0
440,106617,Patrick Bamford,0,3,74,1,22.2,202,50,0,3,23.7,96.4,2020-10-23T19:00:00Z,90,7,0,0,0,0,6,0,1771278,3,0,118.0,17,-71449,108971,180420,58,False,0,PMFRTPTRK,4,66,2,2
441,180294,Karlan Grant,0,3,31,0,10.8,582,51,1,1,7.4,38.0,2020-10-26T17:30:00Z,83,36,0,0,0,0,6,0,864,1,1,25.0,9,634,746,112,60,False,0,KRNTKRLN,4,56,35,2
442,37096,Lukasz Fabianski,0,3,23,0,0.0,431,57,1,0,4.1,41.0,2020-10-24T11:30:00Z,90,43,0,0,0,0,6,6,107500,1,1,0.0,7,-648,6510,7158,50,True,0,FPNSKLKS,1,50,21,2
443,171975,Callum Robinson,1,0,15,0,6.7,358,51,0,0,1.5,4.6,2020-10-26T17:30:00Z,27,36,0,0,0,0,6,0,58564,1,1,4.0,4,-5357,9417,14774,55,False,0,KLMRPNSN,4,52,35,1
444,98770,ÃÂrjan Nyland,0,0,0,0,0.0,35,50,0,0,0.0,0.0,2020-10-23T19:00:00Z,0,2,0,0,0,0,6,0,739239,3,0,0.0,0,-97731,608,98339,40,True,0,ARJNNLNT,1,40,7,0
445,441271,Ki-Jana Hoever,0,0,0,0,0.0,545,58,0,0,0.0,0.0,2020-10-25T16:30:00Z,0,4,0,0,0,0,6,0,2664,1,1,0.0,0,23,300,277,45,True,0,HFRJNK,2,44,39,0
446,243568,Billy Gilmour,0,0,0,0,0.0,124,55,0,0,0.0,0.0,2020-10-24T16:30:00Z,0,1,0,0,0,0,6,0,7575,0,0,0.0,0,-548,198,746,45,False,0,PLJLMR,3,43,8,0
447,37605,Mesut ÃÂzil,0,0,0,0,0.0,1,49,0,0,0.0,0.0,2020-10-25T19:15:00Z,0,13,0,0,0,0,6,0,51023,1,0,0.0,0,-3184,276,3460,68,True,0,ASLMST,3,67,3,0
448,105377,Ezgjan Alioski,0,1,28,1,36.1,201,50,0,0,6.4,15.0,2020-10-23T19:00:00Z,90,7,0,0,0,0,6,0,29546,3,0,13.0,7,-2104,812,2916,44,False,0,ALSKSKJN,2,44,2,1
449,232413,Eberechi Eze,0,0,2,0,11.3,489,53,1,0,6.1,5.4,2020-10-24T14:00:00Z,14,54,0,0,0,0,6,0,26920,2,1,44.0,1,-3501,827,4328,59,False,0,APRXS,3,58,31,1
450,58376,Alex McCarthy,0,0,23,1,0.0,363,56,0,0,1.5,15.0,2020-10-25T14:00:00Z,90,11,0,0,0,0,6,2,1369688,0,2,0.0,6,-19483,64750,84233,45,True,0,ALKSMKR0,1,44,20,3
451,169432,Oliver McBurnie,1,0,17,0,26.8,357,54,2,0,5.5,9.2,2020-10-24T19:00:00Z,90,14,0,0,0,0,6,0,21420,1,2,19.0,5,-2145,606,2751,57,False,0,MKPRNLFR,4,56,49,2
452,201084,Timothy Fosu-Mensah,0,0,0,0,0.0,312,55,0,0,0.0,0.0,2020-10-24T16:30:00Z,0,8,0,0,0,0,6,0,7881,0,0,0.0,0,-392,328,720,44,True,0,FSMNSTM0,2,43,1,0
453,37572,Sergio AgÃÂ¼ero,0,0,2,0,1.6,268,57,1,0,0.9,0.0,2020-10-24T11:30:00Z,45,21,0,0,0,0,6,0,220389,1,1,8.0,1,107707,117690,9983,104,False,0,AKRSRJ,4,103,43,0
454,200878,Filip Krovinovic,0,0,13,0,7.4,555,51,1,0,4.0,19.0,2020-10-26T17:30:00Z,90,36,0,0,0,0,6,0,566,1,1,14.0,2,74,138,64,50,False,0,FLPKRFNFK,3,49,35,2
455,176413,Christian Pulisic,0,0,7,1,1.6,119,55,0,0,5.4,8.6,2020-10-24T16:30:00Z,80,1,0,0,0,0,6,0,282728,0,0,44.0,3,-12039,24436,36475,83,False,0,KRSXNPLSK,3,83,8,0
456,120250,AndrÃÂ© Filipe Tavares Gomes,0,0,0,0,0.0,158,56,0,0,0.0,0.0,2020-10-25T14:00:00Z,0,20,0,0,0,0,6,0,24227,0,2,0.0,0,-603,1654,2257,55,False,0,ANTRFLPKMSTFRS,3,53,11,1
457,20066,Wayne Hennessey,0,0,0,0,0.0,126,53,0,0,0.0,0.0,2020-10-24T14:00:00Z,0,54,0,0,0,0,6,0,40375,2,1,0.0,0,-4080,196,4276,44,False,0,HNSN,1,43,31,0
458,19624,JoÃÂ£o Filipe Iria Santos Moutinho,0,0,3,0,1.1,454,58,1,0,0.2,0.6,2020-10-25T16:30:00Z,7,4,0,0,0,0,6,0,129700,1,1,0.0,1,-14327,1495,15822,54,True,0,FLPRJMTNSNTS,3,51,39,1
459,37915,Hugo Lloris,0,2,28,1,0.0,383,52,0,0,1.5,14.6,2020-10-26T20:00:00Z,90,90,0,0,0,0,6,3,413202,1,0,0.0,9,-5726,24854,30580,55,False,0,HKLRS,1,56,6,2
460,83543,Anthony Knockaert,0,0,0,0,0.0,177,53,0,0,0.0,0.0,2020-10-24T14:00:00Z,0,31,0,0,0,0,6,0,4225,2,1,0.0,0,-1328,14,1342,52,True,0,AN0NKNKRT,3,50,54,0
461,55038,Kevin McDonald,0,0,0,0,0.0,172,53,0,0,0.0,0.0,2020-10-24T14:00:00Z,0,31,0,0,0,0,6,0,2824,2,1,0.0,0,-442,60,502,48,True,0,KFNMKTNLT,3,47,54,0
462,58845,Ciaran Clark,0,0,0,0,0.0,324,58,0,0,0.0,0.0,2020-10-25T16:30:00Z,0,39,0,0,0,0,6,0,2834,1,1,0.0,0,-213,19,232,45,False,0,SRNKLRK,2,45,4,0
463,172850,Benjamin Chilwell,0,0,28,1,28.4,232,55,0,0,5.1,22.2,2020-10-24T16:30:00Z,90,1,0,0,0,0,6,0,1032032,0,0,0.0,6,254369,299463,45094,57,False,0,PNJMNXLL,2,59,8,6
464,151589,Leander Dendoncker,0,0,14,0,5.5,464,58,1,0,1.8,10.8,2020-10-25T16:30:00Z,90,4,0,0,0,0,6,0,86131,1,1,2.0,2,-6103,4097,10200,49,True,0,TNTNKRLNTR,3,46,39,3
465,171314,RÃÂºben Santos Gato Alves Dias,0,0,18,0,1.8,556,57,1,0,2.6,22.2,2020-10-24T11:30:00Z,90,21,0,0,0,0,6,0,95913,1,1,2.0,2,50505,56079,5574,55,False,0,ALFSTSKTRPNSNTS,2,59,43,6
466,444463,Wesley Fofana,0,0,21,1,1.1,561,49,0,0,1.5,14.0,2020-10-25T19:15:00Z,90,3,0,0,0,0,6,0,2589,1,0,0.0,5,1159,1454,295,50,False,1,FFNSL,2,50,13,2
467,165210,Alireza Jahanbakhsh,0,0,0,0,0.0,71,51,0,0,0.0,0.0,2020-10-26T17:30:00Z,0,35,0,0,0,0,6,0,2939,1,1,0.0,0,-309,20,329,54,True,0,ALRSJHNPKX,3,54,36,0
468,172782,Josh Brownhill,0,0,15,0,24.5,98,52,1,0,4.2,13.2,2020-10-26T20:00:00Z,90,6,0,0,0,0,6,0,3318,1,0,4.0,1,-158,178,336,50,True,1,PRNLJX,3,49,90,2
469,61604,Matty James,0,0,0,0,0.0,222,49,0,0,0.0,0.0,2020-10-25T19:15:00Z,0,3,0,0,0,0,6,0,26969,1,0,0.0,0,-6387,546,6933,44,False,0,JMSMT,3,43,13,0
470,77777,Ahmed El-Sayed Hegazy,0,0,0,0,0.0,414,51,0,0,0.0,0.0,2020-10-26T17:30:00Z,0,36,0,0,0,0,6,0,36036,1,1,0.0,0,4144,7476,3332,43,False,0,AMTLKSST,2,41,35,0
471,80146,Jordan Ayew,0,0,0,0,0.0,140,53,0,0,0.0,0.0,2020-10-24T14:00:00Z,0,54,0,0,0,0,6,0,163256,2,1,0.0,0,-68494,1364,69858,58,False,0,AJRTN,4,56,31,1
472,461102,Bobby Thomas,0,0,0,0,0.0,520,52,0,0,0.0,0.0,2020-10-26T20:00:00Z,0,6,0,0,0,0,6,0,42976,1,0,0.0,0,298,2557,2259,40,True,0,PPTMS,2,39,90,0
473,61600,Romaine Sawyers,0,0,0,0,0.0,413,51,0,0,0.0,0.0,2020-10-26T17:30:00Z,0,36,0,0,0,0,6,0,2961,1,1,0.0,0,-232,76,308,49,False,0,RMNSRS,3,46,35,0
474,167473,JosÃÂ© Izquierdo,0,0,0,0,0.0,72,51,0,0,0.0,0.0,2020-10-26T17:30:00Z,0,35,0,0,0,0,6,0,161,1,1,0.0,0,-18,24,42,55,True,0,ASKRTJS,3,55,36,0
475,201666,Harvey Barnes,0,0,4,1,1.2,235,49,0,0,0.4,0.4,2020-10-25T19:15:00Z,74,3,0,0,0,0,6,0,357564,1,0,2.0,3,-93404,9915,103319,70,False,0,PRNSRF,3,66,13,8
476,182539,Daniel Ceballos FernÃÂ¡ndez,0,0,17,0,47.8,501,49,1,0,6.8,20.0,2020-10-25T19:15:00Z,90,13,0,0,0,0,6,0,124438,1,0,0.0,2,-20283,5035,25318,50,True,0,SPLSTNLFRNNTS,3,47,3,0
477,176297,Marcus Rashford,0,0,0,1,18.8,306,55,0,0,6.2,7.6,2020-10-24T16:30:00Z,90,8,0,0,0,0,6,0,513232,0,0,36.0,2,82732,117223,34491,95,True,1,MRKSRXFRT,3,96,1,2
478,20467,Theo Walcott,0,0,0,0,0.0,148,56,0,0,0.0,0.0,2020-10-25T14:00:00Z,0,11,0,0,0,0,6,0,12373,0,2,0.0,0,-1499,541,2040,58,True,0,0LKT,3,58,20,5
479,81012,Ryan Fredericks,0,0,0,0,0.0,438,57,0,0,0.0,0.0,2020-10-24T11:30:00Z,0,43,0,0,0,0,6,0,22446,1,1,0.0,0,-1282,800,2082,44,True,0,FRTRKSRN,2,42,21,0
480,57531,Michail Antonio,0,3,23,0,0.9,437,57,1,1,5.4,30.4,2020-10-24T11:30:00Z,51,43,0,0,0,0,6,0,289545,1,1,23.0,8,-73133,7458,80591,63,True,0,ANTNMXL,4,67,21,0
481,75115,Callum Wilson,1,0,14,0,13.2,506,58,1,0,4.1,3.8,2020-10-25T16:30:00Z,90,39,0,0,0,0,6,0,992172,1,1,24.0,5,4821,129025,124204,65,False,0,KLMLSN,4,65,4,12
482,41270,David Luiz Moreira Marinho,0,0,12,0,2.5,3,49,0,0,1.3,8.8,2020-10-25T19:15:00Z,48,13,0,0,0,0,6,0,79892,1,0,2.0,1,2396,6821,4425,55,True,0,TFTLSMRNMRR,2,54,3,0
483,431131,Moussa Djenepo,0,0,0,0,0.0,382,56,0,0,0.0,0.0,2020-10-25T14:00:00Z,0,11,0,0,0,0,6,0,6658,0,2,0.0,0,-3070,92,3162,55,True,0,TJNPMS,3,54,20,0
484,156689,Andreas Pereira,0,0,0,0,0.0,304,55,0,0,0.0,0.0,2020-10-24T16:30:00Z,0,8,0,0,0,0,6,0,3443,0,0,0.0,0,-551,41,592,49,True,0,ANTRSPRR,3,48,1,0
485,474003,Leonardo Campana,0,0,0,0,0.0,476,58,0,0,0.0,0.0,2020-10-25T16:30:00Z,0,4,0,0,0,0,6,0,24594,1,1,0.0,0,-431,1831,2262,49,True,0,KMPNLNRT,4,47,39,0
486,114536,Ryan Inniss,0,0,0,0,0.0,534,53,0,0,0.0,0.0,2020-10-24T14:00:00Z,0,54,0,0,0,0,6,0,5315,2,1,0.0,0,-981,101,1082,40,False,0,ANSRN,2,40,31,0
487,193488,Anwar El Ghazi,0,0,0,0,0.0,45,50,0,0,0.0,0.0,2020-10-23T19:00:00Z,0,2,0,0,0,0,6,0,7433,3,0,0.0,0,-490,276,766,58,True,0,ANRLKS,3,52,7,0
488,221239,Keinan Davis,0,0,0,0,0.0,50,50,0,0,0.0,0.0,2020-10-23T19:00:00Z,0,2,0,0,0,0,6,0,694530,3,0,0.0,0,-90028,22851,112879,44,True,0,TFSKNN,4,42,7,0
489,58498,Odion Ighalo,0,0,0,0,0.0,293,55,0,0,0.0,0.0,2020-10-24T16:30:00Z,0,8,0,0,0,0,6,0,15633,0,0,0.0,0,-1302,472,1774,63,True,0,AALTN,4,61,1,0
490,76359,Phil Jones,0,0,0,0,0.0,297,55,0,0,0.0,0.0,2020-10-24T16:30:00Z,0,8,0,0,0,0,6,0,3146,0,0,0.0,0,-165,41,206,49,True,0,JNSFL,2,48,1,0
491,184349,Ryan Sessegnon,0,0,0,0,0.0,399,52,0,0,0.0,0.0,2020-10-26T20:00:00Z,0,90,0,0,0,0,6,0,7795,1,0,0.0,0,-1296,14,1310,48,False,0,RNSSNN,2,47,6,0
492,60252,Andros Townsend,0,0,9,0,28.5,137,53,1,0,5.9,28.2,2020-10-24T14:00:00Z,90,54,0,0,0,0,6,0,249458,2,1,2.0,2,-20703,20309,41012,61,False,0,ANTRSTNSNT,3,55,31,2
493,463912,Elia Caprile,0,0,0,0,0.0,532,50,0,0,0.0,0.0,2020-10-23T19:00:00Z,0,7,0,0,0,0,6,0,20484,3,0,0.0,0,3350,4422,1072,40,False,0,KPRLL,1,40,2,0
494,116594,N'Golo KantÃÂ©,0,0,12,1,2.3,113,55,0,0,0.8,5.2,2020-10-24T16:30:00Z,90,1,0,0,0,0,6,0,244737,0,0,0.0,3,-12997,9706,22703,49,False,0,KNTNNKL,3,49,8,3
495,55914,Liam Cooper,0,0,0,0,0.0,195,50,0,0,0.0,0.0,2020-10-23T19:00:00Z,0,7,0,0,0,0,6,0,50252,3,0,0.0,0,-6553,1284,7837,44,False,0,KPRLM,2,43,2,0
496,44346,Olivier Giroud,0,0,0,0,0.0,103,55,0,0,0.0,0.0,2020-10-24T16:30:00Z,0,1,0,0,0,0,6,0,49748,0,0,0.0,0,-3103,1245,4348,67,False,0,JRTLF,4,67,8,1
497,123354,Kortney Hause,0,0,0,0,0.0,39,50,0,0,0.0,0.0,2020-10-23T19:00:00Z,0,2,0,0,0,0,6,0,3696,3,0,0.0,0,-397,23,420,44,True,0,HSKRTN,2,44,7,0
498,467114,Oliver Casey,0,0,0,0,0.0,215,50,0,0,0.0,0.0,2020-10-23T19:00:00Z,0,7,0,0,0,0,6,0,47156,3,0,0.0,0,-1188,1523,2711,40,False,0,KSLFR,2,38,2,0
499,173821,Tyler Roberts,0,0,0,0,0.0,206,50,0,0,0.0,0.0,2020-10-23T19:00:00Z,0,7,0,0,0,0,6,0,5445,3,0,0.0,0,-228,378,606,49,False,0,RPRTSTLR,3,46,2,1
500,195851,Scott McTominay,0,0,10,1,3.0,309,55,0,0,2.4,9.2,2020-10-24T16:30:00Z,82,8,0,0,0,0,6,0,19684,0,0,12.0,3,-126,1594,1720,49,True,0,MKTMNSKT,3,49,1,2
501,68983,Matthew Lowton,0,0,12,0,1.3,92,52,1,0,1.7,15.2,2020-10-26T20:00:00Z,90,6,0,0,0,0,6,0,6741,1,0,0.0,2,-826,18,844,44,True,0,LTNM0,2,44,90,1
502,224444,Ferran Torres,0,0,0,0,0.0,287,57,0,0,0.0,0.0,2020-10-24T11:30:00Z,0,21,0,0,0,0,6,0,59304,1,1,0.0,0,-3535,2552,6087,69,False,0,FRNTRS,3,70,43,3
503,195473,Rhian Brewster,0,0,1,0,11.1,262,54,1,0,1.3,0.2,2020-10-24T19:00:00Z,53,14,0,0,0,0,6,0,523816,1,2,2.0,1,35867,86546,50679,45,False,0,PRSTRRN,4,42,49,2
504,32259,Darren Randolph,0,0,0,0,0.0,430,57,0,0,0.0,0.0,2020-10-24T11:30:00Z,0,43,0,0,0,0,6,0,16007,1,1,0.0,0,-500,168,668,45,True,0,TRNRNTLF,1,43,21,0
505,57513,Jonas LÃÂ¶ssl,0,0,0,0,0.0,151,56,0,0,0.0,0.0,2020-10-25T14:00:00Z,0,20,0,0,0,0,6,0,10175,0,2,0.0,0,-439,224,663,44,False,0,JNSLSL,1,43,11,0
506,155513,Rolando Aarons,0,0,0,0,0.0,337,58,0,0,0.0,0.0,2020-10-25T16:30:00Z,0,39,0,0,0,0,6,0,3818,1,1,0.0,0,-478,81,559,49,False,0,ARNSRLNT,3,48,4,0
507,132015,Pierre-Emile HÃÂ¸jbjerg,0,0,11,1,4.8,396,52,0,0,2.3,18.2,2020-10-26T20:00:00Z,90,90,0,0,0,0,6,0,59980,1,0,0.0,3,-191,7258,7449,49,False,0,AMLPJRKPR,3,49,6,2
508,98745,HÃÂ©ctor BellerÃÂ­n,0,0,8,0,4.1,11,49,1,0,3.2,6.6,2020-10-25T19:15:00Z,90,13,0,0,0,0,6,0,430008,1,0,21.0,1,21627,47560,25933,50,True,1,PLRNKTR,2,50,3,12
509,102884,Paulo Gazzaniga,0,0,0,0,0.0,393,52,0,0,0.0,0.0,2020-10-26T20:00:00Z,0,90,0,0,0,0,6,0,21114,1,0,0.0,0,-825,440,1265,44,False,0,KSNKPL,1,43,6,0
510,58822,CÃÂ©dric Soares,0,0,0,0,0.0,5,49,0,0,0.0,0.0,2020-10-25T19:15:00Z,0,13,0,0,0,0,6,0,15289,1,0,0.0,0,-1068,280,1348,48,True,0,KTRKSRS,2,46,3,0
511,54694,Pierre-Emerick Aubameyang,0,0,12,0,16.0,4,49,1,0,3.5,6.6,2020-10-25T19:15:00Z,90,13,0,0,0,0,6,0,1193283,1,0,12.0,2,-235512,14819,250331,118,True,0,APMNKMRKPR,3,113,3,8
512,40142,Andy Carroll,0,0,3,0,0.3,320,58,0,0,0.0,0.0,2020-10-25T16:30:00Z,2,39,0,0,0,0,6,0,31398,1,1,0.0,1,-3865,1606,5471,54,False,0,ANTKRL,4,51,4,1
513,114283,Jack Grealish,0,0,-5,0,16.9,37,50,3,0,7.2,8.4,2020-10-23T19:00:00Z,90,2,0,0,0,0,6,0,2033015,3,0,47.0,1,536103,596944,60841,72,True,1,KRLXJK,3,75,7,15
514,101582,Frederico Rodrigues de Paula Santos,0,0,9,1,5.2,299,55,0,0,1.7,11.2,2020-10-24T16:30:00Z,90,8,0,0,0,0,6,0,9369,0,0,1.0,2,-16,632,648,53,True,1,TFRTRKPLRTRKSSNTS,3,53,1,2
515,230046,Douglas Luiz Soares de Paulo,0,0,10,0,13.0,52,50,3,0,2.8,15.0,2020-10-23T19:00:00Z,90,2,0,0,0,0,6,0,21527,3,0,0.0,2,-928,1527,2455,50,True,0,TTKLSLSPLSRS,3,48,7,5
516,92259,Neeskens Kebano,0,0,0,0,0.0,180,53,0,0,0.0,0.0,2020-10-24T14:00:00Z,0,31,0,0,0,0,6,0,5356,2,1,0.0,0,-705,184,889,48,True,0,KPNNSKNS,3,47,54,0
517,21205,Tom Heaton,0,0,0,0,0.0,28,50,0,0,0.0,0.0,2020-10-23T19:00:00Z,0,2,0,0,0,0,6,0,3447,3,0,0.0,0,-203,118,321,45,True,0,HTNTM,1,45,7,0
518,78056,Oriol Romeu Vidal,0,0,15,1,14.8,364,56,0,0,5.1,22.6,2020-10-25T14:00:00Z,90,11,0,0,0,0,6,0,318842,0,2,14.0,3,33332,63405,30073,45,True,0,ARLRMFTL,3,45,20,2
519,480216,Mateusz Bogusz,0,0,0,0,0.0,533,50,0,0,0.0,0.0,2020-10-23T19:00:00Z,0,7,0,0,0,0,6,0,1299,3,0,0.0,0,-227,72,299,45,False,0,PKSMTS,3,43,2,0
520,109646,Tosin Adarabioyo,0,0,11,0,1.1,572,53,2,0,1.7,15.6,2020-10-24T14:00:00Z,90,31,0,0,0,0,6,0,1024,2,1,0.0,1,484,647,163,45,True,0,ATRPTSN,2,45,54,6
521,40694,Roberto Jimenez Gago,0,0,0,0,0.0,433,57,0,0,0.0,0.0,2020-10-24T11:30:00Z,0,43,0,0,0,0,6,0,931,1,1,0.0,0,-34,20,54,45,True,0,KKJMNSRPRT,1,45,21,0
522,93100,Jannik Vestergaard,0,0,27,1,0.9,369,56,0,0,5.3,33.2,2020-10-25T14:00:00Z,90,11,0,0,0,0,6,0,117128,0,2,19.0,6,65537,75194,9657,45,True,0,JNKFSTRKRT,2,47,20,7
523,58786,Martin Kelly,0,0,0,0,0.0,135,53,0,0,0.0,0.0,2020-10-24T14:00:00Z,0,54,0,0,0,0,6,0,39307,2,1,0.0,0,-3159,1115,4274,43,False,0,KLMRTN,2,41,31,0
524,444884,Harvey Elliott,0,0,0,0,0.0,265,54,0,0,0.0,0.0,2020-10-24T19:00:00Z,0,49,0,0,0,0,6,0,11840,1,2,0.0,0,-2587,258,2845,44,True,0,ALTRF,3,43,14,0
525,62398,Nemanja Matic,0,0,0,0,0.0,295,55,0,0,0.0,0.0,2020-10-24T16:30:00Z,0,8,0,0,0,0,6,0,18331,0,0,0.0,0,-1413,735,2148,49,True,0,MTKNMNJ,3,47,1,1
526,223349,Indiana Vassilev,0,0,0,0,0.0,51,50,0,0,0.0,0.0,2020-10-23T19:00:00Z,0,2,0,0,0,0,6,0,65472,3,0,0.0,0,-6034,3644,9678,44,True,0,ANTNFSLF,4,43,7,0
527,168399,Will Norris,0,0,0,0,0.0,583,52,0,0,0.0,0.0,2020-10-26T20:00:00Z,0,6,0,0,0,0,6,0,2488,1,0,0.0,0,1944,2114,170,40,True,0,NRSL,1,40,90,0
528,213345,Wesley Moraes,0,0,0,0,0.0,48,50,0,0,0.0,0.0,2020-10-23T19:00:00Z,0,2,0,0,0,0,6,0,748,3,0,0.0,0,-14,77,91,60,True,0,MRSSL,4,60,7,0
529,103123,SÃÂ©bastien Haller,0,0,2,0,0.1,441,57,0,0,0.4,1.4,2020-10-24T11:30:00Z,21,43,0,0,0,0,6,0,18315,1,1,2.0,1,-2667,276,2943,62,True,0,HLRSPSTN,4,61,21,2
530,81183,Matej Vydra,0,0,3,0,0.0,93,52,0,0,0.0,0.0,2020-10-26T20:00:00Z,1,6,0,0,0,0,6,0,59497,1,0,0.0,1,-2675,6254,8929,50,True,0,MTJFTR,4,48,90,0
531,219847,Kai Havertz,0,0,3,1,15.2,500,55,0,0,1.9,3.4,2020-10-24T16:30:00Z,71,1,0,0,0,0,6,0,626460,0,0,0.0,2,-21025,53692,74717,84,False,1,HFRTSK,3,83,8,3
532,18867,Billy Sharp,0,0,0,0,0.0,343,54,0,0,0.0,0.0,2020-10-24T19:00:00Z,0,14,0,0,0,0,6,0,12394,1,2,0.0,0,-400,761,1161,58,False,0,PLXRP,4,55,49,0
533,40845,Dale Stephens,0,0,0,0,0.0,55,52,0,0,0.0,0.0,2020-10-26T20:00:00Z,0,6,0,0,0,0,6,0,581869,1,0,0.0,0,-30849,30083,60932,44,True,0,TLSTFNS,3,42,90,1
534,203368,FrÃÂ©dÃÂ©ric Guilbert,0,0,0,0,0.0,47,50,0,0,0.0,0.0,2020-10-23T19:00:00Z,0,2,0,0,0,0,6,0,8483,3,0,0.0,0,-444,172,616,44,True,0,FRTRKLPRT,2,43,7,0
535,80954,Rodrigo Moreno,1,0,17,1,23.3,492,50,0,0,7.4,7.6,2020-10-23T19:00:00Z,78,7,0,0,0,0,6,0,234921,3,0,43.0,5,-7493,15163,22656,58,False,0,MRNRTRK,4,57,2,0
536,49957,Kamil Grosicki,0,0,0,0,0.0,410,51,0,0,0.0,0.0,2020-10-26T17:30:00Z,0,36,0,0,0,0,6,0,2698,1,1,0.0,0,-394,28,422,53,False,0,KRSKKML,3,52,35,0
537,49413,James Tomkins,0,0,0,0,0.0,129,53,0,0,0.0,0.0,2020-10-24T14:00:00Z,0,54,0,0,0,0,6,0,1050,2,1,0.0,0,256,383,127,45,False,0,JMSTMKNS,2,44,31,0
538,69140,Shkodran Mustafi,0,0,9,0,1.0,7,49,1,0,0.9,7.6,2020-10-25T19:15:00Z,41,13,0,0,0,0,6,0,1197,1,0,0.0,1,78,155,77,50,True,0,MSTFXKTRN,2,50,3,1
539,101188,Lucas Digne,0,0,-3,0,3.1,155,56,2,0,0.5,0.0,2020-10-25T14:00:00Z,71,20,0,0,0,1,6,0,1358086,0,2,2.0,-2,236689,275939,39250,62,False,0,TNLKS,2,62,11,0
540,101178,James Ward-Prowse,0,3,44,1,39.2,370,56,0,1,11.0,52.0,2020-10-25T14:00:00Z,90,11,0,0,0,0,6,0,131902,0,2,19.0,11,-17855,1943,19798,58,True,0,JMSPRSRT,3,59,20,17
541,149828,Islam Slimani,0,0,0,0,0.0,579,49,0,0,0.0,0.0,2020-10-25T19:15:00Z,0,3,0,0,0,0,6,0,3930,1,0,0.0,0,2705,3419,714,50,False,0,ALMSLMN,4,49,13,0
542,122798,Andrew Robertson,0,0,16,0,26.4,255,54,1,0,6.7,18.2,2020-10-24T19:00:00Z,90,49,0,0,0,0,6,0,1389355,1,2,22.0,2,233298,277246,43948,71,True,0,ANTRRPRTSN,2,73,14,2
543,91047,Stuart Armstrong,0,0,11,1,26.9,368,56,0,0,5.9,13.8,2020-10-25T14:00:00Z,85,11,0,0,0,0,6,0,11565,0,2,18.0,3,-1965,123,2088,55,True,0,ARMSTRNKSTRT,3,55,20,5
544,221610,Jamie Shackleton,0,0,10,1,16.5,210,50,0,0,3.1,8.2,2020-10-23T19:00:00Z,69,7,0,0,0,0,6,0,2645,3,0,6.0,3,-148,77,225,48,False,0,JMXKLTN,3,48,2,1
545,168580,Ayoze PÃÂ©rez,0,0,0,0,0.0,229,49,0,0,0.0,0.0,2020-10-25T19:15:00Z,0,3,0,0,0,0,6,0,87092,1,0,0.0,0,-12403,1246,13649,62,False,0,ASPRS,3,60,13,0
546,60706,AdriÃÂ¡n San Miguel del Castillo,0,0,0,0,0.0,245,54,0,0,0.0,0.0,2020-10-24T19:00:00Z,0,49,0,0,0,0,6,0,56189,1,2,0.0,0,17928,22406,4478,45,True,0,ATRNKSTLTLMKLSN,1,42,14,0
547,50472,James McCarthy,0,0,0,0,0.0,131,53,0,0,0.0,0.0,2020-10-24T14:00:00Z,0,54,0,0,0,0,6,0,131542,2,1,0.0,0,-31819,471,32290,45,False,0,JMSMKR0,3,43,31,0
548,167522,Jordan Hugill,0,0,0,0,0.0,444,57,0,0,0.0,0.0,2020-10-24T11:30:00Z,0,43,0,0,0,0,6,0,560,1,1,0.0,0,4,50,46,55,True,0,HJLJRTN,4,55,21,0
549,59966,Alexandre Lacazette,0,0,-3,0,21.4,6,49,1,0,7.0,2.4,2020-10-25T19:15:00Z,90,13,0,0,0,0,6,0,290288,1,0,46.0,1,-55111,7838,62949,85,True,1,ALKSNTRLKST,4,84,3,2
550,85242,Conor Hourihane,0,0,0,0,0.0,33,50,0,0,0.0,0.0,2020-10-23T19:00:00Z,0,2,0,0,0,0,6,0,17004,3,0,0.0,0,-2515,1079,3594,60,True,0,KNRRHN,3,59,7,0
551,198826,Ben Godfrey,0,0,12,0,1.5,566,56,2,0,1.3,11.0,2020-10-25T14:00:00Z,90,20,0,0,0,0,6,0,3887,0,2,0.0,1,1469,1934,465,50,False,0,PNKTFR,2,51,11,0
552,227127,Yves Bissouma,0,0,9,0,3.3,76,51,1,0,0.8,4.2,2020-10-26T17:30:00Z,90,35,0,0,0,0,6,0,275399,1,1,0.0,2,14690,38217,23527,45,True,0,PSMFS,3,44,36,2
553,450527,Mohammed Salisu,0,0,0,0,0.0,479,56,0,0,0.0,0.0,2020-10-25T14:00:00Z,0,11,0,0,0,0,6,0,8698,0,2,0.0,0,-1155,43,1198,43,True,0,MHMTSLS,2,43,20,0
554,57410,NicolÃÂ¡s Otamendi,0,0,0,0,0.0,269,57,0,0,0.0,0.0,2020-10-24T11:30:00Z,0,21,0,0,0,0,6,0,20298,1,1,0.0,0,-2550,19,2569,49,False,0,NKLSTMNT,2,49,43,0
555,173879,Tammy Abraham,0,0,3,0,0.3,118,55,0,0,0.3,2.2,2020-10-24T16:30:00Z,19,1,0,0,0,0,6,0,168944,0,0,0.0,1,-25627,3458,29085,73,False,0,APRHMTM,4,71,8,5
556,215439,Tomas Soucek,0,0,8,0,1.2,449,57,1,0,2.2,13.2,2020-10-24T11:30:00Z,90,43,0,0,0,0,6,0,207643,1,1,8.0,2,-21220,10919,32139,49,True,0,SSKTMS,3,52,21,2
557,42899,Sergio Romero,0,0,0,0,0.0,289,55,0,0,0.0,0.0,2020-10-24T16:30:00Z,0,8,0,0,0,0,6,0,6926,0,0,0.0,0,-401,32,433,49,True,0,RMRSRJ,1,49,1,0
558,200089,Joseph Willock,0,0,0,0,0.0,20,49,0,0,0.0,0.0,2020-10-25T19:15:00Z,0,13,0,0,0,0,6,0,5819,1,0,0.0,0,-130,389,519,48,True,0,JSFLK,3,49,4,0
559,208998,Zeze Steven Sessegnon,0,0,0,0,0.0,192,53,0,0,0.0,0.0,2020-10-24T14:00:00Z,0,31,0,0,0,0,6,0,4005,2,1,0.0,0,-299,21,320,44,True,0,SSNNSTFNSS,2,43,54,0
560,106611,Michael Keane,0,0,17,0,0.4,156,56,2,0,2.2,21.8,2020-10-25T14:00:00Z,90,20,0,0,0,0,6,0,436920,0,2,0.0,1,117006,132389,15383,51,False,0,KNMKL,2,50,11,1
561,222531,Morgan Gibbs-White,0,0,0,0,0.0,473,58,0,0,0.0,0.0,2020-10-25T16:30:00Z,0,4,0,0,0,0,6,0,432,1,1,0.0,0,-11,20,31,50,True,0,KPSMRKNT,3,49,39,0
562,221399,Jack Harrison,0,0,14,1,54.8,203,50,0,0,10.9,19.0,2020-10-23T19:00:00Z,90,7,0,0,0,0,6,0,138776,3,0,35.0,3,-11623,5916,17539,55,False,0,HRSNJK,3,56,2,6
563,66838,Cenk Tosun,0,0,0,0,0.0,153,56,0,0,0.0,0.0,2020-10-25T14:00:00Z,0,20,0,0,0,0,6,0,544,0,2,0.0,0,-30,41,71,60,False,0,SNKTSN,4,60,11,1
564,207189,Sander Berge,0,1,30,0,25.4,360,54,2,1,10.5,48.8,2020-10-24T19:00:00Z,90,14,0,0,0,0,6,0,10337,1,2,31.0,7,-632,603,1235,50,False,1,PRJSNTR,3,49,49,2
565,55459,Aaron Cresswell,0,0,14,0,14.8,435,57,1,0,2.4,9.4,2020-10-24T11:30:00Z,90,43,0,0,0,0,6,0,409738,1,1,0.0,2,144609,167136,22527,50,True,0,ARNKRSL,2,57,21,1
566,40146,Ryan Bertrand,0,0,25,1,36.9,362,56,0,0,5.2,11.0,2020-10-25T14:00:00Z,90,11,0,0,0,0,6,0,94027,0,2,4.0,6,-2293,4720,7013,50,True,0,PRTRNTRN,2,50,20,2
567,180184,Donny van de Beek,0,0,0,0,0.0,495,55,0,0,0.0,0.0,2020-10-24T16:30:00Z,0,8,0,0,0,0,6,0,183400,0,0,0.0,0,-27208,4019,31227,69,True,0,PKTTNFN,3,66,1,1
568,152760,Divock Origi,0,0,0,0,0.0,256,54,0,0,0.0,0.0,2020-10-24T19:00:00Z,0,49,0,0,0,0,6,0,51215,1,2,0.0,0,-3327,1728,5055,53,True,0,TFKRJ,4,51,14,0
569,107613,Romain SaÃÂ¯ss,0,1,23,1,5.3,461,58,0,0,1.4,8.6,2020-10-25T16:30:00Z,67,4,0,0,0,0,6,0,1342548,1,1,0.0,7,237092,270891,33799,52,True,0,RMNSS,2,49,39,0
570,200826,Giovani Lo Celso,0,0,4,0,11.8,403,52,0,0,3.8,5.2,2020-10-26T20:00:00Z,11,90,0,0,0,0,6,0,33449,1,0,21.0,1,-2144,250,2394,69,False,0,SLSJFNL,3,69,6,1
571,38533,Rui Pedro dos Santos PatrÃÂ­cio,0,0,11,0,0.0,455,58,1,0,0.5,5.4,2020-10-25T16:30:00Z,90,4,0,0,0,0,6,1,562140,1,1,0.0,2,14961,35590,20629,55,True,0,TSPTRSPTRRSNTS,1,53,39,6
572,222627,JoÃÂ£o VirgÃÂ­nia,0,0,0,0,0.0,167,56,0,0,0.0,0.0,2020-10-25T14:00:00Z,0,20,0,0,0,0,6,0,5957,0,2,0.0,0,-207,107,314,44,False,0,JFRKN,1,43,11,0
573,86153,MartÃÂ­n Montoya,0,0,0,0,0.0,63,51,0,0,0.0,0.0,2020-10-26T17:30:00Z,0,35,0,0,0,0,6,0,737,1,1,0.0,0,-41,16,57,45,True,0,MRTNMNT,2,45,36,0
574,156074,Rob Holding,0,0,0,0,0.0,16,49,0,0,0.0,0.0,2020-10-25T19:15:00Z,0,13,0,0,0,0,6,0,123830,1,0,0.0,0,-40959,648,41607,45,True,0,HLTNKRP,2,43,3,5
575,108823,Bamidele Alli,0,0,0,0,0.0,394,52,0,0,0.0,0.0,2020-10-26T20:00:00Z,0,90,0,0,0,0,6,0,47658,1,0,0.0,0,-3542,1278,4820,75,False,0,ALPMTL,3,74,6,0
576,153673,Jonjoe Kenny,0,0,0,0,0.0,160,56,0,0,0.0,0.0,2020-10-25T14:00:00Z,0,20,0,0,0,0,6,0,7655,0,2,0.0,0,-706,342,1048,43,False,0,JNJKN,2,43,11,2
577,101184,Calum Chambers,0,0,0,0,0.0,13,49,0,0,0.0,0.0,2020-10-25T19:15:00Z,0,13,0,0,0,0,6,0,935,1,0,0.0,0,-30,30,60,45,True,0,KLMXMPRS,2,45,3,0
578,173954,Jairo Riedewald,0,1,28,1,13.3,144,53,0,1,7.4,43.4,2020-10-24T14:00:00Z,84,54,0,0,0,0,6,0,42013,2,1,17.0,9,10553,15784,5231,44,False,0,JRRTLT,3,44,31,2
579,87835,Matt Doherty,0,0,27,1,17.1,457,52,0,0,3.9,17.4,2020-10-26T20:00:00Z,90,90,0,0,0,0,6,0,672424,1,0,4.0,6,-140145,9182,149327,58,False,0,THRTMT,2,56,6,2
580,115918,RÃÂºnar Alex RÃÂºnarsson,0,0,0,0,0.0,547,49,0,0,0.0,0.0,2020-10-25T19:15:00Z,0,13,0,0,0,0,6,0,1777,1,0,0.0,0,25,175,150,45,True,0,ALKSRNRRNRSN,1,44,3,0
581,7645,Phil Jagielka,0,0,0,0,0.0,529,54,0,0,0.0,0.0,2020-10-24T19:00:00Z,0,14,0,0,0,0,6,0,44265,1,2,0.0,0,2040,4893,2853,40,False,0,JJLKFL,2,39,49,0
582,104547,Dwight Gayle,0,0,0,0,0.0,329,58,0,0,0.0,0.0,2020-10-25T16:30:00Z,0,39,0,0,0,0,6,0,1730,1,1,0.0,0,-65,42,107,59,False,0,TTKL,4,59,4,0
583,449926,AdriÃÂ¡n BernabÃÂ©,0,0,0,0,0.0,537,57,0,0,0.0,0.0,2020-10-24T11:30:00Z,0,21,0,0,0,0,6,0,349,1,1,0.0,0,18,87,69,45,False,0,ATRNPRNP,3,45,43,0
584,175592,Naby Keita,0,0,0,0,0.0,261,54,0,0,0.0,0.0,2020-10-24T19:00:00Z,0,49,0,0,0,0,6,0,24629,1,2,0.0,0,-7675,109,7784,53,True,0,KTNP,3,52,14,0
585,463034,Liam Delap,0,0,0,0,0.0,539,57,0,0,0.0,0.0,2020-10-24T11:30:00Z,0,21,0,0,0,0,6,0,74604,1,1,0.0,0,1746,14720,12974,45,False,0,TLPLM,4,42,43,0
586,141020,Max Meyer,0,0,0,0,0.0,143,53,0,0,0.0,0.0,2020-10-24T14:00:00Z,0,54,0,0,0,0,6,0,3107,2,1,0.0,0,-141,140,281,48,False,0,MKSMR,3,47,31,0
587,124183,Hakim Ziyech,0,0,2,0,0.5,114,55,0,0,0.1,0.2,2020-10-24T16:30:00Z,9,1,0,0,0,0,6,0,90948,0,0,0.0,1,990,13324,12334,79,False,0,HKMSX,3,79,8,14
588,37642,Jonny Evans,0,0,21,1,0.6,219,49,0,0,1.2,11.8,2020-10-25T19:15:00Z,90,3,0,0,0,0,6,0,14530,1,0,0.0,5,1200,2308,1108,55,False,1,AFNSJN,2,56,13,0
589,174593,Kyle Edwards,0,0,7,0,11.3,421,51,0,0,2.0,7.0,2020-10-26T17:30:00Z,27,36,0,0,0,0,6,0,1989,1,1,2.0,1,-135,30,165,49,False,0,ATRTSKL,3,46,35,0
590,159506,Ola Aina,0,0,17,0,23.4,562,53,2,0,4.9,20.0,2020-10-24T14:00:00Z,90,31,0,0,0,0,6,0,1700,2,1,6.0,1,616,921,305,45,True,0,ANL,2,43,54,15
