name,assists,bonus,bps,clean_sheets,creativity,element,fixture,goals_conceded,goals_scored,ict_index,influence,kickoff_time,minutes,opponent_team,own_goals,penalties_missed,penalties_saved,red_cards,round,saves,selected,team_a_score,team_h_score,threat,total_points,transfers_balance,transfers_in,transfers_out,current_price,was_home,yellow_cards,name_p,code,position,init_price,team_code
Aaron_Cresswell_402,0,0,10,0,27.6,402,40,1,0,3.7,9.8,2018-09-01T14:00:00Z,90,39,0,0,0,0,4,0,57685,1,0,0.0,1,-12459,275,12734,53,True,1,ARNKRSL,55459.0,2.0,50.0,21.0
Aaron_Lennon_83,0,0,2,0,2.5,83,32,2,0,0.8,0.0,2018-09-02T15:00:00Z,90,1,0,0,0,0,4,0,19862,2,0,6.0,2,-1317,1901,3218,50,True,0,ARNLNN,17349.0,3.0,49.0,90.0
Aaron_Mooy_199,0,0,21,0,2.9,199,36,1,0,3.8,20.0,2018-09-01T14:00:00Z,90,11,0,0,0,0,4,0,136948,1,1,15.0,2,-14951,1010,15961,54,False,0,ARNM,74471.0,3.0,50.0,38.0
Aaron_Ramsey_14,0,0,15,0,52.2,14,33,2,0,12.8,27.4,2018-09-02T12:30:00Z,90,99,0,0,0,0,4,0,61047,3,2,48.0,2,271,7240,6969,74,False,0,ARNRMS,41792.0,3.0,71.0,3.0
Aaron_Wan-Bissaka_145,0,0,16,0,39.6,145,35,2,0,7.6,36.0,2018-09-01T14:00:00Z,90,20,0,0,0,0,4,0,1249902,2,0,0.0,0,109808,141679,31871,41,True,1,ARNPSKN,214590.0,2.0,46.0,31.0
Abdelhamid_Sabiri_205,0,0,0,0,0.0,205,36,0,0,0.0,0.0,2018-09-01T14:00:00Z,0,11,0,0,0,0,4,0,3287,1,1,0.0,0,-260,105,365,45,False,0,APTLMTSPR,246878.0,3.0,43.0,38.0
Abdoulaye_DoucourÃ©_390,0,0,9,0,2.2,390,39,1,0,0.8,3.4,2018-09-02T15:00:00Z,90,6,1,0,0,0,4,0,93812,1,2,2.0,0,-8765,3935,12700,60,True,0,APTLTKR,121599.0,3.0,58.0,57.0
Aboubakar_Kamara_189,0,0,0,0,0.0,189,31,0,0,0.0,0.0,2018-09-01T14:00:00Z,0,36,0,0,0,0,4,0,601583,2,2,0.0,0,-29227,51787,81014,45,False,0,APPKRKMR,197030.0,4.0,45.0,54.0
Adama_Diakhaby_471,0,0,4,0,0.6,471,36,1,0,0.6,3.6,2018-09-01T14:00:00Z,59,11,0,0,0,0,4,0,2010,1,1,2.0,1,-145,170,315,49,False,0,ATMTKP,233497.0,3.0,45.0,38.0
Adama_TraorÃ©_500,0,2,28,0,20.8,500,40,0,1,9.3,44.4,2018-09-01T14:00:00Z,28,35,0,0,0,0,4,0,22476,1,0,28.0,8,-622,2628,3250,55,False,0,ATMTRR,159533.0,3.0,51.0,39.0
Adam_Lallana_250,0,0,0,0,0.0,250,37,0,0,0.0,0.0,2018-09-01T11:30:00Z,0,13,0,0,0,0,4,0,55083,2,1,0.0,0,-5996,198,6194,69,False,0,ATMLLN,39155.0,3.0,69.0,14.0
Adam_Masina_386,0,0,0,0,0.0,386,39,0,0,0.0,0.0,2018-09-02T15:00:00Z,0,6,0,0,0,0,4,0,3824,1,2,0.0,0,-520,44,564,44,True,0,ATMMSN,155651.0,2.0,43.0,57.0
Adam_Smith_29,0,0,9,0,1.7,29,34,1,0,0.8,6.2,2018-09-01T14:00:00Z,79,8,0,0,0,0,4,0,34980,0,2,0.0,2,-5970,667,6637,45,False,0,ATMSM0,54469.0,2.0,43.0,91.0
Ademola_Lookman_170,0,0,1,0,1.0,170,36,0,0,1.0,4.8,2018-09-01T14:00:00Z,33,97,0,0,0,0,4,0,6914,1,1,4.0,1,-1524,141,1665,53,True,0,ATMLLKMN,219352.0,3.0,49.0,11.0
Adrian_Mariappa_382,0,0,3,0,0.0,382,39,0,0,0.0,0.0,2018-09-02T15:00:00Z,1,6,0,0,0,0,4,0,7718,1,2,0.0,1,-1141,75,1216,44,True,0,ATRNMRP,20145.0,2.0,42.0,57.0
Adrien Sebastian_Perruchet Silva_231,0,0,0,0,0.0,231,37,0,0,0.0,0.0,2018-09-01T11:30:00Z,0,14,0,0,0,0,4,0,13383,2,1,0.0,0,-1622,221,1843,50,True,0,ATRNPRXTSPSXNSLF,46483.0,3.0,47.0,13.0
AdriÃ¡n_San Miguel del Castillo_399,0,0,0,0,0.0,399,40,0,0,0.0,0.0,2018-09-01T14:00:00Z,0,39,0,0,0,0,4,0,24636,1,0,0.0,0,-1618,117,1735,45,True,0,ATRNKSTLTLMKLSN,60706.0,1.0,42.0,21.0
Ainsley_Maitland-Niles_20,0,0,0,0,0.0,20,33,0,0,0.0,0.0,2018-09-02T12:30:00Z,0,99,0,0,0,0,4,0,19669,3,2,0.0,0,-1992,1663,3655,44,False,0,ANSLMTLNTNLS,154043.0,3.0,44.0,3.0
Alberto_Moreno_240,0,0,0,0,0.0,240,37,0,0,0.0,0.0,2018-09-01T11:30:00Z,0,13,0,0,0,0,4,0,19066,2,1,0.0,0,-2595,280,2875,44,False,0,ALPRTMRN,100059.0,2.0,41.0,14.0
Aleksandar_Mitrovic_480,0,0,22,0,16.8,480,31,2,1,10.3,42.2,2018-09-01T14:00:00Z,90,36,0,0,0,0,4,0,789475,2,2,44.0,5,382380,416644,34264,66,False,1,ALKSNTRMTRFK,128389.0,4.0,63.0,54.0
Alexander_SÃ¸rloth_153,0,0,6,0,10.5,153,35,1,0,2.0,1.2,2018-09-01T14:00:00Z,14,20,0,0,0,0,4,0,15394,2,0,8.0,1,-220,1854,2074,50,True,0,ALKSNTRSRL0,143877.0,4.0,48.0,31.0
Alexandre_Lacazette_22,1,3,41,0,33.8,22,33,2,1,18.5,60.6,2018-09-02T12:30:00Z,90,99,0,0,0,0,4,0,132534,3,2,91.0,12,-15607,7766,23373,94,False,0,ALKSNTRLKST,59966.0,4.0,94.0,3.0
Alexis_SÃ¡nchez_295,1,0,22,1,50.2,295,32,0,0,12.6,31.0,2018-09-02T15:00:00Z,60,90,0,0,0,0,4,0,141199,2,0,45.0,5,-42336,2589,44925,102,False,1,ALKSSSNXS,37265.0,3.0,100.0,1.0
Alex_Iwobi_15,0,0,0,0,0.0,15,33,0,0,0.0,0.0,2018-09-02T12:30:00Z,0,99,0,0,0,0,4,0,101512,3,2,0.0,0,18462,32826,14364,55,False,0,ALKSP,153133.0,3.0,54.0,3.0
Alex_McCarthy_328,0,0,32,1,0.0,328,35,0,0,3.4,33.8,2018-09-01T14:00:00Z,90,31,0,0,0,0,4,6,172288,2,0,0.0,8,10267,23723,13456,45,False,0,ALKSMKR0,58376.0,1.0,43.0,20.0
Alex_Oxlade-Chamberlain_248,0,0,0,0,0.0,248,37,0,0,0.0,0.0,2018-09-01T11:30:00Z,0,13,0,0,0,0,4,0,1779,2,1,0.0,0,-107,58,165,65,False,0,ALKSXMPRLNKSLT,81880.0,3.0,64.0,14.0
Alex_Pritchard_206,0,0,0,0,0.0,206,36,0,0,0.0,0.0,2018-09-01T14:00:00Z,0,11,0,0,0,0,4,0,3633,1,1,0.0,0,-595,81,676,50,False,0,ALKSPRXRT,106450.0,3.0,48.0,38.0
Alex_Smithies_89,0,0,0,0,0.0,89,33,0,0,0.0,0.0,2018-09-02T12:30:00Z,0,3,0,0,0,0,4,0,6032,3,2,0.0,0,-305,328,633,44,True,0,ALKSSM0S,45220.0,1.0,42.0,97.0
Alfie_Mawson_487,0,0,18,0,10.6,487,31,2,0,3.6,25.4,2018-09-01T14:00:00Z,90,36,0,0,0,0,4,0,9191,2,2,0.0,1,-902,139,1041,50,False,0,ALFMSN,149266.0,2.0,47.0,54.0
Alireza_Jahanbakhsh_476,0,0,1,0,0.8,476,31,0,0,0.2,1.2,2018-09-01T14:00:00Z,16,54,0,0,0,0,4,0,52110,2,2,0.0,1,-5573,219,5792,69,True,0,ALRSJHNPKX,165210.0,3.0,67.0,36.0
Alisson_Ramses Becker_468,0,0,15,0,0.0,468,37,1,0,1.9,19.2,2018-09-01T11:30:00Z,90,13,0,0,0,0,4,4,1022258,2,1,0.0,3,91960,121377,29417,56,False,0,ALSNPKRRMSS,116535.0,1.0,59.0,14.0
Anders_Lindegaard_485,0,0,0,0,0.0,485,32,0,0,0.0,0.0,2018-09-02T15:00:00Z,0,1,0,0,0,0,4,0,7594,2,0,0.0,0,-444,62,506,45,True,0,ANTRSLNTKRT,39725.0,1.0,43.0,90.0
Ander_Herrera_299,0,0,2,0,0.6,299,32,0,0,2.0,1.2,2018-09-02T15:00:00Z,14,90,0,0,0,0,4,0,7921,2,0,18.0,1,-199,739,938,50,False,0,ANTRRR,59846.0,3.0,50.0,1.0
Andreas_Christensen_119,0,0,0,0,0.0,119,34,0,0,0.0,0.0,2018-09-01T14:00:00Z,0,98,0,0,0,0,4,0,33401,0,2,0.0,0,-6340,319,6659,52,True,0,ANTRSXRSTNSN,135363.0,2.0,50.0,8.0
Andreas_Pereira_481,0,0,0,0,0.0,481,32,0,0,0.0,0.0,2018-09-02T15:00:00Z,0,90,0,0,0,0,4,0,21276,2,0,0.0,0,-4959,662,5621,49,False,0,ANTRSPRR,156689.0,3.0,45.0,1.0
Andrew_Robertson_247,1,0,20,0,12.8,247,37,1,0,5.1,32.0,2018-09-01T11:30:00Z,90,13,0,0,0,0,4,0,1178533,2,1,6.0,5,117392,151514,34122,61,False,0,ANTRRPRTSN,122798.0,2.0,67.0,14.0
Andrew_Surman_35,0,0,0,0,0.0,35,34,0,0,0.0,0.0,2018-09-01T14:00:00Z,0,8,0,0,0,0,4,0,16104,0,2,0.0,0,-2062,774,2836,50,False,0,ANTRSRMN,15237.0,3.0,46.0,91.0
Andre_Gray_395,0,0,2,0,0.8,395,39,1,0,0.3,0.0,2018-09-02T15:00:00Z,69,6,0,0,0,0,4,0,35602,1,2,5.0,2,-3733,3020,6753,60,True,0,ANTRKR,73426.0,4.0,59.0,57.0
Andriy_Yarmolenko_453,0,0,3,0,13.4,453,40,1,0,4.2,5.0,2018-09-01T14:00:00Z,45,39,0,0,0,0,4,0,34440,1,0,24.0,1,-4074,254,4328,69,True,0,ANTRRMLNK,56377.0,3.0,67.0,21.0
Andros_Townsend_149,0,0,10,0,26.9,149,35,1,0,4.7,13.6,2018-09-01T14:00:00Z,71,20,0,0,0,0,4,0,95599,2,0,6.0,2,-3903,8113,12016,59,True,0,ANTRSTNSNT,60252.0,3.0,56.0,31.0
AndrÃ© Filipe_Tavares Gomes_508,0,0,0,0,0.0,508,36,0,0,0.0,0.0,2018-09-01T14:00:00Z,0,97,0,0,0,0,4,0,7957,1,1,0.0,0,-2520,68,2588,55,True,0,ANTRFLPKMSTFRS,120250.0,3.0,54.0,11.0
AndrÃ©-Frank_Zambo Anguissa_512,0,0,13,0,5.8,512,31,1,0,1.2,6.6,2018-09-01T14:00:00Z,73,36,0,0,0,0,4,0,7732,2,2,0.0,2,-440,541,981,45,False,0,ANTRNKSFRNKSMP,203325.0,3.0,44.0,54.0
AndrÃ©_SchÃ¼rrle_478,0,0,29,0,30.0,478,31,2,1,10.9,41.2,2018-09-01T14:00:00Z,86,36,0,0,0,0,4,0,208032,2,2,38.0,7,5233,26907,21674,59,False,0,ANTRXRL,66842.0,3.0,55.0,54.0
Andy_Carroll_418,0,0,0,0,0.0,418,40,0,0,0.0,0.0,2018-09-01T14:00:00Z,0,39,0,0,0,0,4,0,2096,1,0,0.0,0,-176,114,290,55,True,0,ANTKRL,40142.0,4.0,54.0,21.0
Angelo_Ogbonna_403,0,0,0,0,0.0,403,40,0,0,0.0,0.0,2018-09-01T14:00:00Z,0,39,0,0,0,0,4,0,38993,1,0,0.0,0,-5247,403,5650,44,True,0,ANJLKPN,40669.0,2.0,42.0,21.0
Angus_Gunn_452,0,0,0,0,0.0,452,35,0,0,0.0,0.0,2018-09-01T14:00:00Z,0,31,0,0,0,0,4,0,11033,2,0,0.0,0,-708,51,759,44,False,0,ANKSKN,107265.0,1.0,43.0,20.0
Anthony_Knockaert_55,1,1,30,0,27.7,55,31,2,0,6.1,29.2,2018-09-01T14:00:00Z,74,54,0,0,0,0,4,0,29257,2,2,4.0,6,3165,5912,2747,55,True,0,AN0NKNKRT,83543.0,3.0,52.0,36.0
Anthony_Martial_301,0,0,0,0,0.0,301,32,0,0,0.0,0.0,2018-09-02T15:00:00Z,0,90,0,0,0,0,4,0,26128,2,0,0.0,0,-4235,622,4857,73,False,0,AN0NMRXL,148225.0,3.0,72.0,1.0
Anthony_Pilkington_103,0,0,0,0,0.0,103,33,0,0,0.0,0.0,2018-09-02T12:30:00Z,0,3,0,0,0,0,4,0,10293,3,2,0.0,0,-100,1569,1669,44,True,0,AN0NPLKNKTN,40451.0,3.0,44.0,97.0
Antonio_RÃ¼diger_118,0,0,27,1,8.6,118,34,0,0,2.9,11.2,2018-09-01T14:00:00Z,90,98,0,0,0,0,4,0,154832,0,2,9.0,6,-7214,6402,13616,60,True,0,ANTNRTJR,102380.0,2.0,59.0,8.0
Antonio_Valencia_288,0,1,28,1,28.1,288,32,0,0,4.8,17.4,2018-09-02T15:00:00Z,90,90,0,0,0,0,4,0,31985,2,0,2.0,7,-805,1813,2618,65,False,0,ANTNFLNS,20695.0,2.0,64.0,1.0
Arijanet_Muric_529,0,0,0,0,0.0,529,38,0,0,0.0,0.0,2018-09-01T16:30:00Z,0,4,0,0,0,0,4,0,339,1,2,0.0,0,103,140,37,45,True,0,ARJNTMRK,232917.0,1.0,45.0,43.0
Aron_Gunnarsson_102,0,0,0,0,0.0,102,33,0,0,0.0,0.0,2018-09-02T12:30:00Z,0,3,0,0,0,0,4,0,37138,3,2,0.0,0,-5679,710,6389,44,True,0,ARNKNRSN,49845.0,3.0,44.0,97.0
Arthur_Masuaku_410,0,0,0,0,0.0,410,40,0,0,0.0,0.0,2018-09-01T14:00:00Z,0,39,0,0,0,0,4,0,123896,1,0,0.0,0,4468,18598,14130,45,True,0,AR0RMSK,105717.0,3.0,42.0,21.0
Artur_Boruc_25,0,0,0,0,0.0,25,34,0,0,0.0,0.0,2018-09-01T14:00:00Z,0,8,0,0,0,0,4,0,370070,0,2,0.0,0,-2548,11726,14274,40,False,0,ARTRPRK,18726.0,1.0,41.0,91.0
Ashley Darel Jazz_Richards_96,0,0,0,0,0.0,96,33,0,0,0.0,0.0,2018-09-02T12:30:00Z,0,3,0,0,0,0,4,0,41877,3,2,0.0,0,-2966,612,3578,40,True,0,AXLTRLJSRXRTS,73459.0,2.0,39.0,97.0
Ashley_Barnes_85,0,0,4,0,14.9,85,32,0,0,2.0,2.2,2018-09-02T15:00:00Z,10,1,0,0,0,0,4,0,28768,2,0,3.0,1,-7513,405,7918,58,True,0,AXLPRNS,44699.0,4.0,56.0,90.0
Ashley_Westwood_80,0,0,16,0,18.9,80,32,2,0,3.3,14.0,2018-09-02T15:00:00Z,90,1,0,0,0,0,4,0,108517,2,0,0.0,2,24172,39651,15479,45,True,0,AXLSTT,60551.0,3.0,46.0,90.0
Ashley_Williams_159,0,0,0,0,0.0,159,36,0,0,0.0,0.0,2018-09-01T14:00:00Z,0,97,0,0,0,0,4,0,3980,1,1,0.0,0,-577,25,602,45,True,0,AXLLMS,19159.0,2.0,45.0,11.0
Ashley_Young_293,0,0,0,0,0.0,293,32,0,0,0.0,0.0,2018-09-02T15:00:00Z,0,90,0,0,0,0,4,0,79094,2,0,0.0,0,-11937,1205,13142,59,False,0,AXLNK,18892.0,2.0,57.0,1.0
Asmir_Begovic_24,0,0,18,0,0.0,24,34,2,0,3.6,35.6,2018-09-01T14:00:00Z,90,8,0,0,0,0,4,4,255193,0,2,0.0,2,-8140,8282,16422,45,False,0,ASMRPKFK,40349.0,1.0,43.0,91.0
Aymeric_Laporte_268,0,0,10,0,7.0,268,38,1,0,2.5,15.2,2018-09-01T16:30:00Z,90,4,0,0,0,0,4,0,170654,1,2,3.0,2,57223,68343,11120,55,True,0,AMRKLPRT,146941.0,2.0,63.0,43.0
Ayoze_PÃ©rez_326,0,0,6,0,10.9,326,38,2,0,2.3,8.2,2018-09-01T16:30:00Z,90,43,0,0,0,0,4,0,94778,1,2,4.0,2,-24083,902,24985,63,False,0,ASPRS,168580.0,4.0,61.0,4.0
Bakary_Sako_148,0,0,0,0,0.0,148,35,0,0,0.0,0.0,2018-09-01T14:00:00Z,0,20,0,0,0,0,4,0,1058,2,0,0.0,0,-166,12,178,50,True,0,PKRSK,44343.0,3.0,49.0,31.0
Bamidele_Alli_365,0,0,8,0,18.1,365,39,2,0,4.1,12.6,2018-09-02T15:00:00Z,90,57,0,0,0,0,4,0,398636,1,2,10.0,2,-6932,37811,44743,91,False,0,ALPMTL,108823.0,3.0,88.0,6.0
Barry_Douglas_424,0,0,0,0,0.0,424,40,0,0,0.0,0.0,2018-09-01T14:00:00Z,0,35,0,0,0,0,4,0,1669,1,0,0.0,0,-234,9,243,50,False,0,PRTKLS,57913.0,2.0,50.0,39.0
Beni_Baningime_174,0,0,0,0,0.0,174,36,0,0,0.0,0.0,2018-09-01T14:00:00Z,0,97,0,0,0,0,4,0,2899,1,1,0.0,0,-234,87,321,45,True,0,PNNJMPN,195855.0,3.0,43.0,11.0
Benjamin_Chilwell_219,0,0,12,0,7.3,219,37,2,0,3.8,19.2,2018-09-01T11:30:00Z,90,14,0,0,0,0,4,0,36442,2,1,11.0,1,-1417,2969,4386,50,True,0,PNJMNXLL,172850.0,2.0,50.0,13.0
Benjamin_Mendy_267,1,0,22,0,23.8,267,38,1,0,5.0,26.6,2018-09-01T16:30:00Z,90,4,0,0,0,0,4,0,1880737,1,2,0.0,5,213206,238353,25147,64,True,0,PNJMNMNT,102826.0,2.0,61.0,43.0
Ben_Davies_356,0,0,10,0,14.2,356,39,2,0,2.3,6.2,2018-09-02T15:00:00Z,88,57,0,0,0,0,4,0,259256,1,2,3.0,1,-59299,1848,61147,59,False,0,PNTFS,115556.0,2.0,56.0,6.0
Ben_Foster_445,0,0,13,0,0.0,445,39,1,0,0.7,7.2,2018-09-02T15:00:00Z,90,6,0,0,0,0,4,2,257831,1,2,0.0,2,-4912,12604,17516,45,True,0,PNFSTR,9089.0,1.0,46.0,57.0
Ben_Gibson_491,0,0,0,0,0.0,491,32,0,0,0.0,0.0,2018-09-02T15:00:00Z,0,1,0,0,0,0,4,0,11748,2,0,0.0,0,-2089,101,2190,49,True,0,PNJPSN,83312.0,2.0,48.0,90.0
Ben_Hamer_190,0,0,0,0,0.0,190,36,0,0,0.0,0.0,2018-09-01T14:00:00Z,0,11,0,0,0,0,4,0,376955,1,1,0.0,0,25066,51565,26499,40,False,0,PNMR,38038.0,1.0,39.0,38.0
Ben_Mee_70,0,0,16,0,0.2,70,32,2,0,3.1,28.6,2018-09-02T15:00:00Z,90,1,0,0,0,0,4,0,226198,2,0,2.0,1,-28997,2420,31417,50,True,0,PNM,51927.0,2.0,46.0,90.0
Beram_Kayal_57,0,0,0,0,0.0,57,31,0,0,0.0,0.0,2018-09-01T14:00:00Z,0,54,0,0,0,0,4,0,5279,2,2,0.0,0,-317,226,543,45,True,0,PRMKL,38490.0,3.0,44.0,36.0
Bernardo Mota_Veiga de Carvalho e Silva_276,0,0,3,0,2.7,276,38,0,0,0.7,1.8,2018-09-01T16:30:00Z,32,4,0,0,0,0,4,0,538527,1,2,2.0,1,-66347,40167,106514,76,True,0,PRNRTKRFLTMTSLFFK,165809.0,3.0,78.0,43.0
Bernardo_Fernandes da Silva Junior_440,0,0,0,0,0.0,440,31,0,0,0.0,0.0,2018-09-01T14:00:00Z,0,54,0,0,0,0,4,0,7765,2,2,0.0,0,-1100,97,1197,44,True,0,PRNRTTFRNNTSJNRSLF,209362.0,2.0,42.0,36.0
Bernard_AnÃ­cio Caldeira Duarte_507,0,0,0,0,0.0,507,36,0,0,0.0,0.0,2018-09-01T14:00:00Z,0,97,0,0,0,0,4,0,9131,1,1,0.0,0,-1632,1220,2852,60,True,0,ANSPRNRTKLTRTRT,100649.0,3.0,59.0,11.0
Bernd_Leno_2,0,0,0,0,0.0,2,33,0,0,0.0,0.0,2018-09-02T12:30:00Z,0,99,0,0,0,0,4,0,82858,3,2,0.0,0,-11562,500,12062,49,False,0,PRNTLN,80201.0,1.0,49.0,3.0
Bobby_Reid_110,0,0,3,0,19.0,110,33,3,0,3.8,5.6,2018-09-02T12:30:00Z,90,3,0,0,0,0,4,0,23324,3,2,13.0,2,-6279,778,7057,54,True,0,PPRT,96994.0,4.0,52.0,97.0
Bonatini Lohner Maia_Bonatini_438,1,0,11,0,10.7,438,40,0,0,4.8,20.6,2018-09-01T14:00:00Z,18,35,0,0,0,0,4,0,32629,1,0,17.0,4,-5729,1090,6819,49,False,0,PNTNPNTNLNRM,141569.0,4.0,46.0,39.0
Brahim_Diaz_278,0,0,0,0,0.0,278,38,0,0,0.0,0.0,2018-09-01T16:30:00Z,0,4,0,0,0,0,4,0,2692,1,2,0.0,0,-296,71,367,49,True,0,PRHMTS,216183.0,3.0,47.0,43.0
Brian_Murphy_537,0,0,0,0,0.0,537,33,0,0,0.0,0.0,2018-09-02T12:30:00Z,0,3,0,0,0,0,4,0,0,3,2,0.0,0,0,0,0,40,True,0,PRNMRF,10589.0,1.0,40.0,97.0
Bright_Enobakhare_436,0,0,0,0,0.0,436,40,0,0,0.0,0.0,2018-09-01T14:00:00Z,0,35,0,0,0,0,4,0,12624,1,0,0.0,0,-233,1834,2067,44,False,0,PRTNPKR,198847.0,3.0,43.0,39.0
Bruno_Ecuele Manga_92,0,0,16,0,10.5,92,33,3,0,2.3,12.2,2018-09-02T12:30:00Z,90,3,0,0,0,0,4,0,8578,3,2,0.0,1,867,1527,660,45,True,0,PRNKLMNK,49382.0,2.0,44.0,97.0
Bruno_Saltor Grau_50,0,0,0,0,0.0,50,31,0,0,0.0,0.0,2018-09-01T14:00:00Z,0,54,0,0,0,0,4,0,8046,2,2,0.0,0,-1329,47,1376,44,True,0,PRNKRSLTR,11352.0,2.0,44.0,36.0
Caglar_SÃ¶yÃ¼ncÃ¼_515,0,0,0,0,0.0,515,37,0,0,0.0,0.0,2018-09-01T11:30:00Z,0,14,0,0,0,0,4,0,2248,2,1,0.0,0,-460,24,484,50,True,0,KKLRSNK,,,,
Callum_Hudson-Odoi_131,0,0,0,0,0.0,131,34,0,0,0.0,0.0,2018-09-01T14:00:00Z,0,98,0,0,0,0,4,0,84837,0,2,0.0,0,-11769,2935,14704,44,True,0,KLMTSNT,209046.0,3.0,42.0,8.0
Callum_Paterson_101,0,0,0,0,0.0,101,33,0,0,0.0,0.0,2018-09-02T12:30:00Z,0,3,0,0,0,0,4,0,6112,3,2,0.0,0,-778,143,921,54,True,0,KLMPTRSN,122797.0,3.0,48.0,97.0
Callum_Wilson_43,0,0,-1,0,3.2,43,34,2,0,1.5,1.6,2018-09-01T14:00:00Z,90,8,0,0,0,0,4,0,795956,0,2,10.0,2,114185,176329,62144,62,False,0,KLMLSN,75115.0,4.0,69.0,91.0
Calum_Chambers_9,0,0,3,0,0.0,9,31,0,0,0.2,2.2,2018-09-01T14:00:00Z,3,36,0,0,0,0,4,0,79929,2,2,0.0,1,-8193,1312,9505,45,False,0,KLMXMPRS,101184.0,2.0,42.0,54.0
Carlos_SÃ¡nchez_518,0,0,12,0,15.3,518,40,1,0,2.1,5.4,2018-09-01T14:00:00Z,90,39,0,0,0,0,4,0,18878,1,0,0.0,2,389,2328,1939,45,True,0,KRLSSNXS,42824.0,3.0,43.0,21.0
Cenk_Tosun_177,0,0,2,0,2.2,177,36,1,0,1.3,0.0,2018-09-01T14:00:00Z,90,97,0,0,0,0,4,0,300530,1,1,15.0,2,-6254,32558,38812,70,True,0,SNKTSN,66838.0,4.0,64.0,11.0
Cesc_FÃ bregas_123,0,0,0,0,0.0,123,34,0,0,0.0,0.0,2018-09-01T14:00:00Z,0,98,0,0,0,0,4,0,26544,0,2,0.0,0,-5232,122,5354,63,True,0,SSKFPRKS,17878.0,3.0,62.0,8.0
Chancel_Mbemba_316,0,0,0,0,0.0,316,38,0,0,0.0,0.0,2018-09-01T16:30:00Z,0,43,0,0,0,0,4,0,8916,1,2,0.0,0,-778,112,890,40,False,0,XNSLMPMP,149736.0,2.0,40.0,4.0
Charlie_Austin_348,0,0,-12,0,0.8,348,35,0,0,4.3,3.2,2018-09-01T14:00:00Z,28,31,0,1,0,0,4,0,50475,2,0,39.0,-1,-14096,1482,15578,58,False,0,ASTNXRL,78356.0,4.0,55.0,20.0
Charlie_Daniels_28,0,0,0,0,0.0,28,34,0,0,0.0,0.0,2018-09-01T14:00:00Z,0,8,0,0,0,0,4,0,698135,0,2,0.0,0,-74409,7261,81670,45,False,0,XRLTNLS,41320.0,2.0,41.0,91.0
Charlie_Taylor_74,0,0,15,0,8.8,74,32,2,0,3.2,23.2,2018-09-02T15:00:00Z,90,1,0,0,0,0,4,0,12496,2,0,0.0,1,-1024,297,1321,45,True,0,XRLTLR,103914.0,2.0,44.0,90.0
Cheikhou_KouyatÃ©_412,0,0,6,0,21.5,412,35,1,0,4.5,12.4,2018-09-01T14:00:00Z,18,20,0,0,0,0,4,0,19162,2,0,11.0,1,-2835,178,3013,49,True,0,XKKT,55037.0,3.0,47.0,31.0
Christian_Atsu_320,0,0,6,0,1.8,320,38,0,0,0.6,4.2,2018-09-01T16:30:00Z,36,43,0,0,0,0,4,0,6395,1,2,0.0,1,-1106,108,1214,54,False,0,ATSXRSXN,104953.0,3.0,51.0,4.0
Christian_Benteke_152,0,0,-3,0,11.3,152,35,2,0,10.1,0.0,2018-09-01T14:00:00Z,90,20,0,0,0,0,4,0,61222,2,0,90.0,2,-4621,5161,9782,65,True,0,PNTKXRSXN,54861.0,4.0,63.0,31.0
Christian_Eriksen_364,0,0,15,0,5.9,364,39,2,0,4.6,15.2,2018-09-02T15:00:00Z,90,57,0,0,0,0,4,0,587080,1,2,25.0,2,-56230,18426,74656,94,False,0,KRSXNRKSN,80607.0,3.0,92.0,6.0
Christian_Fuchs_216,0,0,0,0,0.0,216,37,0,0,0.0,0.0,2018-09-01T11:30:00Z,0,14,0,0,0,0,4,0,34833,2,1,0.0,0,-4245,421,4666,44,True,0,KRSXNFKS,37402.0,2.0,41.0,13.0
Christian_Kabasele_380,0,0,14,0,0.0,380,39,1,0,3.6,32.2,2018-09-02T15:00:00Z,90,6,0,0,0,0,4,0,39794,1,2,4.0,2,-2575,2484,5059,45,True,0,KRSXNKPSL,85624.0,2.0,44.0,57.0
Christopher_Schindler_192,0,0,10,0,0.3,192,36,1,0,1.2,6.0,2018-09-01T14:00:00Z,90,11,0,0,0,0,4,0,132527,1,1,6.0,2,-1092,5451,6543,45,False,0,KRSTFRXNTLR,85368.0,2.0,42.0,38.0
Chris_LÃ¶we_193,1,1,25,0,6.2,193,36,1,0,1.9,12.4,2018-09-01T14:00:00Z,90,11,0,0,0,0,4,0,8396,1,1,0.0,6,-1163,48,1211,45,False,0,KRSL,54284.0,2.0,44.0,38.0
Chris_Smalling_284,0,1,28,1,0.2,284,32,0,0,2.5,16.0,2018-09-02T15:00:00Z,90,90,0,0,0,0,4,0,88115,2,0,9.0,7,-11060,818,11878,58,False,0,KRSSMLNK,55909.0,2.0,56.0,1.0
Chris_Wood_87,0,0,8,0,1.8,87,32,2,0,0.8,0.4,2018-09-02T15:00:00Z,83,1,0,0,0,0,4,0,22548,2,0,6.0,2,-4650,742,5392,65,True,0,KRST,60689.0,4.0,63.0,90.0
Ciaran_Clark_311,0,0,11,0,0.1,311,38,2,0,1.7,16.8,2018-09-01T16:30:00Z,80,43,0,0,0,0,4,0,17708,1,2,0.0,1,-827,947,1774,45,False,0,SRNKLRK,58845.0,2.0,45.0,4.0
Claudio_Bravo_261,0,0,0,0,0.0,261,38,0,0,0.0,0.0,2018-09-01T16:30:00Z,0,4,0,0,0,0,4,0,8970,1,2,0.0,0,-1592,49,1641,49,True,0,PRFKLT,33148.0,1.0,48.0,43.0
Collin_Quaner_209,0,0,0,0,0.0,209,36,0,0,0.0,0.0,2018-09-01T14:00:00Z,0,11,0,0,0,0,4,0,219302,1,1,0.0,0,-22918,4779,27697,45,False,0,KLNKNR,84112.0,4.0,43.0,38.0
Connor_Wickham_444,0,0,0,0,0.0,444,35,0,0,0.0,0.0,2018-09-01T14:00:00Z,0,20,0,0,0,0,4,0,5320,2,0,0.0,0,-807,74,881,50,True,0,KNRKM,59125.0,4.0,49.0,31.0
Conor_Coady_430,0,2,28,1,0.2,430,40,0,0,2.1,21.2,2018-09-01T14:00:00Z,90,35,0,0,0,0,4,0,26936,1,0,0.0,8,-1364,726,2090,45,False,0,KTKNR,94147.0,2.0,45.0,39.0
Craig_Cathcart_376,0,3,32,0,0.1,376,39,1,1,7.9,61.8,2018-09-02T15:00:00Z,90,6,0,0,0,0,4,0,12517,1,2,17.0,11,-46,1138,1184,45,True,0,K0KRTKRK,41338.0,2.0,45.0,57.0
Cuco_Martina_163,0,0,0,0,0.0,163,36,0,0,0.0,0.0,2018-09-01T14:00:00Z,0,97,0,0,0,0,4,0,4388,1,1,0.0,0,-1160,6,1166,45,True,0,KKMRTN,56192.0,2.0,45.0,11.0
Cyrus_Christie_460,0,0,0,0,0.0,460,31,0,0,0.0,0.0,2018-09-01T14:00:00Z,0,36,0,0,0,0,4,0,11937,2,2,0.0,0,-1554,98,1652,44,False,0,KRSTSRS,87107.0,2.0,42.0,54.0
CÃ©dric_Soares_332,1,3,45,1,53.4,332,35,0,0,12.4,55.0,2018-09-01T14:00:00Z,90,31,0,0,0,0,4,0,289865,2,0,16.0,12,-35494,4269,39763,44,False,0,KTRKSRS,58822.0,2.0,42.0,20.0
CÃ©sar_Azpilicueta_113,0,0,27,1,20.8,113,34,0,0,3.9,18.4,2018-09-01T14:00:00Z,90,98,0,0,0,0,4,0,692596,0,2,0.0,6,-59200,8927,68127,65,True,0,ASPLKTKSR,41328.0,2.0,64.0,8.0
Daley_Blind_290,0,0,0,0,0.0,290,32,0,0,0.0,0.0,2018-09-02T15:00:00Z,0,90,0,0,0,0,4,0,589,2,0,0.0,0,-65,5,70,50,False,0,PLNTTL,58877.0,2.0,50.0,1.0
Dale_Stephens_56,0,0,11,0,2.5,56,31,2,0,1.1,5.0,2018-09-01T14:00:00Z,90,54,0,0,0,0,4,0,450526,2,2,3.0,1,-23994,14801,38795,45,True,1,TLSTFNS,40845.0,3.0,43.0,36.0
Daniel_Amartey_226,0,0,7,0,0.2,226,37,0,0,0.5,4.6,2018-09-01T11:30:00Z,7,14,0,0,0,0,4,0,16875,2,1,0.0,1,-391,1395,1786,45,True,0,AMRTTNL,155569.0,3.0,43.0,13.0
Daniel_Drinkwater_128,0,0,0,0,0.0,128,34,0,0,0.0,0.0,2018-09-01T14:00:00Z,0,98,0,0,0,0,4,0,8398,0,2,0.0,0,-863,134,997,49,True,0,TNLTRNKTR,61603.0,3.0,46.0,8.0
Daniel_Sturridge_472,0,0,0,0,0.0,472,37,0,0,0.0,0.0,2018-09-01T11:30:00Z,0,13,0,0,0,0,4,0,60471,2,1,0.0,0,-11957,1729,13686,59,False,0,TNLSTRJ,40755.0,4.0,56.0,14.0
Danilo Luiz_da Silva_266,0,0,0,0,0.0,266,38,0,0,0.0,0.0,2018-09-01T16:30:00Z,0,4,0,0,0,0,4,0,28352,1,2,0.0,0,-6067,303,6370,52,True,0,TTNLLSSLF,100180.0,2.0,48.0,43.0
Danny_Batth_428,0,0,0,0,0.0,428,40,0,0,0.0,0.0,2018-09-01T14:00:00Z,0,35,0,0,0,0,4,0,84726,1,0,0.0,0,-6932,1156,8088,40,False,0,P0TN,77610.0,2.0,40.0,39.0
Danny_Ings_258,0,2,35,1,22.2,258,35,0,1,10.1,49.2,2018-09-01T14:00:00Z,77,31,0,0,0,0,4,0,263075,2,0,30.0,8,-25139,27282,52421,56,False,0,TNNKS,84939.0,4.0,54.0,20.0
Danny_Rose_354,0,0,2,0,0.0,354,39,0,0,0.2,0.0,2018-09-02T15:00:00Z,1,57,0,0,0,0,4,0,52190,1,2,4.0,1,-5206,463,5669,59,False,0,TNRS,38290.0,2.0,58.0,6.0
Danny_Simpson_217,0,0,0,0,0.0,217,37,0,0,0.0,0.0,2018-09-01T11:30:00Z,0,14,0,0,0,0,4,0,15906,2,1,0.0,0,-1869,247,2116,44,True,0,TNSMPSN,40725.0,2.0,42.0,13.0
Danny_Ward_105,0,0,24,0,11.2,105,33,3,1,7.3,36.8,2018-09-02T12:30:00Z,83,3,0,0,0,0,4,0,14361,3,2,25.0,7,-1018,594,1612,45,True,0,TNRT,75826.0,3.0,43.0,97.0
Danny_Ward_105,0,0,24,0,11.2,105,33,3,1,7.3,36.8,2018-09-02T12:30:00Z,83,3,0,0,0,0,4,0,14361,3,2,25.0,7,-1018,594,1612,45,True,0,TNRT,95463.0,1.0,43.0,13.0
Danny_Ward_457,0,0,0,0,0.0,457,37,0,0,0.0,0.0,2018-09-01T11:30:00Z,0,14,0,0,0,0,4,0,10691,2,1,0.0,0,-583,78,661,45,True,0,TNRT,75826.0,3.0,43.0,97.0
Danny_Ward_457,0,0,0,0,0.0,457,37,0,0,0.0,0.0,2018-09-01T11:30:00Z,0,14,0,0,0,0,4,0,10691,2,1,0.0,0,-583,78,661,45,True,0,TNRT,95463.0,1.0,43.0,13.0
Danny_Welbeck_21,0,0,3,0,0.8,21,33,0,0,0.1,0.4,2018-09-02T12:30:00Z,6,99,0,0,0,0,4,0,34461,3,2,0.0,1,4776,7757,2981,65,False,0,TNLPK,50175.0,4.0,64.0,3.0
Danny_Williams_204,0,0,0,0,0.0,204,36,0,0,0.0,0.0,2018-09-01T14:00:00Z,0,11,0,0,0,0,4,0,791,1,1,0.0,0,61,142,81,45,False,0,TNLMS,80755.0,3.0,45.0,38.0
Dan_Gosling_37,0,0,4,0,21.9,37,34,2,0,4.0,15.2,2018-09-01T14:00:00Z,90,8,0,0,0,0,4,0,6382,0,2,3.0,1,-390,263,653,50,False,1,TNKSLNK,40387.0,3.0,47.0,91.0
Daryl_Janmaat_381,0,0,21,0,43.8,381,39,1,0,7.6,30.2,2018-09-02T15:00:00Z,90,6,0,0,0,0,4,0,35491,1,2,2.0,2,1754,4759,3005,50,True,0,TRLJNMT,52940.0,2.0,49.0,57.0
David Junior_Hoilett_99,0,0,0,0,7.2,99,33,3,0,0.8,0.0,2018-09-02T12:30:00Z,90,3,0,0,0,0,4,0,9939,3,2,6.0,1,-3461,32,3493,53,True,1,TFTLTJNR,49806.0,3.0,50.0,97.0
Davide_Zappacosta_120,0,0,0,0,0.0,120,34,0,0,0.0,0.0,2018-09-01T14:00:00Z,0,98,0,0,0,0,4,0,9897,0,2,0.0,0,-1554,213,1767,53,True,0,TFTSPKST,105700.0,2.0,50.0,8.0
David_Brooks_42,0,0,0,0,0.0,42,34,0,0,0.0,0.0,2018-09-01T14:00:00Z,0,8,0,0,0,0,4,0,8172,0,2,0.0,0,-39,1042,1081,50,False,0,PRKSTFT,111317.0,3.0,50.0,91.0
David_Button_179,0,0,0,0,0.0,179,31,0,0,0.0,0.0,2018-09-01T14:00:00Z,0,54,0,0,0,0,4,0,93512,2,2,0.0,0,336,4171,3835,40,True,0,PTNTFT,50093.0,1.0,40.0,36.0
David_De Gea_282,0,0,26,1,0.0,282,32,0,0,2.2,22.0,2018-09-02T15:00:00Z,90,90,0,0,0,0,4,2,1253851,2,0,0.0,6,-140114,5807,145921,60,False,0,TFTTJ,51940.0,1.0,57.0,1.0
David_Luiz Moreira Marinho_116,0,2,31,1,20.8,116,34,0,0,4.8,26.8,2018-09-01T14:00:00Z,90,98,0,0,0,0,4,0,209145,0,2,0.0,8,-10514,15165,25679,55,True,0,TFTLSMRNMRR,41270.0,2.0,58.0,8.0
David_Silva_271,0,0,14,0,59.8,271,38,1,0,17.0,16.8,2018-09-01T16:30:00Z,89,4,0,0,0,0,4,0,371692,1,2,93.0,2,25680,61559,35879,85,True,0,TFTSLF,20664.0,3.0,85.0,43.0
Davinson_SÃ¡nchez_359,0,0,12,0,0.6,359,39,2,0,2.5,18.4,2018-09-02T15:00:00Z,90,57,0,0,0,0,4,0,120768,1,2,6.0,1,-15579,837,16416,60,False,0,TFNSNSNXS,173904.0,2.0,58.0,6.0
Davy_Klaassen_171,0,0,0,0,0.0,171,36,0,0,0.0,0.0,2018-09-01T14:00:00Z,0,97,0,0,0,0,4,0,482,1,1,0.0,0,-50,4,54,60,True,0,TFKLSN,109065.0,3.0,60.0,11.0
Davy_PrÃ¶pper_60,0,0,9,0,14.1,60,31,2,0,2.0,5.4,2018-09-01T14:00:00Z,73,54,0,0,0,0,4,0,7993,2,2,0.0,1,-219,512,731,50,True,1,TFPRPR,66242.0,3.0,48.0,36.0
DeAndre_Yedlin_310,0,0,19,0,0.6,310,38,2,1,5.9,41.8,2018-09-01T16:30:00Z,90,43,0,0,0,0,4,0,52246,1,2,17.0,7,-2356,1319,3675,45,False,0,TNTRTLN,151119.0,2.0,45.0,4.0
Declan_Rice_406,0,0,0,0,0.0,406,40,0,0,0.0,0.0,2018-09-01T14:00:00Z,0,39,0,0,0,0,4,0,13171,1,0,0.0,0,-1395,105,1500,44,True,0,TKLNRS,204480.0,2.0,44.0,21.0
Dejan_Lovren_239,0,0,0,0,0.0,239,37,0,0,0.0,0.0,2018-09-01T11:30:00Z,0,13,0,0,0,0,4,0,124701,2,1,0.0,0,-28203,166,28369,50,False,0,TJNLFRN,38454.0,2.0,49.0,14.0
Demarai_Gray_225,0,0,6,0,13.8,225,37,2,0,4.0,4.4,2018-09-01T11:30:00Z,75,14,0,0,0,0,4,0,100021,2,1,22.0,2,27940,40637,12697,55,True,0,TMRKR,172632.0,3.0,54.0,13.0
Denis_Odoi_181,0,0,12,0,1.1,181,31,2,0,2.1,20.0,2018-09-01T14:00:00Z,90,36,0,0,0,0,4,0,7827,2,2,0.0,1,-408,193,601,45,False,0,TNST,72681.0,2.0,44.0,54.0
Diego_Rico_473,0,0,23,0,43.7,473,34,2,0,7.2,25.4,2018-09-01T14:00:00Z,90,8,0,0,0,0,4,0,1311,0,2,3.0,1,1,124,123,45,False,0,TKRK,171129.0,2.0,41.0,91.0
Diogo_Jota_432,0,0,5,1,4.4,432,40,0,0,1.1,0.4,2018-09-01T14:00:00Z,61,35,0,0,0,0,4,0,145704,1,0,6.0,3,-27336,3898,31234,63,False,0,TKJT,194634.0,3.0,63.0,39.0
Domingos_Quina_517,0,0,0,0,0.0,517,39,0,0,0.0,0.0,2018-09-02T15:00:00Z,0,6,0,0,0,0,4,0,3799,1,2,0.0,0,-293,185,478,45,True,0,TMNKSKN,216058.0,3.0,44.0,57.0
Dominic_Calvert-Lewin_175,0,1,25,0,2.3,175,36,1,1,6.7,39.2,2018-09-01T14:00:00Z,90,97,0,0,0,0,4,0,43062,1,1,25.0,7,-6752,1342,8094,54,True,0,KLFRTTMNKLN,177815.0,4.0,54.0,11.0
Dominic_Solanke_259,0,0,0,0,0.0,259,37,0,0,0.0,0.0,2018-09-01T11:30:00Z,0,13,0,0,0,0,4,0,16992,2,1,0.0,0,-1772,567,2339,49,False,0,TMNKSLNK,154566.0,4.0,47.0,91.0
Dwight_Gayle_325,0,0,0,0,0.0,325,38,0,0,0.0,0.0,2018-09-01T16:30:00Z,0,43,0,0,0,0,4,0,4299,1,2,0.0,0,-824,25,849,60,False,0,TTKL,104547.0,4.0,60.0,4.0
Dwight_McNeil_534,0,0,18,0,38.6,534,32,2,0,6.2,12.8,2018-09-02T15:00:00Z,79,1,0,0,0,0,4,0,0,2,0,11.0,1,0,0,0,45,True,1,TTMKNL,433154.0,3.0,44.0,90.0
Eden_Hazard_122,0,3,36,1,67.0,122,34,0,1,16.7,52.8,2018-09-01T14:00:00Z,90,98,0,0,0,0,4,0,848251,0,2,47.0,11,125498,153734,28236,106,True,0,ATNSRT,42786.0,3.0,110.0,8.0
Ederson_Santana de Moraes_260,0,0,11,0,0.0,260,38,1,0,1.1,10.6,2018-09-01T16:30:00Z,90,4,0,0,0,0,4,1,1249525,1,2,0.0,2,50844,97667,46823,56,True,0,TTRSNMRSSNTN,121160.0,1.0,57.0,43.0
Edimilson_Fernandes_416,0,0,0,0,0.0,416,40,0,0,0.0,0.0,2018-09-01T14:00:00Z,0,39,0,0,0,0,4,0,8265,1,0,0.0,0,-1517,10,1527,45,True,0,ATMLSNFRNNTS,163526.0,3.0,45.0,21.0
Eldin_Jakupovic_214,0,0,0,0,0.0,214,37,0,0,0.0,0.0,2018-09-01T11:30:00Z,0,14,0,0,0,0,4,0,6647,2,1,0.0,0,-302,59,361,45,True,0,ALTNJKPFK,11974.0,1.0,43.0,13.0
Elias_Kachunga_212,0,0,1,0,2.2,212,36,0,0,2.4,4.4,2018-09-01T14:00:00Z,30,11,0,0,0,0,4,0,4821,1,1,17.0,1,-431,230,661,49,False,0,ALSKKNK,87428.0,4.0,48.0,38.0
Emerson_Hyndman_41,0,0,0,0,0.0,41,34,0,0,0.0,0.0,2018-09-01T14:00:00Z,0,8,0,0,0,0,4,0,2490,0,2,0.0,0,-233,7,240,45,False,0,AMRSNNTMN,122342.0,3.0,44.0,91.0
Emerson_Palmieri dos Santos_121,0,0,0,0,0.0,121,34,0,0,0.0,0.0,2018-09-01T14:00:00Z,0,98,0,0,0,0,4,0,7092,0,2,0.0,0,-800,64,864,54,True,0,TSMRSNPLMRSNTS,109533.0,2.0,52.0,8.0
Eric_Bailly_291,0,0,3,0,0.0,291,32,0,0,0.2,2.0,2018-09-02T15:00:00Z,1,90,0,0,0,0,4,0,149447,2,0,0.0,1,-33382,2377,35759,54,False,0,PLRK,197365.0,2.0,50.0,1.0
Eric_Dier_361,0,0,0,0,0.0,361,39,0,0,0.0,0.0,2018-09-02T15:00:00Z,0,57,0,0,0,0,4,0,94037,1,2,0.0,0,-1740,6477,8217,49,False,0,TRRK,93264.0,3.0,47.0,6.0
Erik_Durm_461,0,0,9,0,0.3,461,36,0,0,0.8,6.0,2018-09-01T14:00:00Z,14,11,0,0,0,0,4,0,7107,1,1,2.0,1,-1002,24,1026,45,False,0,TRMRK,118884.0,2.0,44.0,38.0
Erik_Lamela_363,0,0,0,0,0.0,363,39,0,0,0.0,0.0,2018-09-02T15:00:00Z,0,57,0,0,0,0,4,0,4818,1,2,0.0,0,-784,601,1385,65,False,0,ARKLML,62974.0,3.0,59.0,6.0
Ethan_Ampadu_130,0,0,0,0,0.0,130,34,0,0,0.0,0.0,2018-09-01T14:00:00Z,0,98,0,0,0,0,4,0,3235,0,2,0.0,0,-192,206,398,44,True,0,AMPT0N,199598.0,3.0,44.0,8.0
Etienne_Capoue_389,0,0,12,0,0.8,389,39,1,0,2.2,21.4,2018-09-02T15:00:00Z,90,6,0,0,0,0,4,0,20760,1,2,0.0,1,5567,8403,2836,50,True,1,KPTN,38439.0,3.0,48.0,57.0
Ezequiel_Schelotto_53,0,0,0,0,0.0,53,31,0,0,0.0,0.0,2018-09-01T14:00:00Z,0,54,0,0,0,0,4,0,103281,2,2,0.0,0,-8044,1199,9243,40,True,0,ASKLXLT,74375.0,2.0,38.0,36.0
Fabian_Delph_269,0,0,0,0,0.0,269,38,0,0,0.0,0.0,2018-09-01T16:30:00Z,0,4,0,0,0,0,4,0,13552,1,2,0.0,0,-1994,150,2144,54,True,0,TLFFPN,41823.0,2.0,53.0,43.0
Fabian_SchÃ¤r_482,0,0,0,0,0.0,482,38,0,0,0.0,0.0,2018-09-01T16:30:00Z,0,43,0,0,0,0,4,0,10944,1,2,0.0,0,-1278,135,1413,49,False,0,FPNXR,119471.0,2.0,45.0,4.0
Fabio Henrique_Tavares_255,0,0,0,0,0.0,255,37,0,0,0.0,0.0,2018-09-01T11:30:00Z,0,13,0,0,0,0,4,0,32381,2,1,0.0,0,-6730,582,7312,57,False,0,FPNRKTFRS,116643.0,3.0,55.0,14.0
FabiÃ¡n_Balbuena_464,0,0,25,0,0.4,464,40,1,0,4.6,41.4,2018-09-01T14:00:00Z,90,39,0,0,0,0,4,0,14837,1,0,4.0,2,-793,965,1758,45,True,0,PLPNFPN,166640.0,2.0,42.0,21.0
Fabricio_Agosto RamÃ­rez_474,0,0,0,0,0.0,474,31,0,0,0.0,0.0,2018-09-01T14:00:00Z,0,36,0,0,0,0,4,0,20896,2,2,0.0,0,-1599,1268,2867,45,False,0,AKSTFPRSRMRS,40559.0,1.0,42.0,54.0
Federico_FernÃ¡ndez_516,0,0,11,0,0.1,516,38,2,0,2.3,22.8,2018-09-01T16:30:00Z,90,43,0,0,0,0,4,0,9030,1,2,0.0,1,-896,138,1034,45,False,0,FTRKFRNNTS,57145.0,2.0,44.0,4.0
Felipe Anderson_Pereira Gomes_465,0,0,9,0,28.8,465,40,1,0,5.2,14.2,2018-09-01T14:00:00Z,90,39,0,0,0,0,4,0,140038,1,0,9.0,2,3534,14707,11173,69,True,0,ANTRSNFLPKMSPRR,101537.0,3.0,68.0,21.0
Fernando_Llorente_371,0,0,3,0,0.3,371,39,0,0,0.2,0.0,2018-09-02T15:00:00Z,9,57,0,0,0,0,4,0,13231,1,2,2.0,1,-1643,755,2398,58,False,0,FRNNTLRNT,19760.0,4.0,51.0,6.0
Fernando_Luiz Rosa_272,0,0,11,0,31.0,272,38,1,0,8.4,16.4,2018-09-01T16:30:00Z,90,4,0,0,0,0,4,0,273879,1,2,37.0,2,-26671,4966,31637,54,True,0,FRNNTLSRS,27789.0,3.0,53.0,43.0
Filip_Benkovic_501,0,0,0,0,0.0,501,37,0,0,0.0,0.0,2018-09-01T11:30:00Z,0,14,0,0,0,0,4,0,2690,2,1,0.0,0,-363,50,413,50,True,0,PNKFKFLP,213405.0,2.0,50.0,13.0
Florent_Hadergjonaj_197,0,0,3,0,15.0,197,36,1,0,2.0,5.2,2018-09-01T14:00:00Z,75,11,0,0,0,0,4,0,5436,1,1,0.0,1,-171,373,544,45,False,1,FLRNTTRKJNJ,172246.0,2.0,43.0,38.0
Florian_Lejeune_314,0,0,0,0,0.0,314,38,0,0,0.0,0.0,2018-09-01T16:30:00Z,0,43,0,0,0,0,4,0,929,1,2,0.0,0,-101,10,111,45,False,0,FLRNLJN,77359.0,2.0,44.0,4.0
Florin_Andone_66,0,0,0,0,0.0,66,31,0,0,0.0,0.0,2018-09-01T14:00:00Z,0,54,0,0,0,0,4,0,3075,2,2,0.0,0,-455,68,523,50,True,0,ANTNFLRN,93284.0,4.0,50.0,36.0
Floyd_AyitÃ©_186,0,0,0,0,0.0,186,31,0,0,0.0,0.0,2018-09-01T14:00:00Z,0,36,0,0,0,0,4,0,7066,2,2,0.0,0,-877,479,1356,44,False,0,ATFLT,54421.0,3.0,42.0,54.0
Fousseni_DiabatÃ©_232,0,0,0,0,0.0,232,37,0,0,0.0,0.0,2018-09-01T11:30:00Z,0,14,0,0,0,0,4,0,2430,2,1,0.0,0,-202,132,334,48,True,0,TPTFSN,210207.0,3.0,46.0,13.0
Francisco_FemenÃ­a Far_383,0,0,0,0,0.0,383,39,0,0,0.0,0.0,2018-09-02T15:00:00Z,0,6,0,0,0,0,4,0,15721,1,2,0.0,0,-3847,282,4129,44,True,0,FRFMNFRNSSK,54484.0,2.0,42.0,57.0
Fraser_Forster_329,0,0,0,0,0.0,329,35,0,0,0.0,0.0,2018-09-01T14:00:00Z,0,31,0,0,0,0,4,0,53169,2,0,0.0,0,-4150,862,5012,44,False,0,FRSTRFRSR,40383.0,1.0,42.0,20.0
Frederico_Rodrigues de Paula Santos_304,0,0,0,0,0.0,304,32,0,0,0.0,0.0,2018-09-02T15:00:00Z,0,90,0,0,0,0,4,0,159503,2,0,0.0,0,-26242,7106,33348,59,False,0,TFRTRKPLRTRKSSNTS,101582.0,3.0,53.0,1.0
Gabriel Fernando_de Jesus_281,0,0,-1,0,3.7,281,38,1,0,8.0,4.2,2018-09-01T16:30:00Z,57,4,0,0,0,0,4,0,122215,1,2,72.0,1,-18037,5618,23655,104,True,0,TFRNNTKPRLJSS,205651.0,4.0,99.0,43.0
Gary_Cahill_114,0,0,0,0,0.0,114,34,0,0,0.0,0.0,2018-09-01T14:00:00Z,0,98,0,0,0,0,4,0,45519,0,2,0.0,0,-7296,378,7674,53,True,0,KHLKR,19419.0,2.0,50.0,8.0
Gary_Madine_109,0,0,3,0,0.3,109,33,0,0,0.2,0.0,2018-09-02T12:30:00Z,1,3,0,0,0,0,4,0,68676,3,2,2.0,1,-4974,4525,9499,45,True,0,KRMTN,45196.0,4.0,44.0,97.0
GaÃ«tan_Bong_51,0,0,11,0,1.5,51,31,2,0,1.6,14.2,2018-09-01T14:00:00Z,90,54,0,0,0,0,4,0,9890,2,2,0.0,1,469,1173,704,45,True,0,PNKKTN,42748.0,2.0,44.0,36.0
Georges-KÃ©vin_Nkoudou_497,0,0,0,0,0.0,497,39,0,0,0.0,0.0,2018-09-02T15:00:00Z,0,57,0,0,0,0,4,0,931,1,2,0.0,0,-86,61,147,50,False,0,JRJSKFNNKT,168566.0,3.0,48.0,6.0
Georginio_Wijnaldum_252,0,0,6,0,1.2,252,37,1,0,2.6,4.4,2018-09-01T11:30:00Z,90,13,0,0,0,0,4,0,37067,2,1,20.0,2,-1128,2883,4011,55,False,0,JRJNNLTM,41733.0,3.0,55.0,14.0
Gerard_Deulofeu_394,0,0,0,0,0.0,394,39,0,0,0.0,0.0,2018-09-02T15:00:00Z,0,6,0,0,0,0,4,0,9656,1,2,0.0,0,-1848,161,2009,54,True,0,TLFKRRT,94924.0,3.0,57.0,57.0
Glenn_Murray_62,0,3,44,0,2.8,62,31,2,2,13.1,60.6,2018-09-01T14:00:00Z,90,54,0,0,0,0,4,0,50462,2,2,68.0,12,6442,13066,6624,65,True,1,KLNMR,20529.0,4.0,61.0,36.0
Granit_Xhaka_17,1,0,21,0,47.3,17,33,2,0,8.9,32.6,2018-09-02T12:30:00Z,90,99,0,0,0,0,4,0,150275,3,2,9.0,4,-18564,2248,20812,54,False,1,KRNTKSK,84450.0,3.0,52.0,3.0
Greg_Cunninghamm_467,0,0,0,0,0.0,467,33,0,0,0.0,0.0,2018-09-02T12:30:00Z,0,3,0,0,0,0,4,0,3781,3,2,0.0,0,-439,26,465,44,True,0,KNNKMKRK,80792.0,2.0,41.0,97.0
Greg_Halford_97,0,0,0,0,0.0,97,33,0,0,0.0,0.0,2018-09-02T12:30:00Z,0,3,0,0,0,0,4,0,1457,3,2,0.0,0,-74,55,129,40,True,0,KRKLFRT,14927.0,2.0,40.0,97.0
Guido_Carrillo_350,0,0,0,0,0.0,350,35,0,0,0.0,0.0,2018-09-01T14:00:00Z,0,31,0,0,0,0,4,0,178,2,0,0.0,0,-15,6,21,55,False,0,KRLKT,98914.0,4.0,55.0,20.0
Gylfi_Sigurdsson_172,0,0,9,0,11.5,172,36,1,0,1.8,6.8,2018-09-01T14:00:00Z,75,97,0,0,0,0,4,0,83787,1,1,0.0,2,1183,9786,8603,74,True,0,KLFSKRTSN,55422.0,3.0,74.0,11.0
Hamza_Choudhury_230,0,0,0,0,0.0,230,37,0,0,0.0,0.0,2018-09-01T11:30:00Z,0,14,0,0,0,0,4,0,5222,2,1,0.0,0,-264,214,478,44,True,0,XTRMS,197469.0,3.0,43.0,13.0
Harry_Arter_33,0,0,4,0,1.8,33,33,3,0,2.7,8.8,2018-09-02T12:30:00Z,90,3,0,0,0,0,4,0,14231,3,2,16.0,1,-783,321,1104,50,True,1,ARTRR,48615.0,3.0,49.0,97.0
Harry_Kane_372,0,0,1,0,2.6,372,39,2,0,3.2,0.0,2018-09-02T15:00:00Z,90,57,0,0,0,0,4,0,1569681,1,2,30.0,2,47135,95841,48706,125,False,0,HRKN,78830.0,4.0,126.0,6.0
Harry_Maguire_220,0,0,15,0,1.0,220,37,2,0,2.8,27.2,2018-09-01T11:30:00Z,90,14,0,0,0,0,4,0,860442,2,1,0.0,1,23648,47789,24141,55,True,0,HRMKR,95658.0,2.0,54.0,13.0
Harry_Winks_368,0,0,4,0,0.8,368,39,0,0,0.3,2.0,2018-09-02T15:00:00Z,4,57,0,0,0,0,4,0,1000,1,2,0.0,1,7,106,99,55,False,0,HRNKS,157668.0,3.0,55.0,6.0
Henrikh_Mkhitaryan_18,0,0,2,0,0.0,18,33,0,0,0.0,0.2,2018-09-02T12:30:00Z,1,99,0,0,0,0,4,0,1129838,3,2,0.0,1,79729,169784,90055,72,False,0,HNRKMKTRN,57249.0,3.0,66.0,3.0
Heung-Min_Son_367,0,0,0,0,0.0,367,39,0,0,0.0,0.0,2018-09-02T15:00:00Z,0,57,0,0,0,0,4,0,78587,1,2,0.0,0,-19504,761,20265,83,False,0,HNKMNSN,85971.0,3.0,86.0,6.0
Heurelho_Gomes_373,0,0,0,0,0.0,373,39,0,0,0.0,0.0,2018-09-02T15:00:00Z,0,6,0,0,0,0,4,0,20888,1,2,0.0,0,-1309,230,1539,45,True,0,KMSRL,18656.0,1.0,42.0,57.0
Hugo_Lloris_351,0,0,0,0,0.0,351,39,0,0,0.0,0.0,2018-09-02T15:00:00Z,0,57,0,0,0,0,4,0,367563,1,2,0.0,0,-37805,21029,58834,55,False,0,HKLRS,37915.0,1.0,54.0,6.0
HÃ©ctor_BellerÃ­n_4,0,0,5,0,5.1,4,33,2,0,1.9,5.0,2018-09-02T12:30:00Z,90,99,0,0,0,0,4,0,671467,3,2,9.0,0,798,43942,43144,55,False,1,PLRNKTR,98745.0,2.0,53.0,3.0
HÃ©lder_Costa_435,0,0,4,1,12.9,435,40,0,0,2.1,5.8,2018-09-01T14:00:00Z,71,35,0,0,0,0,4,0,34303,1,0,2.0,3,2306,7298,4992,49,False,0,KSTLTR,165808.0,3.0,46.0,39.0
Ibrahima_CissÃ©_521,0,0,0,0,0.0,521,31,0,0,0.0,0.0,2018-09-01T14:00:00Z,0,36,0,0,0,0,4,0,3967,2,2,0.0,0,-242,289,531,45,False,0,SSPRHM,109999.0,3.0,43.0,54.0
Idrissa_Gueye_168,0,0,0,0,0.0,168,36,0,0,0.0,0.0,2018-09-01T14:00:00Z,0,97,0,0,0,0,4,0,23800,1,1,0.0,0,-3719,573,4292,49,True,0,KTRS,80801.0,3.0,47.0,11.0
Ilkay_GÃ¼ndogan_274,0,0,2,0,1.3,274,38,0,0,0.1,0.0,2018-09-01T16:30:00Z,14,4,0,0,0,0,4,0,188993,1,2,1.0,1,73590,92818,19228,55,True,0,KNTKNLK,59859.0,3.0,54.0,43.0
Isaac_Hayden_323,0,0,0,0,0.0,323,38,0,0,0.0,0.0,2018-09-01T16:30:00Z,0,43,0,0,0,0,4,0,7529,1,2,0.0,0,-1156,140,1296,45,False,0,HTNSK,153127.0,3.0,43.0,4.0
Isaac_Mbenza_514,0,0,0,0,0.0,514,36,0,0,0.0,0.0,2018-09-01T14:00:00Z,0,11,0,0,0,0,4,0,835,1,1,0.0,0,-49,46,95,60,False,0,ASKMPNS,204454.0,3.0,59.0,38.0
Isaac_Success Ajayi_524,0,0,-4,0,2.3,524,39,0,0,0.6,0.0,2018-09-02T15:00:00Z,20,6,0,0,0,0,4,0,63285,1,2,4.0,0,12207,24436,12229,45,True,1,AJSKSKSS,173514.0,4.0,45.0,57.0
Issa_Diop_409,0,0,19,0,0.4,409,40,1,0,2.3,21.0,2018-09-01T14:00:00Z,90,39,0,0,0,0,4,0,33025,1,0,2.0,2,-3001,835,3836,44,True,0,TPS,219924.0,2.0,42.0,21.0
Ivan_Cavaleiro_434,0,0,0,0,0.0,434,40,0,0,0.0,0.0,2018-09-01T14:00:00Z,0,35,0,0,0,0,4,0,2413,1,0,0.0,0,-836,18,854,54,False,0,KFLRFN,166324.0,3.0,52.0,39.0
Jack_Cork_82,0,0,15,0,25.5,82,32,2,0,3.8,11.2,2018-09-02T15:00:00Z,90,1,0,0,0,0,4,0,43295,2,0,1.0,2,-4989,842,5831,49,True,0,KRKJK,40145.0,3.0,46.0,90.0
Jack_Simpson_32,0,0,0,0,0.0,32,34,0,0,0.0,0.0,2018-09-01T14:00:00Z,0,8,0,0,0,0,4,0,268175,0,2,0.0,0,-17013,3669,20682,40,False,0,JKSMPSN,222434.0,2.0,39.0,91.0
Jack_Stephens_333,0,0,0,0,0.0,333,35,0,0,0.0,0.0,2018-09-01T14:00:00Z,0,31,0,0,0,0,4,0,17647,2,0,0.0,0,-2957,233,3190,45,False,0,JKSTFNS,88900.0,2.0,42.0,20.0
Jack_Wilshere_447,0,0,18,1,12.1,447,40,0,0,2.3,11.2,2018-09-01T14:00:00Z,63,39,0,0,0,0,4,0,181634,1,0,0.0,3,-23497,5891,29388,49,True,0,JKLXR,54102.0,3.0,48.0,21.0
Jacob_Murphy_321,0,0,3,0,0.1,321,38,0,0,0.5,3.0,2018-09-01T16:30:00Z,9,43,0,0,0,0,4,0,2965,1,2,2.0,1,27,333,306,49,False,0,JKPMRF,114243.0,3.0,47.0,4.0
Jairo_Riedewald_144,0,0,0,0,0.0,144,35,0,0,0.0,0.0,2018-09-01T14:00:00Z,0,20,0,0,0,0,4,0,3958,2,0,0.0,0,-299,78,377,44,True,0,JRRTLT,173954.0,2.0,43.0,31.0
Jamaal_Lascelles_312,0,0,11,0,0.2,312,38,2,0,2.7,26.4,2018-09-01T16:30:00Z,90,43,0,0,0,0,4,0,322549,1,2,0.0,1,-65316,875,66191,49,False,0,JMLLSLS,101148.0,2.0,47.0,4.0
James_Maddison_233,1,0,23,0,39.4,233,37,2,0,10.9,23.8,2018-09-01T11:30:00Z,82,14,0,0,0,0,4,0,127757,2,1,46.0,5,-1666,18710,20376,65,True,0,JMSMTSN,172780.0,3.0,66.0,13.0
James_McArthur_147,0,0,18,0,38.8,147,35,2,0,9.8,17.6,2018-09-01T14:00:00Z,90,20,0,0,0,0,4,0,68384,2,0,42.0,2,-3372,4975,8347,49,True,0,JMSMKR0R,50471.0,3.0,49.0,31.0
James_McCarthy_166,0,0,0,0,0.0,166,36,0,0,0.0,0.0,2018-09-01T14:00:00Z,0,97,0,0,0,0,4,0,1149,1,1,0.0,0,-123,49,172,45,True,0,JMSMKR0,50472.0,3.0,44.0,11.0
James_Milner_254,1,0,20,0,47.0,254,37,1,0,8.7,40.0,2018-09-01T11:30:00Z,90,13,0,0,0,0,4,0,245784,2,1,0.0,4,63423,90997,27574,56,False,1,JMSMLNR,15157.0,3.0,56.0,14.0
James_Tarkowski_72,0,0,14,0,0.7,72,32,2,0,3.0,27.0,2018-09-02T15:00:00Z,90,1,0,0,0,0,4,0,546154,2,0,2.0,1,5960,39851,33891,50,True,0,JMSTRKSK,17761.0,2.0,47.0,90.0
James_Tomkins_138,0,0,0,0,0.0,138,35,0,0,0.0,0.0,2018-09-01T14:00:00Z,0,20,0,0,0,0,4,0,314755,2,0,0.0,0,-74312,1316,75628,45,True,0,JMSTMKNS,49413.0,2.0,43.0,31.0
James_Ward-Prowse_338,0,0,0,0,0.0,338,35,0,0,0.0,0.0,2018-09-01T14:00:00Z,0,31,0,0,0,0,4,0,17127,2,0,0.0,0,-3447,115,3562,54,False,0,JMSPRSRT,101178.0,3.0,51.0,20.0
Jamie_Sterry_530,0,0,0,0,0.0,530,38,0,0,0.0,0.0,2018-09-01T16:30:00Z,0,43,0,0,0,0,4,0,2952,1,2,0.0,0,1249,1861,612,40,False,0,JMSTR,181397.0,2.0,40.0,4.0
Jamie_Vardy_234,0,0,0,0,0.0,234,37,0,0,0.0,0.0,2018-09-01T11:30:00Z,0,14,0,0,0,0,4,0,159681,2,1,0.0,0,-51555,1305,52860,89,True,0,JMFRT,101668.0,4.0,90.0,13.0
Jannik_Vestergaard_463,0,0,27,1,0.6,463,35,0,0,2.9,28.4,2018-09-01T14:00:00Z,90,31,0,0,0,0,4,0,23951,2,0,0.0,5,-2299,620,2919,49,False,1,JNKFSTRKRT,93100.0,2.0,46.0,20.0
Jan_Bednarek_335,0,0,0,0,0.0,335,35,0,0,0.0,0.0,2018-09-01T14:00:00Z,0,31,0,0,0,0,4,0,224670,2,0,0.0,0,-5619,20039,25658,39,False,0,PTNRKJN,171771.0,2.0,40.0,20.0
Jan_Vertonghen_355,0,0,16,0,15.4,355,39,2,0,4.6,28.2,2018-09-02T15:00:00Z,90,57,0,0,0,0,4,0,587243,1,2,2.0,1,-3226,26672,29898,60,False,0,JNFRTNKN,39194.0,2.0,59.0,6.0
Jaroslaw_Jach_442,0,0,0,0,0.0,442,35,0,0,0.0,0.0,2018-09-01T14:00:00Z,0,20,0,0,0,0,4,0,3120,2,0,0.0,0,-214,65,279,40,True,0,JKJRSL,185478.0,2.0,40.0,31.0
Jason_Puncheon_146,0,0,0,0,0.0,146,35,0,0,0.0,0.0,2018-09-01T14:00:00Z,0,20,0,0,0,0,4,0,34047,2,0,0.0,0,-2364,1878,4242,44,True,0,JSNPNXN,19197.0,3.0,41.0,38.0
Jason_Steele_439,0,0,0,0,0.0,439,31,0,0,0.0,0.0,2018-09-01T14:00:00Z,0,54,0,0,0,0,4,0,83393,2,2,0.0,0,823,3756,2933,40,True,0,JSNSTL,49262.0,1.0,39.0,36.0
Javier_HernÃ¡ndez BalcÃ¡zar_419,0,0,6,0,10.0,419,40,1,0,1.2,2.4,2018-09-01T14:00:00Z,15,39,0,0,0,0,4,0,105324,1,0,0.0,1,-15224,3863,19087,64,True,0,PLKSRRNNTSJF,43020.0,4.0,61.0,21.0
Javier_Manquillo_315,0,0,0,0,0.0,315,38,0,0,0.0,0.0,2018-09-01T16:30:00Z,0,43,0,0,0,0,4,0,5798,1,2,0.0,0,-915,31,946,44,False,0,JFRMNKL,109528.0,2.0,43.0,4.0
Jean Michael_Seri_456,1,2,32,0,29.2,456,31,2,0,7.3,36.6,2018-09-01T14:00:00Z,90,36,0,0,0,0,4,0,113712,2,2,7.0,7,28712,37372,8660,54,False,0,JNMKLSR,170271.0,3.0,49.0,54.0
Jefferson_Lerma_494,0,0,7,0,1.1,494,34,2,0,2.3,21.2,2018-09-01T14:00:00Z,87,8,0,0,0,0,4,0,12436,0,2,1.0,1,-280,986,1266,45,False,1,JFRSNLRM,152551.0,3.0,45.0,91.0
Jeffrey_Schlupp_141,0,0,7,0,17.1,141,35,1,0,5.3,15.4,2018-09-01T14:00:00Z,75,20,0,0,0,0,4,0,253343,2,0,20.0,2,26749,51374,24625,45,True,0,JFRXLP,86417.0,2.0,43.0,31.0
Jeff_Hendrick_78,0,0,3,0,6.0,78,32,2,0,0.6,0.4,2018-09-02T15:00:00Z,57,1,0,0,0,0,4,0,12242,2,0,0.0,1,1210,2440,1230,55,True,0,HNTRKJF,83314.0,3.0,52.0,90.0
Jermain_Defoe_46,0,0,0,0,0.0,46,34,0,0,0.0,0.0,2018-09-01T14:00:00Z,0,8,0,0,0,0,4,0,33018,0,2,0.0,0,-6003,602,6605,58,False,0,TFJRMN,7958.0,4.0,56.0,91.0
Jerome_Sinclair_398,0,0,0,0,0.0,398,39,0,0,0.0,0.0,2018-09-02T15:00:00Z,0,6,0,0,0,0,4,0,6824,1,2,0.0,0,-613,259,872,45,True,0,JRMSNKLR,133801.0,4.0,44.0,57.0
Jesse_Lingard_300,0,0,12,1,15.3,300,32,0,0,5.6,1.4,2018-09-02T15:00:00Z,75,90,0,0,0,0,4,0,177382,2,0,39.0,3,-9541,8928,18469,68,False,0,JSLNKRT,109322.0,3.0,67.0,1.0
Joel_Matip_243,0,0,3,0,0.0,243,37,0,0,0.0,0.0,2018-09-01T11:30:00Z,1,13,0,0,0,0,4,0,3970,2,1,0.0,1,47,325,278,49,False,0,JLMTP,60914.0,2.0,49.0,14.0
Joel_Ward_441,0,0,0,0,0.0,441,35,0,0,0.0,0.0,2018-09-01T14:00:00Z,0,20,0,0,0,0,4,0,18647,2,0,0.0,0,-545,1072,1617,44,True,0,JLRT,55494.0,2.0,43.0,31.0
Joe_Bennett_94,1,0,24,0,18.7,94,33,3,0,5.5,35.8,2018-09-02T12:30:00Z,90,3,0,0,0,0,4,0,37669,3,2,0.0,4,6181,10675,4494,45,True,0,PNTJ,56981.0,2.0,44.0,97.0
Joe_Bryan_510,0,0,0,0,0.0,510,31,0,0,0.0,0.0,2018-09-01T14:00:00Z,0,36,0,0,0,0,4,0,7986,2,2,0.0,0,-480,501,981,50,False,0,PRNJ,101105.0,2.0,48.0,54.0
Joe_Hart_490,0,2,38,0,0.0,490,32,2,0,7.4,74.2,2018-09-02T15:00:00Z,90,1,0,0,1,0,4,7,315661,2,0,0.0,10,-9873,14871,24744,45,True,0,HRTJ,15749.0,1.0,42.0,90.0
Joe_Ralls_98,0,0,7,0,3.5,98,33,3,0,1.9,7.6,2018-09-02T12:30:00Z,90,3,0,0,0,0,4,0,16171,3,2,8.0,2,1105,4254,3149,49,True,0,JRLS,104073.0,3.0,46.0,97.0
Johann Berg_Gudmundsson_76,0,0,0,0,0.0,76,32,0,0,0.0,0.0,2018-09-02T15:00:00Z,0,1,0,0,0,0,4,0,59698,2,0,0.0,0,-30875,506,31381,60,True,0,PRKKTMNTSNJHN,60586.0,3.0,55.0,90.0
John_Ruddy_421,0,0,0,0,0.0,421,40,0,0,0.0,0.0,2018-09-01T14:00:00Z,0,35,0,0,0,0,4,0,20824,1,0,0.0,0,-1524,127,1651,45,False,0,JNRT,19236.0,1.0,42.0,39.0
John_Stones_262,0,0,21,0,3.5,262,38,1,0,2.8,22.8,2018-09-01T16:30:00Z,90,4,0,0,0,0,4,0,508740,1,2,2.0,2,-97529,6244,103773,55,True,0,JNSTNS,97299.0,2.0,52.0,43.0
Jon Gorenc_Stankovic_522,0,0,0,0,0.0,522,36,0,0,0.0,0.0,2018-09-01T14:00:00Z,0,11,0,0,0,0,4,0,196505,1,1,0.0,0,16619,40722,24103,40,False,0,KRNKJNSTNKFK,192301.0,2.0,39.0,38.0
Jonas_LÃ¶ssl_191,0,0,8,0,0.0,191,36,1,0,0.4,3.6,2018-09-01T14:00:00Z,90,11,0,0,0,0,4,0,87345,1,1,0.0,2,1581,6071,4490,45,False,0,JNSLSL,57513.0,1.0,44.0,38.0
Jonathan_Castro Otto_483,0,3,33,1,23.8,483,40,0,0,6.3,29.4,2018-09-01T14:00:00Z,90,35,0,0,0,0,4,0,23042,1,0,10.0,9,-2513,1077,3590,44,False,0,KSTRJN0NT,114128.0,2.0,43.0,39.0
Jonathan_Hogg_201,0,0,0,0,0.0,201,36,0,0,0.0,0.0,2018-09-01T14:00:00Z,0,11,0,0,0,0,4,0,11398,1,1,0.0,0,-2351,74,2425,45,False,0,HKJN0N,79619.0,3.0,44.0,38.0
Jonathan_Walters_81,0,0,0,0,0.0,81,32,0,0,0.0,0.0,2018-09-02T15:00:00Z,0,1,0,0,0,0,4,0,2787,2,0,0.0,0,-455,72,527,49,True,0,JN0NLTRS,12813.0,3.0,47.0,90.0
Jonjoe_Kenny_161,0,0,0,0,0.0,161,36,0,0,0.0,0.0,2018-09-01T14:00:00Z,0,97,0,0,0,0,4,0,9600,1,1,0.0,0,-1137,259,1396,44,True,0,JNJKN,153673.0,2.0,41.0,11.0
Jonjo_Shelvey_318,0,0,0,0,0.0,318,38,0,0,0.0,0.0,2018-09-01T16:30:00Z,0,43,0,0,0,0,4,0,42270,1,2,0.0,0,-14306,364,14670,55,False,0,JNJXLF,50232.0,3.0,53.0,4.0
Jonny_Evans_222,0,0,0,0,0.0,222,37,0,0,0.0,0.0,2018-09-01T11:30:00Z,0,14,0,0,0,0,4,0,19444,2,1,0.0,0,-2134,531,2665,50,True,0,AFNSJN,37642.0,2.0,48.0,13.0
Jordan_Ayew_505,0,0,3,0,2.7,505,35,1,0,9.4,3.0,2018-09-01T14:00:00Z,75,20,0,0,0,0,4,0,13712,2,0,88.0,2,-3372,481,3853,59,True,0,AJRTN,80146.0,4.0,57.0,31.0
Jordan_Henderson_249,0,0,14,0,3.3,249,37,1,0,0.9,5.4,2018-09-01T11:30:00Z,70,13,0,0,0,0,4,0,49742,2,1,0.0,2,-6542,583,7125,54,False,0,HNTRSNJRTN,56979.0,3.0,53.0,14.0
Jordan_Hugill_420,0,0,0,0,0.0,420,40,0,0,0.0,0.0,2018-09-01T14:00:00Z,0,39,0,0,0,0,4,0,1004,1,0,0.0,0,-134,19,153,50,True,0,HJLJRTN,167522.0,4.0,50.0,21.0
Jordan_Pickford_154,0,0,18,0,0.0,154,36,1,0,3.0,30.2,2018-09-01T14:00:00Z,90,97,0,0,0,0,4,5,968530,1,1,0.0,3,-36184,22463,58647,50,True,0,JRTNPKFRT,111234.0,1.0,49.0,11.0
Jordon_Ibe_38,0,0,1,0,0.5,38,34,1,0,0.2,0.0,2018-09-01T14:00:00Z,10,8,0,0,0,0,4,0,17646,0,2,2.0,1,-2495,213,2708,53,False,0,APJRTN,103912.0,3.0,49.0,91.0
Jorge Luiz_Frello Filho_459,0,0,15,1,11.7,459,34,0,0,3.0,9.4,2018-09-01T14:00:00Z,90,98,0,0,0,0,4,0,811451,0,2,9.0,3,28366,96814,68448,51,True,0,FLFRLJRJLS,85955.0,3.0,46.0,8.0
Jose Luis_Mato SanmartÃ­n_327,0,0,3,0,0.2,327,38,0,0,2.1,3.4,2018-09-01T16:30:00Z,17,43,0,0,0,0,4,0,274099,1,2,17.0,1,43831,78286,34455,50,False,0,HSLSMTSNMRTN,61316.0,4.0,47.0,4.0
Joseph_Gomez_242,0,0,18,0,10.4,242,37,1,0,3.8,23.4,2018-09-01T11:30:00Z,90,13,0,0,0,0,4,0,127360,2,1,4.0,2,54698,63851,9153,50,False,0,KMSJSF,171287.0,2.0,48.0,14.0
Joshua_King_45,0,0,6,0,5.9,45,34,1,0,1.6,6.0,2018-09-01T14:00:00Z,79,8,0,0,0,0,4,0,226895,0,2,4.0,2,-22719,11865,34584,64,False,0,JXKNK,78007.0,4.0,64.0,91.0
Joshua_Sims_342,0,0,0,0,0.0,342,35,0,0,0.0,0.0,2018-09-01T14:00:00Z,0,31,0,0,0,0,4,0,3383,2,0,0.0,0,-700,9,709,45,False,0,JXSMS,153379.0,3.0,44.0,20.0
Joshua_Sims_342,0,0,0,0,0.0,342,35,0,0,0.0,0.0,2018-09-01T14:00:00Z,0,31,0,0,0,0,4,0,3383,2,0,0.0,0,-700,9,709,45,False,0,JXSMS,153379.0,3.0,44.0,20.0
Josh_Murphy_106,0,0,0,0,0.0,106,33,0,0,0.0,0.0,2018-09-02T12:30:00Z,0,3,0,0,0,0,4,0,11803,3,2,0.0,0,-654,1009,1663,49,True,0,JXMRF,114245.0,3.0,48.0,97.0
JosÃ© Diogo_Dalot Teixeira_294,0,0,0,0,0.0,294,32,0,0,0.0,0.0,2018-09-02T15:00:00Z,0,90,0,0,0,0,4,0,1493,2,0,0.0,0,-143,49,192,54,False,0,TLTTKJSTKSR,216051.0,2.0,53.0,1.0
JosÃ© Heriberto_Izquierdo Mena_61,0,0,0,0,0.0,61,31,0,0,0.0,0.0,2018-09-01T14:00:00Z,0,54,0,0,0,0,4,0,5558,2,2,0.0,0,-1019,32,1051,59,True,0,HRPRTSKRTJSMN,167473.0,3.0,59.0,36.0
JosÃ©_Holebas_378,2,2,31,0,29.8,378,39,1,0,8.9,51.2,2018-09-02T15:00:00Z,90,6,0,0,0,0,4,0,549716,1,2,8.0,10,156815,191754,34939,47,True,0,HLPSJS,40868.0,2.0,48.0,57.0
JoÃ£o Filipe Iria_Santos Moutinho_475,0,0,26,1,42.3,475,40,0,0,7.4,29.2,2018-09-01T14:00:00Z,90,35,0,0,0,0,4,0,82449,1,0,2.0,3,9382,15782,6400,54,False,0,FLPRJMTNSNTS,19624.0,3.0,51.0,39.0
Juan_Mata_297,0,0,0,0,0.0,297,32,0,0,0.0,0.0,2018-09-02T15:00:00Z,0,90,0,0,0,0,4,0,83042,2,0,0.0,0,-21796,2746,24542,64,False,0,JNMT,43670.0,3.0,61.0,1.0
Julian_Speroni_136,0,0,0,0,0.0,136,35,0,0,0.0,0.0,2018-09-01T14:00:00Z,0,20,0,0,0,0,4,0,673438,2,0,0.0,0,-22659,9085,31744,40,True,0,JLNSPRN,11554.0,1.0,39.0,31.0
Juninho_Bacuna_208,0,0,0,0,0.0,208,36,0,0,0.0,0.0,2018-09-01T14:00:00Z,0,11,0,0,0,0,4,0,6557,1,1,0.0,0,-468,246,714,44,False,0,PKNJNN,204380.0,3.0,42.0,38.0
Junior_Stanislas_36,0,0,0,0,0.0,36,34,0,0,0.0,0.0,2018-09-01T14:00:00Z,0,8,0,0,0,0,4,0,2375,0,2,0.0,0,-190,60,250,60,False,0,JNRSTNLS,56872.0,3.0,60.0,91.0
JÃ¼rgen_Locadia_65,0,0,1,0,1.6,65,31,0,0,2.2,3.0,2018-09-01T14:00:00Z,16,54,0,0,0,0,4,0,6613,2,2,17.0,1,-402,366,768,54,True,0,JRJNLKT,106757.0,4.0,53.0,36.0
Kadeem_Harris_535,0,0,0,0,0.0,535,33,0,0,0.0,0.0,2018-09-02T12:30:00Z,0,3,0,0,0,0,4,0,0,3,2,0.0,0,0,0,0,45,True,0,HRSKTM,78911.0,3.0,45.0,97.0
Karl_Darlow_308,0,0,0,0,0.0,308,38,0,0,0.0,0.0,2018-09-01T16:30:00Z,0,43,0,0,0,0,4,0,4821,1,2,0.0,0,-242,47,289,45,False,0,TRLKRL,59735.0,1.0,44.0,4.0
Kasper_Schmeichel_213,0,0,11,0,0.0,213,37,2,0,1.6,16.2,2018-09-01T11:30:00Z,90,14,0,0,0,0,4,2,307235,2,1,0.0,1,-4420,11512,15932,50,True,0,KSPRXMXL,17745.0,1.0,50.0,13.0
Kelechi_Iheanacho_236,0,0,3,0,10.8,236,37,0,0,2.0,3.2,2018-09-01T11:30:00Z,29,14,0,0,0,0,4,0,60845,2,1,6.0,1,-5147,4098,9245,60,True,0,AHNKKLX,173515.0,4.0,57.0,13.0
Kenneth_Zohore_107,0,0,4,0,14.3,107,33,0,0,2.0,4.0,2018-09-02T12:30:00Z,6,3,0,0,0,0,4,0,29108,3,2,2.0,1,-2735,3344,6079,49,True,0,KN0SHR,82078.0,4.0,46.0,97.0
Ken_Sema_446,0,0,0,0,0.0,446,39,0,0,0.0,0.0,2018-09-02T15:00:00Z,0,6,0,0,0,0,4,0,4445,1,2,0.0,0,-350,158,508,49,True,0,KNSM,157775.0,3.0,46.0,57.0
Kepa_Arrizabalaga_498,0,0,21,1,0.0,498,34,0,0,1.2,12.2,2018-09-01T14:00:00Z,90,98,0,0,0,0,4,1,223013,0,2,0.0,6,6909,25043,18134,55,True,0,ARSPLKKP,109745.0,1.0,54.0,8.0
Kevin_De Bruyne_273,0,0,0,0,0.0,273,38,0,0,0.0,0.0,2018-09-01T16:30:00Z,0,4,0,0,0,0,4,0,224754,1,2,0.0,0,-56030,259,56289,98,True,0,PRNTKFN,61366.0,3.0,96.0,43.0
Kevin_Long_73,0,0,0,0,0.0,73,32,0,0,0.0,0.0,2018-09-02T15:00:00Z,0,1,0,0,0,0,4,0,29181,2,0,0.0,0,-4586,204,4790,44,True,0,KFNLNK,41674.0,2.0,41.0,90.0
Kevin_McDonald_183,0,0,9,0,3.3,183,31,2,0,0.6,2.0,2018-09-01T14:00:00Z,90,36,0,0,0,0,4,0,17735,2,2,1.0,2,-845,1049,1894,45,False,0,KFNMKTNLT,55038.0,3.0,42.0,54.0
Kevin_Mirallas_469,0,0,0,0,0.0,469,36,0,0,0.0,0.0,2018-09-01T14:00:00Z,0,97,0,0,0,0,4,0,779,1,1,0.0,0,-110,5,115,55,True,0,KFNMRLS,26901.0,3.0,55.0,11.0
Kieran_Dowell_528,0,0,0,0,0.0,528,36,0,0,0.0,0.0,2018-09-01T14:00:00Z,0,97,0,0,0,0,4,0,159,1,1,0.0,0,58,112,54,45,True,0,TLKRN,171270.0,3.0,45.0,11.0
Kieran_Trippier_357,0,0,28,0,42.3,357,39,2,0,7.4,27.6,2018-09-02T15:00:00Z,90,57,0,0,0,0,4,0,1322075,1,2,4.0,1,22053,98246,76193,60,False,0,KRNTRPR,77794.0,2.0,60.0,6.0
Konstantinos_Mavropanos_10,0,0,0,0,0.0,10,33,0,0,0.0,0.0,2018-09-02T12:30:00Z,0,99,0,0,0,0,4,0,8291,3,2,0.0,0,-1247,101,1348,49,False,0,KNSTNTNSMFRPNS,233963.0,2.0,47.0,3.0
Kortney_Hause_525,0,0,0,0,0.0,525,40,0,0,0.0,0.0,2018-09-01T14:00:00Z,0,35,0,0,0,0,4,0,14154,1,0,0.0,0,520,1958,1438,40,False,0,HSKRTN,123354.0,2.0,40.0,39.0
Kurt_Zouma_526,0,0,11,0,1.5,526,36,1,0,2.0,13.6,2018-09-01T14:00:00Z,90,97,0,0,0,0,4,0,6371,1,1,5.0,2,1732,2512,780,50,True,0,KRTSM,103192.0,2.0,50.0,11.0
Kyle_Walker-Peters_358,0,0,0,0,0.0,358,39,0,0,0.0,0.0,2018-09-02T15:00:00Z,0,57,0,0,0,0,4,0,21037,1,2,0.0,0,-2083,966,3049,44,False,0,KLPTRSLKR,158534.0,2.0,42.0,6.0
Kyle_Walker_265,0,2,27,0,5.8,265,38,1,1,6.7,47.0,2018-09-01T16:30:00Z,90,4,0,0,0,0,4,0,550154,1,2,14.0,10,-41681,6024,47705,65,True,0,KLLKR,58621.0,2.0,64.0,43.0
Laurent_Depoitre_210,0,0,3,0,0.0,210,36,0,0,0.0,0.0,2018-09-01T14:00:00Z,1,11,0,0,0,0,4,0,43408,1,1,0.0,1,-8090,429,8519,54,False,0,TPTRLRNT,147303.0,4.0,51.0,38.0
Laurent_Koscielny_3,0,0,0,0,0.0,3,33,0,0,0.0,0.0,2018-09-02T12:30:00Z,0,99,0,0,0,0,4,0,6016,3,2,0.0,0,-508,56,564,55,False,0,KSLNLRNT,51507.0,2.0,54.0,3.0
Leander_Dendoncker_519,0,0,0,0,0.0,519,40,0,0,0.0,0.0,2018-09-01T14:00:00Z,0,35,0,0,0,0,4,0,20940,1,0,0.0,0,-2832,282,3114,45,False,0,TNTNKRLNTR,151589.0,3.0,43.0,39.0
Lee_Grant_520,0,0,0,0,0.0,520,32,0,0,0.0,0.0,2018-09-02T15:00:00Z,0,90,0,0,0,0,4,0,709,2,0,0.0,0,-4,65,69,50,False,0,KRNTL,6744.0,1.0,48.0,1.0
Lee_Peltier_95,0,0,0,0,0.0,95,33,0,0,0.0,0.0,2018-09-02T12:30:00Z,0,3,0,0,0,0,4,0,162006,3,2,0.0,0,-23849,1839,25688,40,True,0,LPLT,38716.0,2.0,39.0,97.0
Leighton_Baines_156,0,0,4,0,18.9,156,36,0,0,2.2,3.4,2018-09-01T14:00:00Z,14,97,0,0,0,0,4,0,82166,1,1,0.0,1,-3717,5213,8930,55,True,0,PNSLTN,12745.0,2.0,50.0,11.0
Leon_Balogun_54,0,0,0,0,0.0,54,31,0,0,0.0,0.0,2018-09-01T14:00:00Z,0,54,0,0,0,0,4,0,8455,2,2,0.0,0,517,1332,815,44,True,0,PLKNLN,52484.0,2.0,42.0,36.0
Leroy_SanÃ©_275,0,0,0,0,0.0,275,38,0,0,0.0,0.0,2018-09-01T16:30:00Z,0,4,0,0,0,0,4,0,284356,1,2,0.0,0,-130429,3945,134374,93,True,0,LRSN,182156.0,3.0,93.0,43.0
Lewis_Cook_39,0,0,4,0,1.1,39,34,0,0,0.3,1.6,2018-09-01T14:00:00Z,2,8,0,0,0,0,4,0,13574,0,2,0.0,1,-1346,317,1663,49,False,0,KKLS,155408.0,3.0,46.0,91.0
Lewis_Dunk_48,0,0,16,0,21.8,48,31,2,0,4.0,14.2,2018-09-01T14:00:00Z,90,54,0,0,0,0,4,0,92382,2,2,4.0,1,-20334,276,20610,44,True,0,TNKLS,83299.0,2.0,44.0,36.0
Loris_Karius_238,0,0,0,0,0.0,238,37,0,0,0.0,0.0,2018-09-01T11:30:00Z,0,13,0,0,0,0,4,0,7771,2,1,0.0,0,-2012,48,2060,49,False,0,KRSLRS,104542.0,1.0,49.0,14.0
LoÃ¯c_Damour_104,0,0,0,0,0.0,104,33,0,0,0.0,0.0,2018-09-02T12:30:00Z,0,3,0,0,0,0,4,0,2926,3,2,0.0,0,-130,288,418,44,True,0,TMRLK,54527.0,3.0,43.0,97.0
Lucas_Digne_484,1,2,29,0,46.7,484,36,1,0,7.6,29.0,2018-09-01T14:00:00Z,75,97,0,0,0,0,4,0,79186,1,1,0.0,7,-19211,958,20169,48,True,0,TNLKS,101188.0,2.0,54.0,11.0
Lucas_PÃ©rez_502,0,0,0,0,0.0,502,40,0,0,0.0,0.0,2018-09-01T14:00:00Z,0,39,0,0,0,0,4,0,8646,1,0,0.0,0,-1702,376,2078,64,True,0,LKSPRS,155851.0,4.0,62.0,21.0
Lucas_Rodrigues Moura da Silva_370,1,0,15,0,25.3,370,39,2,0,4.9,10.2,2018-09-02T15:00:00Z,90,57,0,0,0,0,4,0,734301,1,2,13.0,5,558760,585664,26904,72,False,0,TLKSMRRTRKSSLF,95715.0,3.0,69.0,6.0
Lucas_Torreira_450,1,0,20,0,11.8,450,33,0,0,3.9,26.8,2018-09-02T12:30:00Z,20,99,0,0,0,0,4,0,76098,3,2,0.0,4,-8565,2899,11464,49,False,0,LKSTRR,198849.0,3.0,47.0,3.0
Luciano_Vietto_513,0,0,9,0,2.9,513,31,1,0,2.4,0.8,2018-09-01T14:00:00Z,73,36,0,0,0,0,4,0,41932,2,2,20.0,2,16931,22917,5986,55,False,0,LSNFT,108093.0,4.0,53.0,54.0
Lukasz_Fabianski_400,0,0,19,0,0.0,400,40,1,0,3.8,37.8,2018-09-01T14:00:00Z,90,39,0,0,0,0,4,5,838848,1,0,0.0,3,-20243,18378,38621,45,True,0,FPNSKLKS,37096.0,1.0,47.0,21.0
Luka_Milivojevic_150,0,0,10,0,34.1,150,35,2,0,7.1,30.2,2018-09-01T14:00:00Z,90,20,0,0,0,0,4,0,306296,2,0,7.0,2,-44605,6758,51363,64,True,0,LKMLFJFK,66975.0,3.0,65.0,31.0
Luke_Amos_523,0,0,0,0,0.0,523,39,0,0,0.0,0.0,2018-09-02T15:00:00Z,0,57,0,0,0,0,4,0,5149,1,2,0.0,0,-448,287,735,45,False,0,AMSLK,168764.0,3.0,43.0,6.0
Luke_Shaw_286,0,0,21,1,14.0,286,32,0,0,7.3,20.6,2018-09-02T15:00:00Z,90,90,0,0,0,0,4,0,495063,2,0,38.0,5,-13216,60018,73234,51,False,1,LKX,106760.0,2.0,51.0,1.0
Lys_Mousset_44,0,0,3,0,0.8,44,34,1,0,0.1,0.2,2018-09-01T14:00:00Z,10,8,0,0,0,0,4,0,13765,0,2,0.0,1,-2037,578,2615,50,False,0,LSMST,178304.0,4.0,49.0,91.0
Maarten_Stekelenburg_155,0,0,0,0,0.0,155,36,0,0,0.0,0.0,2018-09-01T14:00:00Z,0,97,0,0,0,0,4,0,236099,1,1,0.0,0,-3135,7014,10149,40,True,0,MRTNSTKLNPRK,10318.0,1.0,39.0,11.0
Mamadou_Sakho_143,0,0,16,0,0.8,143,35,2,0,2.3,22.6,2018-09-01T14:00:00Z,90,20,0,0,0,0,4,0,90614,2,0,0.0,1,248,6634,6386,50,True,0,MMTSK,40784.0,2.0,49.0,31.0
Manolo_Gabbiadini_349,0,0,0,0,0.0,349,35,0,0,0.0,0.0,2018-09-01T14:00:00Z,0,31,0,0,0,0,4,0,12187,2,0,0.0,0,-2712,211,2923,58,False,0,KPTNMNL,61548.0,4.0,56.0,20.0
Manuel_Lanzini_414,0,0,0,0,0.0,414,40,0,0,0.0,0.0,2018-09-01T14:00:00Z,0,39,0,0,0,0,4,0,1692,1,0,0.0,0,-173,44,217,64,True,0,LNSNMNL,86934.0,3.0,64.0,21.0
Marcos_Alonso_115,1,1,29,1,15.2,115,34,0,0,9.8,31.6,2018-09-01T14:00:00Z,90,98,0,0,0,0,4,0,1938564,0,2,51.0,9,331715,345172,13457,67,True,1,ALNSMRKS,82263.0,2.0,62.0,8.0
Marcos_Rojo_287,0,0,0,0,0.0,287,32,0,0,0.0,0.0,2018-09-02T15:00:00Z,0,90,0,0,0,0,4,0,3636,2,0,0.0,0,-525,51,576,49,False,0,MRKSRJ,58893.0,2.0,49.0,1.0
Marcus_Bettinelli_178,0,0,29,0,0.0,178,31,2,0,4.7,46.8,2018-09-01T14:00:00Z,90,36,0,0,1,0,4,3,11601,2,2,0.0,7,-534,471,1005,44,False,0,PTNLMRKS,122074.0,1.0,42.0,54.0
Marcus_Rashford_305,0,0,-5,0,14.3,305,32,0,0,1.7,0.0,2018-09-02T15:00:00Z,10,90,0,0,0,1,4,0,370966,2,0,4.0,-2,-87935,5329,93264,68,False,0,MRKSRXFRT,176297.0,4.0,73.0,1.0
Marc_Albrighton_224,0,0,11,0,22.8,224,37,2,0,3.8,11.8,2018-09-01T11:30:00Z,60,14,0,0,0,0,4,0,36322,2,1,3.0,2,-3366,812,4178,53,True,0,ALPRTNMRK,51938.0,3.0,51.0,13.0
Marc_Navarro_385,0,0,0,0,0.0,385,39,0,0,0.0,0.0,2018-09-02T15:00:00Z,0,6,0,0,0,0,4,0,4335,1,2,0.0,0,-465,39,504,44,True,0,MRKNFR,220166.0,2.0,42.0,57.0
Marc_Pugh_34,0,0,0,0,0.0,34,34,0,0,0.0,0.0,2018-09-01T14:00:00Z,0,8,0,0,0,0,4,0,29842,0,2,0.0,0,-2895,1288,4183,44,False,0,MRKPK,20037.0,3.0,43.0,91.0
Mario_Lemina_344,0,0,13,1,6.6,344,35,0,0,2.8,21.6,2018-09-01T14:00:00Z,90,31,0,0,0,0,4,0,18955,2,0,0.0,3,-39,2633,2672,50,False,0,LMNMR,151086.0,3.0,47.0,20.0
Marko_Arnautovic_417,0,0,0,0,1.3,417,40,1,0,4.2,6.8,2018-09-01T14:00:00Z,90,39,0,0,0,0,4,0,980692,1,0,34.0,2,-71323,67863,139186,70,True,0,ARNTFKMRK,41464.0,4.0,67.0,21.0
Markus_Suttner_52,0,0,0,0,0.0,52,31,0,0,0.0,0.0,2018-09-01T14:00:00Z,0,54,0,0,0,0,4,0,345355,2,2,0.0,0,-28126,2036,30162,40,True,0,MRKSSTNR,43808.0,2.0,38.0,36.0
Mark_Noble_411,0,0,0,0,0.0,411,40,0,0,0.0,0.0,2018-09-01T14:00:00Z,0,39,0,0,0,0,4,0,15675,1,0,0.0,0,-3904,48,3952,49,True,0,MRKNPL,18073.0,3.0,48.0,21.0
Marouane_Fellaini_298,0,0,16,1,4.8,298,32,0,0,2.6,20.8,2018-09-02T15:00:00Z,90,90,0,0,0,0,4,0,36358,2,0,0.0,3,-2770,2185,4955,50,False,0,FLNMRN,41184.0,3.0,48.0,1.0
Martin_Dubravka_309,0,0,22,0,0.0,309,38,2,0,4.7,47.4,2018-09-01T16:30:00Z,90,43,0,0,0,0,4,6,23694,1,2,0.0,3,-642,772,1414,50,False,0,TPRFKMRTN,67089.0,1.0,50.0,4.0
Martin_Kelly_140,0,0,12,0,4.5,140,35,2,0,2.9,24.2,2018-09-01T14:00:00Z,90,20,0,0,0,0,4,0,345910,2,0,0.0,1,-15177,9849,25026,40,True,0,KLMRTN,58786.0,2.0,39.0,31.0
MartÃ­n_Montoya_503,0,0,16,0,33.8,503,31,2,0,6.4,24.0,2018-09-01T14:00:00Z,90,54,0,0,0,0,4,0,11114,2,2,6.0,1,826,1923,1097,45,True,0,MRTNMNT,86153.0,2.0,43.0,36.0
Marvin_Zeegelaar_384,0,0,0,0,0.0,384,39,0,0,0.0,0.0,2018-09-02T15:00:00Z,0,6,0,0,0,0,4,0,4234,1,2,0.0,0,-482,43,525,44,True,0,MRFNSJLR,66247.0,2.0,42.0,57.0
Mason_Holgate_160,0,0,14,0,1.9,160,36,1,0,3.5,33.4,2018-09-01T14:00:00Z,90,97,0,0,0,0,4,0,15462,1,1,0.0,1,6121,7772,1651,45,True,1,HLKTMSN,194164.0,2.0,43.0,11.0
Matej_Vydra_495,0,0,2,0,1.3,495,32,0,0,0.8,1.0,2018-09-02T15:00:00Z,6,1,0,0,0,0,4,0,3442,2,0,6.0,1,-608,156,764,60,True,0,MTJFTR,81183.0,4.0,56.0,90.0
Mateo_Kovacic_499,0,0,15,1,29.6,499,34,0,0,10.6,18.0,2018-09-01T14:00:00Z,78,98,0,0,0,0,4,0,55153,0,2,58.0,3,-2389,5996,8385,60,True,0,KFSKMT,91651.0,3.0,57.0,8.0
Mathew_Ryan_47,0,0,14,0,0.0,47,31,2,0,2.3,23.2,2018-09-01T14:00:00Z,90,54,0,0,0,0,4,3,237187,2,2,0.0,2,1094,13605,12511,45,True,0,M0RN,131897.0,1.0,44.0,36.0
Mathias_Jorgensen_195,0,0,5,0,0.3,195,36,1,0,2.1,19.0,2018-09-01T14:00:00Z,90,11,0,0,0,0,4,0,296504,1,1,2.0,1,-16787,1946,18733,45,False,1,JRJNSNM0S,48760.0,2.0,44.0,38.0
Matteo_Darmian_289,0,0,0,0,0.0,289,32,0,0,0.0,0.0,2018-09-02T15:00:00Z,0,90,0,0,0,0,4,0,15480,2,0,0.0,0,-3817,402,4219,48,False,0,TRMNMT,40002.0,2.0,46.0,1.0
Matteo_Guendouzi_451,0,0,10,0,2.9,451,33,2,0,0.8,5.4,2018-09-02T12:30:00Z,69,99,0,0,0,0,4,0,185112,3,2,0.0,1,14937,37956,23019,45,False,1,KNTSMT,242166.0,3.0,44.0,3.0
Matthew_Connolly_93,0,0,0,0,0.0,93,33,0,0,0.0,0.0,2018-09-02T12:30:00Z,0,3,0,0,0,0,4,0,62677,3,2,0.0,0,-5671,785,6456,40,True,0,KNLM0,27698.0,2.0,38.0,97.0
Matthew_Lowton_69,0,0,0,0,0.0,69,32,0,0,0.0,0.0,2018-09-02T15:00:00Z,0,1,0,0,0,0,4,0,35801,2,0,0.0,0,-7962,368,8330,49,True,0,LTNM0,68983.0,2.0,46.0,90.0
Matty_James_229,0,0,0,0,0.0,229,37,0,0,0.0,0.0,2018-09-01T11:30:00Z,0,14,0,0,0,0,4,0,1074,2,1,0.0,0,-99,49,148,45,True,0,JMSMT,61604.0,3.0,44.0,13.0
Matt_Doherty_425,0,0,26,1,25.3,425,40,0,0,8.4,23.0,2018-09-01T14:00:00Z,90,35,0,0,0,0,4,0,39336,1,0,36.0,6,-1917,2371,4288,44,False,0,THRTMT,87835.0,2.0,53.0,39.0
Matt_Ritchie_317,0,0,0,0,0.0,317,38,0,0,0.0,0.0,2018-09-01T16:30:00Z,0,43,0,0,0,0,4,0,42198,1,2,0.0,0,-13232,661,13893,60,False,0,MTRX,56983.0,3.0,58.0,4.0
Matt_Targett_479,1,0,14,0,10.1,479,35,0,0,2.9,19.2,2018-09-01T14:00:00Z,17,31,0,0,0,0,4,0,4509,2,0,0.0,4,-545,42,587,44,False,0,MTTRKT,169359.0,2.0,42.0,20.0
Maxime_Le Marchand_455,0,0,6,0,2.7,455,31,2,0,1.3,9.8,2018-09-01T14:00:00Z,90,36,0,0,0,0,4,0,15847,2,2,0.0,0,-956,821,1777,45,False,1,LMRXNTMKSM,61739.0,2.0,42.0,54.0
Max_Meyer_486,0,0,4,0,12.3,486,35,1,0,3.8,3.2,2018-09-01T14:00:00Z,14,20,0,0,0,0,4,0,22619,2,0,22.0,1,-1046,1731,2777,59,True,0,MKSMR,141020.0,3.0,55.0,31.0
Maya_Yoshida_331,0,0,0,0,0.0,331,35,0,0,0.0,0.0,2018-09-01T14:00:00Z,0,31,0,0,0,0,4,0,47741,2,0,0.0,0,-8796,250,9046,44,False,0,MXT,80447.0,2.0,41.0,20.0
Mesut_Ãzil_13,0,0,8,0,21.8,13,33,2,0,3.7,9.0,2018-09-02T12:30:00Z,83,99,0,0,0,0,4,0,159335,3,2,6.0,2,-46139,2760,48899,83,False,0,ASLMST,37605.0,3.0,79.0,3.0
Michael_Keane_162,0,0,0,0,0.0,162,36,0,0,0.0,0.0,2018-09-01T14:00:00Z,0,97,0,0,0,0,4,0,91833,1,1,0.0,0,-48023,4879,52902,50,True,0,KNMKL,106611.0,2.0,48.0,11.0
Michail_Antonio_415,0,0,2,1,13.1,415,40,0,0,11.3,4.8,2018-09-01T14:00:00Z,74,39,0,0,0,0,4,0,59005,1,0,95.0,3,-6586,519,7105,69,True,0,ANTNMXL,57531.0,3.0,68.0,21.0
Michel_Vorm_352,0,0,10,0,0.0,352,39,2,0,0.6,6.4,2018-09-02T15:00:00Z,90,57,0,0,0,0,4,1,5696,1,2,0.0,1,310,732,422,49,False,0,MXLFRM,39215.0,1.0,47.0,6.0
Miguel_Britos_379,0,0,0,0,0.0,379,39,0,0,0.0,0.0,2018-09-02T15:00:00Z,0,6,0,0,0,0,4,0,3152,1,2,0.0,0,-725,17,742,44,True,0,PRTSMKL,52153.0,2.0,43.0,57.0
Mikel_Merino_322,0,0,0,0,0.0,322,38,0,0,0.0,0.0,2018-09-01T16:30:00Z,0,43,0,0,0,0,4,0,71,1,2,0.0,0,-6,2,8,50,False,0,MRNMKL,195384.0,3.0,50.0,4.0
Mohamed_DiamÃ©_319,0,0,6,0,4.0,319,38,2,0,1.3,6.8,2018-09-01T16:30:00Z,90,43,0,0,0,0,4,0,5883,1,2,2.0,2,-292,293,585,50,False,0,TMMHMT,28147.0,3.0,48.0,4.0
Mohamed_Elneny_16,0,0,0,0,0.0,16,33,0,0,0.0,0.0,2018-09-02T12:30:00Z,0,99,0,0,0,0,4,0,129719,3,2,0.0,0,-6521,9906,16427,44,False,0,ALNNMHMT,153256.0,3.0,42.0,3.0
Mohamed_Elyounoussi_346,0,0,5,1,29.8,346,35,0,0,6.2,6.0,2018-09-01T14:00:00Z,72,31,0,0,0,0,4,0,11847,2,0,26.0,3,-1166,273,1439,64,False,0,ALNSMHMT,96787.0,3.0,60.0,20.0
Mohamed_Salah_253,0,0,7,0,12.5,253,37,1,0,4.1,5.0,2018-09-01T11:30:00Z,70,13,0,0,0,0,4,0,2995784,2,1,23.0,2,32547,79082,46535,130,False,0,MHMTSL,118748.0,3.0,132.0,14.0
Morgan_Gibbs-White_448,0,0,0,0,0.0,448,40,0,0,0.0,0.0,2018-09-01T14:00:00Z,0,35,0,0,0,0,4,0,19844,1,0,0.0,0,222,2407,2185,44,False,0,KPSMRKNT,222531.0,3.0,43.0,39.0
Morgan_Schneiderlin_167,0,0,14,0,13.8,167,36,1,0,3.1,17.6,2018-09-01T14:00:00Z,90,97,0,0,0,0,4,0,121415,1,1,0.0,1,-8807,9696,18503,45,True,1,MRKNXNTRLN,42774.0,3.0,42.0,11.0
Mousa_DembÃ©lÃ©_362,0,0,5,0,3.0,362,39,2,0,0.4,1.2,2018-09-02T15:00:00Z,85,57,0,0,0,0,4,0,76050,1,2,0.0,1,-1686,5000,6686,49,False,1,TMPLMS,39104.0,3.0,49.0,6.0
Moussa_Sissoko_369,0,0,0,0,0.0,369,39,0,0,0.0,0.0,2018-09-02T15:00:00Z,0,57,0,0,0,0,4,0,6552,1,2,0.0,0,-1137,260,1397,50,False,0,MSSSK,45268.0,3.0,49.0,6.0
N'Golo_KantÃ©_126,0,0,10,1,9.3,126,34,0,0,1.9,8.0,2018-09-01T14:00:00Z,90,98,0,0,0,0,4,0,1243573,0,2,2.0,2,-17662,67680,85342,50,True,1,KNTNNKL,116594.0,3.0,49.0,8.0
Naby_Keita_256,0,0,3,0,1.3,256,37,0,0,1.0,8.2,2018-09-01T11:30:00Z,19,13,0,0,0,0,4,0,241132,2,1,0.0,1,-30320,10758,41078,75,False,0,KTNP,175592.0,3.0,71.0,14.0
Nacho_Monreal_5,0,0,9,0,5.8,5,33,2,0,5.5,18.8,2018-09-02T12:30:00Z,90,99,0,0,0,0,4,0,105115,3,2,30.0,0,45778,55182,9404,55,False,1,MNRLNK,38411.0,2.0,54.0,3.0
Nahki_Wells_86,0,0,0,0,0.0,86,32,0,0,0.0,0.0,2018-09-02T15:00:00Z,0,1,0,0,0,0,4,0,97740,2,0,0.0,0,-14438,1903,16341,45,True,0,NKLS,92383.0,4.0,45.0,90.0
Nampalys_Mendy_527,0,0,13,0,5.8,527,37,2,0,1.4,8.4,2018-09-01T11:30:00Z,90,14,0,0,0,0,4,0,52385,2,1,0.0,1,10902,20042,9140,45,True,1,MNTNMPLS,86881.0,3.0,43.0,13.0
Nathaniel_Chalobah_387,0,0,3,0,0.1,387,39,0,0,0.1,0.4,2018-09-02T15:00:00Z,4,6,0,0,0,0,4,0,9872,1,2,0.0,1,-646,340,986,45,True,0,XLPN0NL,89085.0,3.0,44.0,57.0
Nathaniel_Clyne_241,0,0,0,0,0.0,241,37,0,0,0.0,0.0,2018-09-01T11:30:00Z,0,13,0,0,0,0,4,0,17879,2,1,0.0,0,-3142,224,3366,48,False,0,KLNN0NL,57328.0,2.0,44.0,91.0
Nathaniel_Mendez-Laing_100,0,0,0,0,0.0,100,33,0,0,0.0,0.0,2018-09-02T12:30:00Z,0,3,0,0,0,0,4,0,2337,3,2,0.0,0,-849,28,877,49,True,0,LNKMNTSN0NL,76360.0,3.0,48.0,97.0
Nathan_AkÃ©_31,0,0,7,0,0.2,31,34,2,0,2.5,18.2,2018-09-01T14:00:00Z,90,8,0,0,0,0,4,0,251310,0,2,7.0,1,17334,30701,13367,50,False,0,AKN0N,126184.0,2.0,51.0,91.0
Nathan_Redmond_343,0,0,13,1,23.3,343,35,0,0,7.7,17.0,2018-09-01T14:00:00Z,90,31,0,0,0,0,4,0,22057,2,0,37.0,3,-2235,1057,3292,54,False,0,N0NRTMNT,83283.0,3.0,55.0,20.0
Neeskens_Kebano_187,0,0,0,0,0.0,187,31,0,0,0.0,0.0,2018-09-01T14:00:00Z,0,36,0,0,0,0,4,0,5030,2,2,0.0,0,-109,1056,1165,44,False,0,KPNNSKNS,92259.0,3.0,43.0,54.0
Neil_Etheridge_88,0,0,23,0,0.0,88,33,3,0,5.8,58.0,2018-09-02T12:30:00Z,90,3,0,0,0,0,4,8,339649,3,2,0.0,3,96061,115691,19630,46,True,0,A0RJNL,88734.0,1.0,46.0,97.0
Nemanja_Matic_296,0,0,12,1,8.7,296,32,0,0,2.1,7.2,2018-09-02T15:00:00Z,90,90,0,0,0,0,4,0,32342,2,0,5.0,3,36,2834,2798,50,False,0,MTKNMNJ,62398.0,3.0,50.0,1.0
Nick_Pope_68,0,0,0,0,0.0,68,32,0,0,0.0,0.0,2018-09-02T15:00:00Z,0,1,0,0,0,0,4,0,14532,2,0,0.0,0,-1659,62,1721,49,True,0,NKPP,98747.0,1.0,48.0,90.0
NicolÃ¡s_Otamendi_264,0,0,0,0,0.0,264,38,0,0,0.0,0.0,2018-09-01T16:30:00Z,0,4,0,0,0,0,4,0,197575,1,2,0.0,0,-59428,926,60354,62,True,0,NKLSTMNT,57410.0,2.0,60.0,43.0
Nikola_Vlasic_173,0,0,0,0,0.0,173,36,0,0,0.0,0.0,2018-09-01T14:00:00Z,0,97,0,0,0,0,4,0,767,1,1,0.0,0,-167,5,172,50,True,0,NKLFLSK,180151.0,3.0,50.0,11.0
Oleksandr_Zinchenko_279,0,0,0,0,0.0,279,38,0,0,0.0,0.0,2018-09-01T16:30:00Z,0,4,0,0,0,0,4,0,1938,1,2,0.0,0,-230,41,271,49,True,0,ALKSNTRSNXNK,206325.0,3.0,47.0,43.0
Olivier_Giroud_133,1,0,9,0,23.2,133,34,0,0,5.2,17.2,2018-09-01T14:00:00Z,29,98,0,0,0,0,4,0,129477,0,2,12.0,4,-17292,1591,18883,79,True,0,JRTLF,44346.0,4.0,77.0,8.0
Omar_Bogle_108,0,0,0,0,0.0,108,33,0,0,0.0,0.0,2018-09-02T12:30:00Z,0,3,0,0,0,0,4,0,11141,3,2,0.0,0,-1216,208,1424,45,True,0,PKLMR,114054.0,4.0,45.0,97.0
Oriol_Romeu Vidal_339,0,0,2,0,0.3,339,35,0,0,0.3,2.6,2018-09-01T14:00:00Z,12,31,0,0,0,0,4,0,133352,2,0,0.0,1,-12091,1839,13930,45,False,0,ARLRMFTL,78056.0,3.0,42.0,20.0
Oumar_Niasse_176,0,0,0,0,10.5,176,36,0,0,1.5,2.2,2018-09-01T14:00:00Z,14,97,0,0,0,0,4,0,30319,1,1,2.0,1,-6920,699,7619,53,True,0,NSMR,113688.0,4.0,50.0,97.0
Pablo_Zabaleta_405,0,0,0,0,0.0,405,40,0,0,0.0,0.0,2018-09-01T14:00:00Z,0,39,0,0,0,0,4,0,125414,1,0,0.0,0,-18331,810,19141,44,True,0,PPLSPLT,20658.0,2.0,43.0,21.0
Pape_SouarÃ©_443,0,0,0,0,0.0,443,35,0,0,0.0,0.0,2018-09-01T14:00:00Z,0,20,0,0,0,0,4,0,5379,2,0,0.0,0,-1050,30,1080,44,True,0,PPSR,79228.0,2.0,42.0,31.0
Pascal_GroÃ_59,0,0,-3,0,23.8,59,31,1,0,5.1,7.8,2018-09-01T14:00:00Z,59,54,0,1,0,0,4,0,284233,2,2,19.0,-1,-2102,25915,28017,69,True,0,KRPSKL,60307.0,3.0,67.0,36.0
Patrick_van Aanholt_142,0,0,13,0,22.8,142,35,2,0,7.3,13.6,2018-09-01T14:00:00Z,90,20,0,0,0,0,4,0,297381,2,0,37.0,1,-14634,13472,28106,55,True,0,ANLTPTRKFN,74230.0,2.0,55.0,31.0
Paulo_Gazzaniga_536,0,0,0,0,0.0,536,39,0,0,0.0,0.0,2018-09-02T15:00:00Z,0,57,0,0,0,0,4,0,0,1,2,0.0,0,0,0,0,45,False,0,KSNKPL,102884.0,1.0,45.0,6.0
Paul_Dummett_313,0,0,15,0,0.8,313,38,2,0,1.8,16.6,2018-09-01T16:30:00Z,90,43,0,0,0,0,4,0,14124,1,2,1.0,1,-583,717,1300,45,False,0,TMTPL,106618.0,2.0,44.0,4.0
Paul_Pogba_302,0,0,-1,1,38.3,302,32,0,0,8.0,12.6,2018-09-02T15:00:00Z,90,90,0,1,0,0,4,0,961415,2,0,29.0,1,-39809,72072,111881,82,False,0,PLPKP,74208.0,3.0,86.0,1.0
Pedro_Obiang_413,0,0,7,0,1.0,413,40,1,0,1.5,5.0,2018-09-01T14:00:00Z,26,39,0,0,0,0,4,0,52377,1,0,9.0,1,-2413,3825,6238,44,True,0,APNKPTR,59779.0,3.0,42.0,21.0
Pedro_RodrÃ­guez Ledesma_125,0,0,25,0,13.3,125,34,0,1,9.1,39.6,2018-09-01T14:00:00Z,25,98,0,0,0,0,4,0,637614,0,2,38.0,6,154035,211938,57903,67,True,0,LTSMPTRRTRKS,49579.0,3.0,62.0,8.0
Petr_Cech_1,0,0,8,0,0.0,1,33,2,0,0.2,2.4,2018-09-02T12:30:00Z,90,99,0,0,0,0,4,1,123566,3,2,0.0,1,9582,19332,9750,50,False,0,SXPTR,11334.0,1.0,47.0,3.0
Philip_Billing_202,0,3,37,0,12.7,202,36,1,1,9.6,58.0,2018-09-01T14:00:00Z,90,11,0,0,0,0,4,0,17461,1,1,25.0,9,5470,8726,3256,45,False,1,PLNKFLP,168991.0,3.0,45.0,38.0
Phil_Bardsley_75,0,0,19,0,18.0,75,32,2,0,4.0,22.0,2018-09-02T15:00:00Z,90,1,0,0,0,0,4,0,8416,2,0,0.0,0,-875,73,948,44,True,1,PRTSLFL,17997.0,2.0,42.0,90.0
Phil_Foden_277,0,0,0,0,0.0,277,38,0,0,0.0,0.0,2018-09-01T16:30:00Z,0,4,0,0,0,0,4,0,9775,1,2,0.0,0,-1966,192,2158,48,True,0,FTNFL,209244.0,3.0,45.0,43.0
Phil_Jagielka_158,0,0,0,0,0.0,158,36,0,0,0.0,0.0,2018-09-01T14:00:00Z,0,97,0,0,0,0,4,0,46007,1,1,0.0,0,-7476,495,7971,44,True,0,JJLKFL,7645.0,2.0,43.0,11.0
Phil_Jones_285,0,0,0,0,0.0,285,32,0,0,0.0,0.0,2018-09-02T15:00:00Z,0,90,0,0,0,0,4,0,51840,2,0,0.0,0,-22140,357,22497,52,False,0,JNSFL,76359.0,2.0,51.0,1.0
Pierre-Emerick_Aubameyang_23,0,2,33,0,6.2,23,33,2,1,7.5,39.6,2018-09-02T12:30:00Z,88,99,0,0,0,0,4,0,744360,3,2,29.0,8,-125640,22584,148224,109,False,0,APMNKMRKPR,54694.0,4.0,108.0,3.0
Pierre-Emile_HÃ¸jbjerg_340,0,1,34,1,24.8,340,35,0,1,10.2,51.8,2018-09-01T14:00:00Z,90,31,0,0,0,0,4,0,21651,2,0,25.0,9,309,3289,2980,44,False,0,AMLPJRKPR,132015.0,3.0,44.0,20.0
Pontus_Dahlberg_374,0,0,0,0,0.0,374,39,0,0,0.0,0.0,2018-09-02T15:00:00Z,0,6,0,0,0,0,4,0,3782,1,2,0.0,0,-173,26,199,45,True,0,TLPRKPNTS,206882.0,1.0,43.0,57.0
Rachid_Ghezzal_492,0,2,28,0,35.1,492,37,2,1,9.9,44.6,2018-09-01T11:30:00Z,90,14,0,0,0,0,4,0,6152,2,1,19.0,8,-1416,206,1622,53,True,1,KSLRXT,115858.0,3.0,50.0,13.0
Rafa_Mir_449,0,0,0,0,0.0,449,40,0,0,0.0,0.0,2018-09-01T14:00:00Z,0,35,0,0,0,0,4,0,4534,1,0,0.0,0,-384,252,636,45,False,0,MRRF,219929.0,4.0,45.0,39.0
Ragnar_Klavan_244,0,0,0,0,0.0,244,37,0,0,0.0,0.0,2018-09-01T11:30:00Z,0,13,0,0,0,0,4,0,4077,2,1,0.0,0,-724,32,756,44,False,0,KLFNRKNR,33871.0,2.0,44.0,14.0
Raheem_Sterling_270,0,3,30,0,35.3,270,38,1,1,12.7,46.2,2018-09-01T16:30:00Z,90,4,0,0,0,0,4,0,138893,1,2,45.0,10,-20320,6318,26638,110,True,0,RHMSTRLNK,103955.0,3.0,117.0,43.0
Rajiv_van La Parra_200,0,0,9,0,22.3,200,36,1,0,3.7,10.8,2018-09-01T14:00:00Z,90,11,0,0,0,0,4,0,2954,1,1,4.0,2,-144,185,329,49,False,0,LPRRJFFN,51344.0,3.0,46.0,38.0
Ramadan_Sobhi_207,0,0,0,0,0.0,207,36,0,0,0.0,0.0,2018-09-01T14:00:00Z,0,11,0,0,0,0,4,0,10138,1,1,0.0,0,-2503,337,2840,48,False,0,RMTNSP,205102.0,3.0,47.0,38.0
RaÃºl_JimÃ©nez_437,0,0,1,1,9.0,437,40,0,0,4.0,3.2,2018-09-01T14:00:00Z,86,35,0,0,0,0,4,0,278509,1,0,28.0,2,11337,46330,34993,55,False,0,JMNSRL,102057.0,4.0,69.0,39.0
Reece_Oxford_407,0,0,0,0,0.0,407,40,0,0,0.0,0.0,2018-09-01T14:00:00Z,0,39,0,0,0,0,4,0,6367,1,0,0.0,0,-565,55,620,44,True,0,AKSFRTRS,173792.0,2.0,42.0,21.0
Reiss_Nelson_19,0,0,0,0,0.0,19,33,0,0,0.0,0.0,2018-09-02T12:30:00Z,0,99,0,0,0,0,4,0,38720,3,2,0.0,0,-2310,2005,4315,44,False,0,NLSNRS,200641.0,3.0,44.0,3.0
Ricardo Domingos_Barbosa Pereira_221,0,0,15,0,7.3,221,37,2,0,2.3,13.8,2018-09-01T11:30:00Z,90,14,0,0,0,0,4,0,295502,2,1,2.0,1,-3860,30170,34030,51,True,0,PRPSTMNKSPRRRKRT,111931.0,2.0,53.0,13.0
Richarlison_de Andrade_393,0,0,0,0,0.0,393,36,0,0,0.0,0.0,2018-09-01T14:00:00Z,0,97,0,0,0,0,4,0,871145,1,1,0.0,0,-1156152,18652,1174804,67,True,0,ANTRTTRXRLSN,212319.0,3.0,64.0,11.0
Riyad_Mahrez_223,0,0,15,0,38.0,223,38,1,0,7.5,6.2,2018-09-01T16:30:00Z,75,4,0,0,0,0,4,0,128559,1,2,31.0,2,-58220,2067,60287,88,True,0,MRSRT,103025.0,3.0,82.0,43.0
Robbie_Brady_79,0,0,0,0,0.0,79,32,0,0,0.0,0.0,2018-09-02T15:00:00Z,0,1,0,0,0,0,4,0,1240,2,0,0.0,0,-174,31,205,54,True,0,PRTRP,90517.0,3.0,54.0,90.0
Robert Kenedy_Nunes do Nascimento_458,0,0,6,0,0.7,458,38,2,0,0.8,7.2,2018-09-01T16:30:00Z,53,43,0,0,0,0,4,0,79467,1,2,0.0,1,-9829,2246,12075,50,False,0,TKNTNSMNTNNSRPRT,167767.0,3.0,47.0,4.0
Roberto_Firmino_257,0,1,26,0,13.4,257,37,1,1,10.4,46.2,2018-09-01T11:30:00Z,90,13,0,0,0,0,4,0,1512854,2,1,44.0,7,-154250,34316,188566,95,False,0,FRMNRPRT,92217.0,4.0,93.0,14.0
Roberto_Pereyra_391,0,0,4,0,1.3,391,39,1,0,2.0,5.0,2018-09-02T15:00:00Z,90,6,0,0,0,0,4,0,699117,1,2,14.0,2,269793,319325,49532,62,True,0,PRRRPRT,61566.0,3.0,59.0,57.0
Robert_Elliot_307,0,0,0,0,0.0,307,38,0,0,0.0,0.0,2018-09-01T16:30:00Z,0,43,0,0,0,0,4,0,14735,1,2,0.0,0,-1029,110,1139,45,False,0,ALTRPRT,19838.0,1.0,43.0,4.0
Robert_Snodgrass_489,0,0,0,0,1.0,489,40,0,0,1.3,0.0,2018-09-01T14:00:00Z,45,39,0,0,0,0,4,0,8301,1,0,14.0,1,241,1131,890,55,True,0,RPRTSNTKRS,18987.0,3.0,50.0,21.0
Rob_Holding_6,0,0,0,0,0.0,6,33,0,0,0.0,0.0,2018-09-02T12:30:00Z,0,99,0,0,0,0,4,0,29855,3,2,0.0,0,-2865,377,3242,44,False,0,HLTNKRP,156074.0,2.0,43.0,3.0
Roderick Jefferson_GonÃ§alves Miranda_429,0,0,0,0,0.0,429,40,0,0,0.0,0.0,2018-09-01T14:00:00Z,0,35,0,0,0,0,4,0,4261,1,0,0.0,0,-315,95,410,40,False,0,KNLFSJFRSNMRNTRTRK,67184.0,2.0,40.0,39.0
Romain_SaÃ¯ss_426,0,0,0,0,0.0,426,40,0,0,0.0,0.0,2018-09-01T14:00:00Z,0,35,0,0,0,0,4,0,8897,1,0,0.0,0,-1386,75,1461,44,False,0,RMNSS,107613.0,2.0,42.0,39.0
Romelu_Lukaku_306,0,3,50,1,53.9,306,32,0,2,25.2,82.4,2018-09-02T15:00:00Z,90,90,0,0,0,0,4,0,373920,2,0,116.0,12,-36579,16492,53071,110,False,1,LKKRML,66749.0,4.0,107.0,1.0
Ross_Barkley_127,0,0,0,0,0.0,127,34,0,0,0.0,0.0,2018-09-01T14:00:00Z,0,98,0,0,0,0,4,0,23266,0,2,0.0,0,-3619,1130,4749,59,True,0,PRKLRS,88894.0,3.0,50.0,8.0
Ruben_Loftus-Cheek_132,0,0,4,0,22.3,132,34,0,0,3.3,11.0,2018-09-01T14:00:00Z,11,98,0,0,0,0,4,0,37876,0,2,0.0,1,-6467,149,6616,54,True,0,XKLFTSRPN,126187.0,3.0,52.0,8.0
Rui Pedro_da Rocha Fonte_188,0,0,0,0,0.0,188,31,0,0,0.0,0.0,2018-09-01T14:00:00Z,0,36,0,0,0,0,4,0,21347,2,2,0.0,0,220,3543,3323,44,False,0,TFNTPTRRXR,58476.0,3.0,44.0,54.0
Rui Pedro_dos Santos PatrÃ­cio_454,0,0,26,1,0.0,454,40,0,0,2.4,23.8,2018-09-01T14:00:00Z,90,35,0,0,0,0,4,3,295411,1,0,0.0,7,-648,12801,13449,45,False,0,TSPTRSPTRRSNTS,38533.0,1.0,45.0,39.0
Ryan_Bennett_427,0,0,26,1,0.6,427,40,0,0,1.6,15.8,2018-09-01T14:00:00Z,90,35,0,0,0,0,4,0,441242,1,0,0.0,5,57465,86381,28916,40,False,1,PNTRN,41727.0,2.0,41.0,39.0
Ryan_Bertrand_330,0,0,25,1,15.8,330,35,0,0,2.3,6.6,2018-09-01T14:00:00Z,90,31,0,0,0,0,4,0,318919,2,0,1.0,6,-3729,13127,16856,50,False,0,PRTRNTRN,40146.0,2.0,48.0,20.0
Ryan_Fraser_40,0,0,3,0,2.2,40,34,2,0,3.2,4.0,2018-09-01T14:00:00Z,90,8,0,0,0,0,4,0,293372,0,2,26.0,2,16074,58132,42058,56,False,0,FRSRRN,90105.0,3.0,64.0,91.0
Ryan_Fredericks_408,0,0,4,0,16.1,408,40,1,0,3.6,15.8,2018-09-01T14:00:00Z,90,39,0,0,0,0,4,0,22900,1,0,4.0,1,-2944,332,3276,49,True,1,FRTRKSRN,81012.0,2.0,45.0,21.0
Ryan_Schofield_533,0,0,0,0,0.0,533,36,0,0,0.0,0.0,2018-09-01T14:00:00Z,0,11,0,0,0,0,4,0,0,1,1,0.0,0,0,0,0,40,False,0,RNXFLT,241791.0,1.0,40.0,38.0
Ryan_Sessegnon_184,0,0,3,0,0.4,184,31,1,0,3.0,10.2,2018-09-01T14:00:00Z,16,36,0,0,0,0,4,0,321174,2,2,19.0,1,-67065,4450,71515,64,False,0,RNSSNN,184349.0,3.0,60.0,54.0
RÃºben Diogo_da Silva Neves_433,0,0,11,1,2.8,433,40,0,0,2.1,9.4,2018-09-01T14:00:00Z,90,35,0,0,0,0,4,0,1332718,1,0,9.0,3,105644,178365,72721,52,False,0,TTKNFSRPNSLF,171317.0,3.0,49.0,39.0
RÃºben GonÃ§alo_Silva Nascimento Vinagre_431,0,0,2,0,0.5,431,40,0,0,0.0,0.0,2018-09-01T14:00:00Z,3,35,0,0,0,0,4,0,6128,1,0,0.0,1,-396,142,538,44,False,0,KNLNSMNTRPNSLFFNKR,216054.0,2.0,43.0,39.0
Sadio_ManÃ©_251,0,3,29,0,12.7,251,37,1,1,7.3,39.2,2018-09-01T11:30:00Z,90,13,0,0,0,0,4,0,2044583,2,1,21.0,10,72103,156122,84019,99,False,0,MNST,110979.0,3.0,103.0,14.0
SalomÃ³n_RondÃ³n_493,1,0,17,0,10.9,493,38,2,0,3.8,20.6,2018-09-01T16:30:00Z,72,43,0,0,0,0,4,0,50437,1,2,6.0,5,-9247,1731,10978,59,False,0,RNTNSLMN,57134.0,4.0,59.0,4.0
Sam_Baldock_64,0,0,0,0,0.0,64,31,0,0,0.0,0.0,2018-09-01T14:00:00Z,0,54,0,0,0,0,4,0,21738,2,2,0.0,0,-1743,169,1912,45,True,0,PLTKSM,28462.0,4.0,45.0,36.0
Sam_Byram_404,0,0,0,0,0.0,404,40,0,0,0.0,0.0,2018-09-01T14:00:00Z,0,39,0,0,0,0,4,0,1927,1,0,0.0,0,-350,2,352,45,True,0,PRMSM,113564.0,2.0,45.0,21.0
Sam_McQueen_334,0,0,0,0,0.0,334,35,0,0,0.0,0.0,2018-09-01T14:00:00Z,0,31,0,0,0,0,4,0,61213,2,0,0.0,0,-5741,903,6644,40,False,0,MKNSM,153373.0,2.0,40.0,20.0
Sam_Vokes_84,0,0,-5,0,12.0,84,32,0,0,7.4,5.2,2018-09-02T15:00:00Z,32,1,0,0,0,0,4,0,42133,2,0,57.0,1,-6818,1155,7973,54,True,0,SMFKS,40399.0,4.0,53.0,90.0
Sandro_RamÃ­rez_470,0,0,0,0,0.0,470,36,0,0,0.0,0.0,2018-09-01T14:00:00Z,0,97,0,0,0,0,4,0,10695,1,1,0.0,0,-1865,470,2335,54,True,0,RMRSSNTR,108438.0,4.0,54.0,11.0
Scott_Dann_139,0,0,0,0,0.0,139,35,0,0,0.0,0.0,2018-09-01T14:00:00Z,0,20,0,0,0,0,4,0,651,2,0,0.0,0,-51,38,89,45,True,0,TNSKT,19188.0,2.0,44.0,31.0
Scott_Malone_196,0,0,0,0,0.0,196,36,0,0,0.0,0.0,2018-09-01T14:00:00Z,0,11,0,0,0,0,4,0,142863,1,1,0.0,0,-19084,69,19153,40,False,0,MLNSKT,79733.0,2.0,40.0,38.0
Scott_McTominay_303,0,0,0,0,0.0,303,32,0,0,0.0,0.0,2018-09-02T15:00:00Z,0,90,0,0,0,0,4,0,40006,2,0,0.0,0,-84,5340,5424,44,False,0,MKTMNSKT,195851.0,3.0,42.0,1.0
Sead_Kolasinac_8,0,0,0,0,0.0,8,33,0,0,0.0,0.0,2018-09-02T12:30:00Z,0,99,0,0,0,0,4,0,17901,3,2,0.0,0,-2366,62,2428,49,False,0,KLSNKST,111457.0,2.0,49.0,3.0
Seamus_Coleman_157,0,0,13,0,3.0,157,36,1,0,2.8,16.4,2018-09-01T14:00:00Z,90,97,0,0,0,0,4,0,121745,1,1,9.0,2,-10334,5082,15416,54,True,0,KLMNSMS,59949.0,2.0,52.0,11.0
Sean_Longstaff_531,0,0,0,0,0.0,531,38,0,0,0.0,0.0,2018-09-01T16:30:00Z,0,43,0,0,0,0,4,0,190,1,2,0.0,0,86,121,35,45,False,0,LNKSTFSN,180135.0,3.0,45.0,4.0
Sean_Morrison_90,1,0,23,0,30.8,90,33,3,0,9.0,44.6,2018-09-02T12:30:00Z,90,3,0,0,0,0,4,0,28218,3,2,15.0,4,-1754,1271,3025,50,True,0,MRSNSN,49982.0,2.0,47.0,97.0
Sebastian_PrÃ¶dl_377,0,0,0,0,0.0,377,39,0,0,0.0,0.0,2018-09-02T15:00:00Z,0,6,0,0,0,0,4,0,6897,1,2,0.0,0,-914,81,995,44,True,0,PRTLSPSXN,41945.0,2.0,42.0,57.0
Serge_Aurier_360,0,0,0,0,0.0,360,39,0,0,0.0,0.0,2018-09-02T15:00:00Z,0,57,0,0,0,0,4,0,47109,1,2,0.0,0,-5019,704,5723,59,False,0,ARRSRJ,80226.0,2.0,57.0,6.0
Sergio_AgÃ¼ero_280,1,1,23,0,49.1,280,38,1,0,11.3,24.4,2018-09-01T16:30:00Z,90,4,0,0,0,0,4,0,2723468,1,2,39.0,6,189610,230423,40813,113,True,0,AKRSRJ,37572.0,4.0,120.0,43.0
Sergio_Rico_509,0,0,0,0,0.0,509,31,0,0,0.0,0.0,2018-09-01T14:00:00Z,0,36,0,0,0,0,4,0,11421,2,2,0.0,0,-1142,147,1289,45,False,0,RKSRJ,94248.0,1.0,44.0,54.0
Sergio_Romero_283,0,0,0,0,0.0,283,32,0,0,0.0,0.0,2018-09-02T15:00:00Z,0,90,0,0,0,0,4,0,2818,2,0,0.0,0,-246,34,280,50,False,0,RMRSRJ,42899.0,1.0,49.0,1.0
Shane_Duffy_49,0,0,13,0,0.0,49,31,2,0,2.0,18.0,2018-09-01T14:00:00Z,90,54,0,0,0,0,4,0,164905,2,2,2.0,1,8883,19625,10742,45,True,0,TFXN,61933.0,2.0,47.0,36.0
Shane_Long_347,0,0,-1,1,13.3,347,35,0,0,6.1,0.2,2018-09-01T14:00:00Z,61,31,0,0,0,0,4,0,81112,2,0,47.0,2,-2890,7033,9923,49,False,0,LNKXN,20452.0,4.0,47.0,20.0
Shinji_Okazaki_235,0,0,5,0,3.3,235,37,0,0,0.8,5.0,2018-09-01T11:30:00Z,14,14,0,0,0,0,4,0,42702,2,1,0.0,1,-4027,1266,5293,54,True,0,AKSKXNJ,78412.0,4.0,51.0,13.0
Shkodran_Mustafi_7,0,1,27,0,14.8,7,33,2,1,11.1,54.0,2018-09-02T12:30:00Z,90,99,0,0,0,0,4,0,62683,3,2,42.0,8,-3917,2091,6008,54,False,0,MSTFXKTRN,69140.0,2.0,54.0,3.0
Simon_Francis_26,0,0,11,0,1.6,26,34,2,0,3.3,29.8,2018-09-01T14:00:00Z,90,8,0,0,0,0,4,0,21993,0,2,2.0,1,-2756,401,3157,45,False,0,FRNSSSMN,15149.0,2.0,43.0,91.0
Simon_Mignolet_237,0,0,0,0,0.0,237,37,0,0,0.0,0.0,2018-09-01T11:30:00Z,0,13,0,0,0,0,4,0,7518,2,1,0.0,0,-566,150,716,49,False,0,MNLTSMN,66797.0,1.0,47.0,14.0
Sofiane_Boufal_341,0,0,0,0,0.0,341,35,0,0,0.0,0.0,2018-09-01T14:00:00Z,0,31,0,0,0,0,4,0,288,2,0,0.0,0,-27,7,34,55,False,0,PFLSFN,128198.0,3.0,55.0,20.0
Sokratis_Papastathopoulos_12,0,0,12,0,0.8,12,33,2,0,1.4,10.8,2018-09-02T12:30:00Z,90,99,0,0,0,0,4,0,100104,3,2,2.0,1,-11689,1864,13553,54,False,0,PPST0PLSSKRTS,39476.0,2.0,51.0,3.0
Solomon_March_58,0,0,7,0,17.5,58,31,2,0,7.8,12.2,2018-09-01T14:00:00Z,90,54,0,0,0,0,4,0,9134,2,2,48.0,2,1934,3446,1512,50,True,0,MRXSLMN,109345.0,3.0,47.0,36.0
Sol_Bamba_91,0,0,9,0,0.2,91,33,3,0,2.0,15.8,2018-09-02T12:30:00Z,90,3,0,0,0,0,4,0,62330,3,2,4.0,1,14918,20896,5978,45,True,0,PMPSL,19523.0,2.0,44.0,97.0
Stefano_Okaka_397,0,0,0,0,0.0,397,39,0,0,0.0,0.0,2018-09-02T15:00:00Z,0,6,0,0,0,0,4,0,1793,1,2,0.0,0,55,306,251,50,True,0,AKKSTFN,20046.0,4.0,50.0,57.0
Stefan_Johansen_185,0,0,1,0,0.7,185,31,1,0,0.2,1.0,2018-09-01T14:00:00Z,16,36,0,0,0,0,4,0,5417,2,2,0.0,0,-902,86,988,54,False,1,JHNSNSTFN,61916.0,3.0,50.0,54.0
Stephan_Lichtsteiner_11,0,0,0,0,0.0,11,33,0,0,0.0,0.0,2018-09-02T12:30:00Z,0,99,0,0,0,0,4,0,79486,3,2,0.0,0,-17753,789,18542,48,False,0,LKTSTNRSTFN,27335.0,2.0,45.0,3.0
Stephen_Ward_71,0,0,0,0,0.0,71,32,0,0,0.0,0.0,2018-09-02T15:00:00Z,0,1,0,0,0,0,4,0,98710,2,0,0.0,0,-16843,544,17387,50,True,0,STFNRT,40616.0,2.0,47.0,90.0
Steven_Davis_337,0,0,0,0,0.0,337,35,0,0,0.0,0.0,2018-09-01T14:00:00Z,0,31,0,0,0,0,4,0,5175,2,0,0.0,0,-783,83,866,49,False,0,TFSSTFN,17339.0,3.0,46.0,20.0
Steven_Defour_77,0,0,0,0,0.0,77,32,0,0,0.0,0.0,2018-09-02T15:00:00Z,0,1,0,0,0,0,4,0,594,2,0,0.0,0,-74,36,110,54,True,0,TFRSTFN,39847.0,3.0,53.0,90.0
Steve_Cook_27,0,0,11,0,0.3,27,34,2,0,4.6,26.6,2018-09-01T14:00:00Z,90,8,0,0,0,0,4,0,485539,0,2,19.0,1,27440,74538,47098,46,False,0,KKSTF,56917.0,2.0,43.0,91.0
Steve_Mounie_211,0,0,7,0,12.4,211,36,1,0,6.8,18.6,2018-09-01T14:00:00Z,90,11,0,0,0,0,4,0,15755,1,1,37.0,2,-2791,1315,4106,60,False,0,MNSTF,169141.0,4.0,58.0,38.0
Stuart_Armstrong_345,0,0,0,0,0.0,345,35,0,0,0.0,0.0,2018-09-01T14:00:00Z,0,31,0,0,0,0,4,0,8372,2,0,0.0,0,-1480,59,1539,54,False,0,ARMSTRNKSTRT,91047.0,3.0,51.0,20.0
Sullay_Kaikai_477,0,0,0,0,0.0,477,35,0,0,0.0,0.0,2018-09-01T14:00:00Z,0,20,0,0,0,0,4,0,10106,2,0,0.0,0,577,2403,1826,44,True,0,KKSL,138009.0,3.0,43.0,31.0
Sung-yueng_Ki_324,0,0,13,0,11.3,324,38,2,0,2.8,16.8,2018-09-01T16:30:00Z,90,43,0,0,0,0,4,0,8573,1,2,0.0,2,-787,182,969,49,False,0,KSNKNK,76542.0,3.0,47.0,4.0
Tammy_Abraham_496,0,0,0,0,0.0,496,34,0,0,0.0,0.0,2018-09-01T14:00:00Z,0,98,0,0,0,0,4,0,6152,0,2,0.0,0,-1116,233,1349,54,True,0,APRHMTM,173879.0,4.0,54.0,8.0
Terence_Kongolo_198,0,0,18,0,10.3,198,36,1,0,3.8,25.8,2018-09-01T14:00:00Z,90,11,0,0,0,0,4,0,12388,1,1,2.0,2,-70,727,797,45,False,0,KNKLTRNS,109434.0,2.0,43.0,38.0
Theo_Walcott_164,0,0,2,0,15.8,164,36,1,0,3.9,1.6,2018-09-01T14:00:00Z,56,97,0,0,0,0,4,0,987895,1,1,22.0,1,737984,772105,34121,68,True,0,0LKT,20467.0,3.0,59.0,11.0
Thibaut_Courtois_111,0,0,0,0,0.0,111,34,0,0,0.0,0.0,2018-09-01T14:00:00Z,0,98,0,0,0,0,4,0,36578,0,2,0.0,0,-4212,38,4250,55,True,0,KRTS0PT,60772.0,1.0,55.0,8.0
TiemouÃ©_Bakayoko_129,0,0,0,0,0.0,129,34,0,0,0.0,0.0,2018-09-01T14:00:00Z,0,98,0,0,0,0,4,0,5915,0,2,0.0,0,-1287,8,1295,49,True,0,PKKTM,169102.0,3.0,49.0,8.0
Timothy_Fosu-Mensah_511,0,0,14,0,14.6,511,31,2,0,2.7,10.8,2018-09-01T14:00:00Z,90,36,0,0,0,0,4,0,39517,2,2,2.0,1,-1507,1709,3216,45,False,0,FSMNSTM0,201084.0,2.0,45.0,54.0
Tim_Ream_180,0,0,0,0,0.0,180,31,0,0,0.0,0.0,2018-09-01T14:00:00Z,0,36,0,0,0,0,4,0,10235,2,2,0.0,0,-2166,19,2185,44,False,0,RMTM,82514.0,2.0,42.0,54.0
Toby_Alderweireld_353,0,0,15,0,18.9,353,39,2,0,3.8,19.4,2018-09-02T15:00:00Z,80,57,0,0,0,0,4,0,149821,1,2,0.0,1,523,7629,7106,59,False,0,ALTRRLTTP,55605.0,2.0,60.0,6.0
Tomer_Hemed_63,0,0,0,0,0.0,63,31,0,0,0.0,0.0,2018-09-01T14:00:00Z,0,54,0,0,0,0,4,0,8059,2,2,0.0,0,-1856,266,2122,49,True,0,HMTTMR,38499.0,4.0,49.0,36.0
Tommy_Smith_194,0,0,0,0,0.0,194,36,0,0,0.0,0.0,2018-09-01T14:00:00Z,0,11,0,0,0,0,4,0,4717,1,1,0.0,0,-399,97,496,44,False,0,SM0TM,104545.0,2.0,44.0,38.0
Tom_Cairney_182,0,0,0,0,0.0,182,31,0,0,0.0,0.0,2018-09-01T14:00:00Z,0,36,0,0,0,0,4,0,103184,2,2,0.0,0,-20115,7801,27916,49,False,0,KRNTM,76357.0,3.0,46.0,54.0
Tom_Cleverley_388,0,0,0,0,0.0,388,39,0,0,0.0,0.0,2018-09-02T15:00:00Z,0,6,0,0,0,0,4,0,426,1,2,0.0,0,-11,22,33,50,True,0,KLFRLTM,43250.0,3.0,50.0,57.0
Tom_Davies_169,0,0,6,0,17.1,169,36,1,0,2.6,8.6,2018-09-01T14:00:00Z,90,97,0,0,0,0,4,0,10013,1,1,0.0,1,-558,465,1023,54,True,1,TFSTM,173807.0,3.0,50.0,11.0
Tom_Heaton_67,0,0,0,0,0.0,67,32,0,0,0.0,0.0,2018-09-02T15:00:00Z,0,1,0,0,0,0,4,0,6809,2,0,0.0,0,-439,248,687,50,True,0,HTNTM,21205.0,1.0,48.0,90.0
Tom_Ince_203,0,0,0,0,0.0,203,36,0,0,0.0,0.0,2018-09-01T14:00:00Z,0,11,0,0,0,0,4,0,561,1,1,0.0,0,-74,6,80,50,False,0,ANSTM,86176.0,3.0,50.0,38.0
Trent_Alexander-Arnold_245,0,0,12,0,1.2,245,37,1,0,1.2,10.0,2018-09-01T11:30:00Z,88,13,0,0,0,0,4,0,932919,2,1,1.0,2,12728,66257,53529,50,False,0,ALKSNTRRNLTTRNT,169187.0,2.0,58.0,14.0
Troy_Deeney_396,0,1,29,0,2.7,396,39,1,1,8.4,43.2,2018-09-02T15:00:00Z,90,6,0,0,0,0,4,0,206933,1,2,38.0,7,-2422,34275,36697,60,True,0,TNTR,41725.0,4.0,58.0,57.0
Tyias_Browning_532,0,0,0,0,0.0,532,36,0,0,0.0,0.0,2018-09-01T14:00:00Z,0,97,0,0,0,0,4,0,0,1,1,0.0,0,0,0,0,40,True,0,PRNNKTS,149468.0,2.0,40.0,11.0
Tyrone_Mings_30,0,0,0,0,0.0,30,34,0,0,0.0,0.0,2018-09-01T14:00:00Z,0,8,0,0,0,0,4,0,8912,0,2,0.0,0,-786,117,903,44,False,0,MNKSTRN,149484.0,2.0,42.0,91.0
Vicente_Guaita_137,0,0,0,0,0.0,137,35,0,0,0.0,0.0,2018-09-01T14:00:00Z,0,20,0,0,0,0,4,0,9620,2,0,0.0,0,-891,291,1182,44,True,0,KTFSNT,40836.0,1.0,43.0,31.0
Vicente_Iborra_228,0,0,0,0,0.0,228,37,0,0,0.0,0.0,2018-09-01T11:30:00Z,0,14,0,0,0,0,4,0,3235,2,1,0.0,0,-380,49,429,49,True,0,APRFSNT,54513.0,3.0,47.0,13.0
Victor_LindelÃ¶f_292,0,0,27,1,0.2,292,32,0,0,1.6,16.0,2018-09-02T15:00:00Z,90,90,0,0,0,0,4,0,54860,2,0,0.0,6,-10013,1725,11738,49,False,0,LNTLFFKTR,184667.0,2.0,49.0,1.0
Victor_Moses_117,0,0,0,0,0.0,117,34,0,0,0.0,0.0,2018-09-01T14:00:00Z,0,98,0,0,0,0,4,0,126141,0,2,0.0,0,-23717,584,24301,58,True,0,MSSFKTR,49013.0,2.0,55.0,8.0
Victor_Wanyama_366,0,0,0,0,0.0,366,39,0,0,0.0,0.0,2018-09-02T15:00:00Z,0,57,0,0,0,0,4,0,1689,1,2,0.0,0,-211,27,238,49,False,0,FKTRNM,54756.0,3.0,49.0,6.0
Vincent_Kompany_263,0,0,3,0,0.0,263,38,0,0,0.0,0.0,2018-09-01T16:30:00Z,1,4,0,0,0,0,4,0,105616,1,2,0.0,1,-4683,4634,9317,54,True,0,KMPNFNSNT,17476.0,2.0,52.0,43.0
Virgil_van Dijk_246,0,0,9,0,0.3,246,37,1,0,2.1,20.6,2018-09-01T11:30:00Z,90,13,0,0,0,0,4,0,1009383,2,1,0.0,1,5768,40281,34513,60,False,1,TKFNFRJL,97032.0,2.0,67.0,14.0
VÃ­ctor_Camarasa_504,0,0,15,0,1.7,504,33,3,1,5.4,35.2,2018-09-02T12:30:00Z,88,3,0,0,0,0,4,0,6359,3,2,17.0,6,1197,2232,1035,45,True,1,KMRSFKTR,175946.0,3.0,44.0,97.0
Wayne_Hennessey_135,0,1,34,0,0.0,135,35,2,0,6.1,60.8,2018-09-01T14:00:00Z,90,20,0,0,1,0,4,5,191464,2,0,0.0,8,36357,49712,13355,45,True,0,HNSN,20066.0,1.0,44.0,31.0
Wesley_Hoedt_336,0,0,27,1,0.5,336,35,0,0,3.2,31.0,2018-09-01T14:00:00Z,90,31,0,0,0,0,4,0,21570,2,0,0.0,6,-1770,840,2610,45,False,0,HTSL,167075.0,2.0,42.0,20.0
Wes_Morgan_215,0,0,7,0,0.3,215,37,2,0,2.5,22.8,2018-09-01T11:30:00Z,90,14,0,0,0,0,4,0,70738,2,1,2.0,1,-5234,1481,6715,45,True,0,MRKNS,15033.0,2.0,45.0,13.0
Wilfred_Ndidi_227,0,0,16,0,2.5,227,37,2,0,3.2,14.4,2018-09-01T11:30:00Z,90,14,0,0,0,0,4,0,38549,2,1,15.0,1,-2692,1555,4247,50,True,1,NTTLFRT,203341.0,3.0,49.0,13.0
Wilfried_Zaha_151,0,0,0,0,0.0,151,35,0,0,0.0,0.0,2018-09-01T14:00:00Z,0,20,0,0,0,0,4,0,1803698,2,0,0.0,0,75008,164426,89418,71,True,0,ALFRTSH,82403.0,4.0,70.0,31.0
Willian_Borges Da Silva_124,0,0,16,1,54.3,124,34,0,0,10.0,18.6,2018-09-01T14:00:00Z,64,98,0,0,0,0,4,0,350334,0,2,27.0,3,-80983,12249,93232,74,True,0,PRJSTSLFLN,47431.0,3.0,71.0,8.0
Willy_Boly_423,0,2,28,1,1.1,423,40,0,0,2.8,27.2,2018-09-01T14:00:00Z,90,35,0,0,0,0,4,0,93280,1,0,0.0,8,11166,17377,6211,45,False,0,PLL,90585.0,2.0,47.0,39.0
Willy_Caballero_112,0,0,0,0,0.0,112,34,0,0,0.0,0.0,2018-09-01T14:00:00Z,0,98,0,0,0,0,4,0,7599,0,2,0.0,0,-623,121,744,49,True,0,KPLRL,20310.0,1.0,47.0,8.0
Will_Hughes_392,0,0,13,0,13.0,392,39,1,0,2.4,9.0,2018-09-02T15:00:00Z,85,6,0,0,0,0,4,0,75856,1,2,2.0,2,8753,22504,13751,50,True,0,HHSL,108413.0,3.0,49.0,57.0
Will_Norris_422,0,0,0,0,0.0,422,40,0,0,0.0,0.0,2018-09-01T14:00:00Z,0,35,0,0,0,0,4,0,129098,1,0,0.0,0,-502,4317,4819,40,False,0,NRSL,168399.0,1.0,39.0,39.0
Winston_Reid_401,0,0,0,0,0.0,401,40,0,0,0.0,0.0,2018-09-01T14:00:00Z,0,39,0,0,0,0,4,0,1060,1,0,0.0,0,-95,24,119,45,True,0,RTNSTN,48717.0,2.0,44.0,21.0
Xherdan_Shaqiri_462,0,0,0,0,0.4,462,37,0,0,0.1,0.4,2018-09-01T11:30:00Z,19,13,0,0,0,0,4,0,142246,2,1,0.0,1,-53732,597,54329,72,False,0,XKRKSRTN,68312.0,3.0,68.0,14.0
Yannick_Bolasie_165,0,0,0,0,0.0,165,36,0,0,0.0,0.0,2018-09-01T14:00:00Z,0,97,0,0,0,0,4,0,8591,1,1,0.0,0,-3784,38,3822,58,True,0,PLSNK,55452.0,3.0,58.0,11.0
Yerry_Mina_506,0,0,0,0,0.0,506,36,0,0,0.0,0.0,2018-09-01T14:00:00Z,0,97,0,0,0,0,4,0,49019,1,1,0.0,0,-12943,305,13248,55,True,0,MNR,164511.0,2.0,54.0,11.0
Yohan_Benalouane_218,0,0,0,0,0.0,218,37,0,0,0.0,0.0,2018-09-01T11:30:00Z,0,14,0,0,0,0,4,0,54626,2,1,0.0,0,-3414,1015,4429,40,True,0,PNLNHN,41321.0,2.0,39.0,13.0
Yoshinori_Muto_488,0,0,0,0,0.0,488,38,0,0,0.0,0.0,2018-09-01T16:30:00Z,0,43,0,0,0,0,4,0,4745,1,2,0.0,0,-907,103,1010,59,False,0,MTXNR,196118.0,4.0,56.0,4.0
Younes_Kaboul_375,0,0,0,0,0.0,375,39,0,0,0.0,0.0,2018-09-02T15:00:00Z,0,6,0,0,0,0,4,0,8925,1,2,0.0,0,-940,156,1096,44,True,0,KPLNS,37742.0,2.0,42.0,57.0
Yves_Bissouma_466,0,0,1,0,1.6,466,31,1,0,0.6,0.0,2018-09-01T14:00:00Z,30,54,0,0,0,0,4,0,2273,2,2,5.0,1,-3,263,266,50,True,0,PSMFS,227127.0,3.0,46.0,36.0
Ãlvaro_Morata_134,0,0,3,1,2.2,134,34,0,0,4.5,1.4,2018-09-01T14:00:00Z,60,98,0,0,0,0,4,0,245949,0,2,41.0,2,-11273,29469,40742,90,True,0,ALFRMRT,88482.0,4.0,84.0,8.0
