id,pos,team,val,play,hype
240143,2.0,15,45,0,0.0
101537,2.0,18,61,0,0.0
103955,2.0,11,116,0,0.0
103955,2.0,11,116,1,0.0
103955,2.0,11,116,0,0.0
103955,2.0,11,116,1,0.0
43670,2.0,12,58,0,0.0
43670,2.0,12,58,0,0.0
43670,2.0,12,58,0,0.0
43670,2.0,12,58,0,0.0
233425,3.0,2,52,1,0.0
79934,2.0,14,45,1,0.0
79934,2.0,14,45,1,0.0
79934,2.0,14,45,1,0.0
79934,2.0,14,45,1,0.0
38716,1.0,17,40,0,0.0
38716,1.0,17,40,0,0.0
38716,1.0,17,40,0,0.0
38716,1.0,17,40,0,0.0
432927,0.0,13,40,0,0.0
82403,2.0,5,71,0,0.0
82403,2.0,5,71,0,0.0
82403,2.0,5,71,0,0.0
82403,2.0,5,71,0,0.0
220037,0.0,3,40,0,0.0
220037,0.0,3,40,0,0.0
220037,0.0,3,40,0,0.0
220037,0.0,3,40,0,0.0
90105,2.0,13,56,1,0.0
195471,1.0,3,40,0,0.0
195471,1.0,3,40,0,0.0
195471,1.0,3,40,0,0.0
195471,1.0,3,40,0,0.0
228798,2.0,9,57,1,0.0
228798,2.0,9,57,0,0.0
228798,2.0,9,57,1,0.0
228798,2.0,9,57,0,0.0
422612,1.0,6,40,0,0.0
422612,1.0,6,40,0,0.0
422612,1.0,6,40,0,0.0
422612,1.0,6,40,0,0.0
165808,2.0,8,50,1,0.0
170271,2.0,7,46,0,0.0
170271,2.0,7,46,0,0.0
170271,2.0,7,46,0,0.0
170271,2.0,7,46,0,0.0
102057,3.0,19,81,0,0.0
102057,3.0,19,81,0,0.0
102057,3.0,19,81,0,0.0
102057,3.0,19,81,0,0.0
179456,1.0,19,39,0,0.0
179456,1.0,19,39,0,0.0
179456,1.0,19,39,0,0.0
179456,1.0,19,39,0,0.0
192895,1.0,0,52,1,0.0
461446,2.0,6,45,0,0.0
461446,2.0,6,45,0,0.0
461446,2.0,6,45,0,0.0
461446,2.0,6,45,0,0.0
231747,3.0,5,58,0,0.0
231747,3.0,5,58,0,0.0
231747,3.0,5,58,0,0.0
231747,3.0,5,58,0,0.0
216051,1.0,12,48,0,0.0
216051,1.0,12,48,0,0.0
216051,1.0,12,48,0,0.0
216051,1.0,12,48,0,0.0
184386,1.0,1,45,0,0.0
184386,1.0,1,45,0,0.0
184386,1.0,1,45,0,0.0
184386,1.0,1,45,0,0.0
11948,0.0,17,40,0,0.0
11948,0.0,17,40,0,0.0
11948,0.0,17,40,0,0.0
11948,0.0,17,40,0,0.0
41135,1.0,17,44,1,0.0
41135,1.0,17,44,0,0.0
41135,1.0,17,44,1,0.0
41135,1.0,17,44,0,0.0
106837,2.0,9,52,0,0.0
106837,2.0,9,52,0,0.0
106837,2.0,9,52,0,0.0
106837,2.0,9,52,0,0.0
155197,1.0,14,43,0,0.0
155197,1.0,14,43,0,0.0
155197,1.0,14,43,0,0.0
155197,1.0,14,43,0,0.0
232937,1.0,12,42,0,0.0
232937,1.0,12,42,0,0.0
232937,1.0,12,42,0,0.0
232937,1.0,12,42,0,0.0
115382,3.0,2,61,1,0.0
242058,3.0,6,57,0,0.0
242058,3.0,6,57,0,0.0
242058,3.0,6,57,0,0.0
242058,3.0,6,57,0,0.0
146941,1.0,11,60,0,0.0
146941,1.0,11,60,1,0.0
146941,1.0,11,60,0,0.0
146941,1.0,11,60,1,0.0
164484,0.0,11,44,0,0.0
164484,0.0,11,44,0,0.0
164484,0.0,11,44,0,0.0
164484,0.0,11,44,0,0.0
40559,0.0,7,39,0,0.0
40559,0.0,7,39,0,0.0
40559,0.0,7,39,0,0.0
40559,0.0,7,39,0,0.0
18073,2.0,18,45,0,0.0
165809,2.0,11,74,0,0.0
165809,2.0,11,74,1,0.0
165809,2.0,11,74,0,0.0
165809,2.0,11,74,1,0.0
56979,2.0,10,54,0,0.0
56979,2.0,10,54,0,0.0
56979,2.0,10,54,0,0.0
56979,2.0,10,54,0,0.0
206915,2.0,10,44,1,0.0
206915,2.0,10,44,1,0.0
206915,2.0,10,44,1,0.0
206915,2.0,10,44,1,0.0
462424,1.0,0,40,0,0.0
222694,1.0,8,40,1,0.0
56983,2.0,13,49,1,0.0
19419,1.0,5,45,1,0.0
19419,1.0,5,45,1,0.0
19419,1.0,5,45,1,0.0
19419,1.0,5,45,1,0.0
55494,1.0,5,43,1,0.0
55494,1.0,5,43,1,0.0
55494,1.0,5,43,1,0.0
55494,1.0,5,43,1,0.0
59735,0.0,13,50,0,0.0
55605,1.0,16,54,1,0.0
55605,1.0,16,54,1,0.0
55605,1.0,16,54,1,0.0
55605,1.0,16,54,1,0.0
244848,2.0,2,45,0,0.0
101105,1.0,7,46,0,0.0
101105,1.0,7,46,1,0.0
101105,1.0,7,46,0,0.0
101105,1.0,7,46,1,0.0
243505,2.0,2,50,1,0.0
492066,3.0,8,45,0,0.0
20452,3.0,15,51,0,0.0
80201,0.0,0,50,1,0.0
166324,2.0,7,53,1,0.0
166324,2.0,7,53,1,0.0
166324,2.0,7,53,1,0.0
166324,2.0,7,53,1,0.0
66588,1.0,8,44,1,0.0
109322,2.0,18,59,1,0.0
90517,2.0,3,50,0,0.0
90517,2.0,3,50,0,0.0
90517,2.0,3,50,0,0.0
90517,2.0,3,50,0,0.0
47390,1.0,1,42,0,0.0
47390,1.0,1,42,0,0.0
47390,1.0,1,42,0,0.0
47390,1.0,1,42,0,0.0
232829,1.0,6,40,0,0.0
232829,1.0,6,40,0,0.0
232829,1.0,6,40,0,0.0
232829,1.0,6,40,0,0.0
101668,3.0,9,102,1,0.0
101668,3.0,9,102,1,0.0
101668,3.0,9,102,1,0.0
101668,3.0,9,102,1,0.0
244723,1.0,5,39,0,0.0
244723,1.0,5,39,0,0.0
244723,1.0,5,39,0,0.0
244723,1.0,5,39,0,0.0
215136,1.0,10,38,0,0.0
215136,1.0,10,38,0,0.0
215136,1.0,10,38,0,0.0
215136,1.0,10,38,0,0.0
83314,2.0,13,45,0,0.0
141569,3.0,19,48,0,0.0
141569,3.0,19,48,0,0.0
141569,3.0,19,48,0,0.0
141569,3.0,19,48,0,0.0
199598,1.0,14,43,1,0.0
199598,1.0,14,43,1,0.0
199598,1.0,14,43,1,0.0
199598,1.0,14,43,1,0.0
218031,1.0,9,53,1,0.0
218031,1.0,9,53,1,0.0
218031,1.0,9,53,1,0.0
218031,1.0,9,53,1,0.0
195064,2.0,3,45,0,0.0
195064,2.0,3,45,0,0.0
195064,2.0,3,45,0,0.0
195064,2.0,3,45,0,0.0
166989,2.0,9,64,1,0.0
166989,2.0,9,64,1,0.0
166989,2.0,9,64,1,0.0
166989,2.0,9,64,1,0.0
197937,2.0,14,42,0,0.0
197937,2.0,14,42,1,0.0
197937,2.0,14,42,0,0.0
197937,2.0,14,42,1,0.0
141746,2.0,12,116,1,0.0
141746,2.0,12,116,1,0.0
141746,2.0,12,116,1,0.0
141746,2.0,12,116,1,0.0
437495,0.0,8,46,1,0.0
492374,2.0,8,45,0,0.0
173515,3.0,9,56,1,0.0
173515,3.0,9,56,1,0.0
173515,3.0,9,56,1,0.0
173515,3.0,9,56,1,0.0
60232,1.0,18,45,1,0.0
232826,2.0,6,43,0,0.0
232826,2.0,6,43,0,0.0
232826,2.0,6,43,0,0.0
232826,2.0,6,43,0,0.0
462384,1.0,18,40,0,0.0
158534,1.0,15,47,0,0.0
101982,0.0,17,45,1,0.0
101982,0.0,17,45,1,0.0
101982,0.0,17,45,1,0.0
101982,0.0,17,45,1,0.0
448514,1.0,19,50,1,0.0
448514,1.0,19,50,0,0.0
448514,1.0,19,50,1,0.0
448514,1.0,19,50,0,0.0
60914,1.0,10,54,0,0.0
60914,1.0,10,54,0,0.0
60914,1.0,10,54,0,0.0
60914,1.0,10,54,0,0.0
205651,3.0,11,92,1,0.0
205651,3.0,11,92,1,0.0
205651,3.0,11,92,1,0.0
205651,3.0,11,92,1,0.0
61366,2.0,11,118,1,0.8737546279741448
61366,2.0,11,118,1,0.8737546279741448
61366,2.0,11,118,1,0.8145380647262337
61366,2.0,11,118,1,0.8145380647262337
55422,2.0,6,68,1,0.0
55422,2.0,6,68,1,0.0
55422,2.0,6,68,1,0.0
55422,2.0,6,68,1,0.0
27789,1.0,11,54,1,0.0
27789,1.0,11,54,0,0.0
27789,1.0,11,54,1,0.0
27789,1.0,11,54,0,0.0
152898,1.0,10,49,0,0.0
152898,1.0,10,49,0,0.0
152898,1.0,10,46,0,0.0
152898,1.0,10,46,1,0.0
115556,1.0,16,49,0,0.0
115556,1.0,16,49,0,0.0
115556,1.0,16,46,0,0.0
115556,1.0,16,46,1,0.0
152898,1.0,10,49,0,0.0
152898,1.0,10,49,0,0.0
152898,1.0,10,46,0,0.0
152898,1.0,10,46,1,0.0
115556,1.0,16,49,0,0.0
115556,1.0,16,49,0,0.0
115556,1.0,16,46,0,0.0
115556,1.0,16,46,1,0.0
166640,1.0,18,42,0,0.0
82078,3.0,17,48,0,0.0
82078,3.0,17,48,0,0.0
82078,3.0,17,48,0,0.0
82078,3.0,17,48,0,0.0
93264,1.0,16,49,0,0.0
93264,1.0,16,49,0,0.0
93264,1.0,16,49,0,0.0
93264,1.0,16,49,0,0.0
486672,2.0,2,50,0,0.0
209244,2.0,11,61,1,0.0
209244,2.0,11,61,0,0.0
209244,2.0,11,61,1,0.0
209244,2.0,11,61,0,0.0
232928,2.0,12,44,0,0.0
232928,2.0,12,44,0,0.0
232928,2.0,12,44,0,0.0
232928,2.0,12,44,0,0.0
103025,2.0,11,81,1,0.0
103025,2.0,11,81,1,0.0
103025,2.0,11,81,1,0.0
103025,2.0,11,81,1,0.0
169187,1.0,10,74,1,0.0
169187,1.0,10,74,1,0.0
169187,1.0,10,74,1,0.0
169187,1.0,10,74,1,0.0
49944,2.0,17,47,0,0.0
49944,2.0,17,47,0,0.0
49944,2.0,17,47,0,0.0
49944,2.0,17,47,0,0.0
495542,1.0,6,40,0,0.0
495542,1.0,6,40,0,0.0
495542,1.0,6,40,0,0.0
495542,1.0,6,40,0,0.0
39476,1.0,0,48,0,0.0
153366,2.0,7,44,1,0.0
153366,2.0,7,44,1,0.0
153366,2.0,7,44,1,0.0
153366,2.0,7,44,1,0.0
97299,1.0,11,52,1,0.0
97299,1.0,11,52,0,0.0
97299,1.0,11,52,1,0.0
97299,1.0,11,52,0,0.0
114128,1.0,19,54,1,0.0
114128,1.0,19,54,1,0.0
114128,1.0,19,54,1,0.0
114128,1.0,19,54,1,0.0
232977,1.0,13,39,0,0.0
86417,2.0,5,53,0,0.0
86417,2.0,5,53,1,0.0
86417,2.0,5,53,0,0.0
86417,2.0,5,53,1,0.0
223332,2.0,4,45,0,0.0
223332,2.0,4,45,0,0.0
223332,2.0,4,45,0,0.0
223332,2.0,4,45,0,0.0
212319,3.0,6,79,1,0.8459008308356127
212319,3.0,6,79,1,0.8459008308356127
212319,3.0,6,79,1,0.821724232189723
212319,3.0,6,79,1,0.821724232189723
60025,2.0,6,77,0,0.0
60025,2.0,6,77,0,0.0
60025,2.0,6,77,0,0.0
60025,2.0,6,77,0,0.0
50175,3.0,2,55,1,0.0
205533,3.0,0,54,0,0.0
197030,2.0,7,48,0,0.0
197030,2.0,7,48,0,0.0
197030,2.0,7,48,0,0.0
197030,2.0,7,48,0,0.0
165153,3.0,4,92,1,0.0
165153,3.0,4,92,1,0.0
165153,3.0,4,92,1,0.0
165153,3.0,4,92,1,0.0
228286,0.0,4,51,1,0.0
228286,0.0,4,51,1,0.0
228286,0.0,4,51,1,0.0
228286,0.0,4,51,1,0.0
437858,2.0,19,47,0,0.0
437858,2.0,19,47,0,0.0
437858,2.0,19,47,0,0.0
437858,2.0,19,47,0,0.0
82514,1.0,7,42,0,0.0
82514,1.0,7,42,0,0.0
82514,1.0,7,42,0,0.0
82514,1.0,7,42,0,0.0
225796,1.0,4,50,0,0.0
225796,1.0,4,50,1,0.0
225796,1.0,4,50,0,0.0
225796,1.0,4,50,1,0.0
178301,3.0,1,65,1,0.0
178301,3.0,1,65,1,0.0
178301,3.0,1,65,1,0.8307683562812678
178301,3.0,1,65,1,0.8307683562812678
438277,1.0,10,50,1,0.0
438277,1.0,10,50,1,0.0
438277,1.0,10,50,1,0.0
438277,1.0,10,50,1,0.0
173904,1.0,16,52,1,0.0
173904,1.0,16,52,1,0.0
173904,1.0,16,52,1,0.0
173904,1.0,16,52,1,0.0
444145,2.0,0,49,0,0.0
92217,3.0,10,92,1,0.0
92217,3.0,10,92,1,0.0
92217,3.0,10,92,1,0.0
92217,3.0,10,92,1,0.0
50232,2.0,13,53,0,0.0
194799,1.0,13,42,1,0.0
199584,1.0,16,49,0,0.0
199584,1.0,16,49,0,0.0
199584,1.0,16,49,0,0.0
199584,1.0,16,49,0,0.0
74230,1.0,5,54,1,0.0
74230,1.0,5,54,1,0.0
74230,1.0,5,54,1,0.0
74230,1.0,5,54,1,0.0
101148,1.0,13,42,1,0.0
89274,2.0,1,59,0,0.0
89274,2.0,1,59,0,0.0
89274,2.0,1,59,0,0.0
89274,2.0,1,59,0,0.0
222017,2.0,18,45,0,0.0
445896,2.0,15,44,0,0.0
33148,0.0,11,45,0,0.0
33148,0.0,11,45,0,0.0
33148,0.0,11,45,0,0.0
33148,0.0,11,45,0,0.0
478449,1.0,14,40,0,0.0
478449,1.0,14,40,0,0.0
478449,1.0,14,40,0,0.0
478449,1.0,14,40,0,0.0
173809,2.0,17,45,0,0.0
173809,2.0,17,45,0,0.0
173809,2.0,17,45,0,0.0
173809,2.0,17,45,0,0.0
109345,2.0,2,50,0,0.0
219924,1.0,18,43,1,0.0
496179,2.0,16,44,0,0.0
496179,2.0,16,44,0,0.0
496179,2.0,16,44,0,0.0
496179,2.0,16,44,0,0.0
108416,1.0,14,47,0,0.0
108416,1.0,14,47,0,0.0
108416,1.0,14,47,0,0.0
108416,1.0,14,47,0,0.0
216208,0.0,19,44,0,0.0
216208,0.0,19,44,0,0.0
216208,0.0,19,44,0,0.0
216208,0.0,19,44,0,0.0
40669,1.0,18,48,0,0.0
421796,2.0,9,45,0,0.0
421796,2.0,9,45,1,0.0
421796,2.0,9,45,0,0.0
421796,2.0,9,45,1,0.0
97032,1.0,10,63,0,0.0
97032,1.0,10,63,0,0.0
97032,1.0,10,63,0,0.0
97032,1.0,10,63,0,0.0
176420,1.0,17,45,1,0.0
176420,1.0,17,45,1,0.0
176420,1.0,17,45,1,0.0
176420,1.0,17,45,1,0.0
66975,2.0,5,56,1,0.0
66975,2.0,5,56,1,0.0
66975,2.0,5,56,1,0.0
66975,2.0,5,56,1,0.0
184667,1.0,12,48,1,0.0
184667,1.0,12,48,0,0.0
184667,1.0,12,48,1,0.0
184667,1.0,12,48,0,0.0
216616,1.0,17,42,1,0.0
216616,1.0,17,42,1,0.0
216616,1.0,17,42,1,0.0
216616,1.0,17,42,1,0.0
84182,0.0,7,45,1,0.0
84182,0.0,7,45,1,0.0
84182,0.0,7,45,1,0.0
84182,0.0,7,45,1,0.0
164511,1.0,6,55,0,0.0
164511,1.0,6,55,0,0.0
164511,1.0,6,55,0,0.0
164511,1.0,6,55,0,0.0
184259,1.0,3,40,0,0.0
184259,1.0,3,40,0,0.0
184259,1.0,3,40,0,0.0
184259,1.0,3,40,0,0.0
126184,1.0,11,54,0,0.0
126184,1.0,11,54,0,0.0
126184,1.0,11,54,0,0.0
126184,1.0,11,54,0,0.0
197464,1.0,10,40,1,0.0
197464,1.0,10,40,0,0.0
197464,1.0,10,40,1,0.0
197464,1.0,10,40,0,0.0
235382,2.0,2,42,0,0.0
110979,2.0,10,118,1,0.0
110979,2.0,10,118,1,0.0
110979,2.0,10,118,1,0.0
110979,2.0,10,118,1,0.0
480455,1.0,6,39,0,0.0
480455,1.0,6,39,0,0.0
480455,1.0,6,39,0,0.0
480455,1.0,6,39,0,0.0
232423,1.0,5,38,0,0.0
232423,1.0,5,38,0,0.0
232423,1.0,5,38,0,0.0
232423,1.0,5,38,0,0.0
109528,1.0,13,42,0,0.0
153379,2.0,15,43,0,0.0
153379,2.0,15,43,0,0.0
153379,2.0,15,43,0,0.0
153379,2.0,15,43,0,0.0
488404,2.0,12,52,0,0.0
488404,2.0,12,52,0,0.0
488404,2.0,12,52,0,0.0
488404,2.0,12,52,0,0.0
220627,1.0,9,50,0,-0.9153808358409694
220627,1.0,9,50,0,-0.9153808358409694
220627,1.0,9,50,0,-0.9094726548738084
220627,1.0,9,50,0,-0.9094726548738084
102380,1.0,4,46,1,0.0
102380,1.0,4,46,1,0.0
102380,1.0,4,46,1,0.0
102380,1.0,4,46,1,0.0
214285,1.0,10,49,0,0.0
214285,1.0,10,49,0,0.0
214285,1.0,10,49,0,0.0
214285,1.0,10,49,0,0.0
195735,2.0,0,76,1,0.0
110504,2.0,1,59,1,0.0
110504,2.0,1,59,1,0.0
110504,2.0,1,59,1,0.8185772466504342
110504,2.0,1,59,1,0.8185772466504342
195864,2.0,17,48,0,0.0
195864,2.0,17,48,0,0.0
195864,2.0,17,48,0,0.0
195864,2.0,17,48,0,0.0
61916,2.0,7,47,0,0.0
61916,2.0,7,47,0,0.0
61916,2.0,7,47,0,0.0
61916,2.0,7,47,0,0.0
217401,2.0,3,45,0,0.0
217401,2.0,3,45,0,0.0
217401,2.0,3,45,0,0.0
217401,2.0,3,45,0,0.0
15033,1.0,9,44,0,0.0
15033,1.0,9,44,0,0.0
15033,1.0,9,44,0,0.0
15033,1.0,9,44,0,0.0
214466,2.0,15,44,0,0.0
84450,2.0,0,52,1,0.0
37402,1.0,9,45,0,0.0
37402,1.0,9,45,0,0.0
37402,1.0,9,45,0,0.0
37402,1.0,9,45,0,0.0
214048,1.0,19,40,0,0.0
214048,1.0,19,40,0,0.0
214048,1.0,19,40,0,0.0
214048,1.0,19,40,0,0.0
232653,2.0,1,45,1,0.0
232653,2.0,1,45,1,0.0
232653,2.0,1,45,1,0.0
232653,2.0,1,45,1,0.0
105666,0.0,5,45,0,0.0
105666,0.0,5,45,0,0.0
105666,0.0,5,45,0,0.0
105666,0.0,5,45,0,0.0
41733,2.0,10,53,1,0.0
41733,2.0,10,53,1,0.0
41733,2.0,10,53,1,0.0
41733,2.0,10,53,1,0.0
39155,2.0,2,62,1,0.0
84915,1.0,7,41,0,0.0
84915,1.0,7,41,0,0.0
84915,1.0,7,41,0,0.0
84915,1.0,7,41,0,0.0
232398,0.0,18,40,0,0.0
168765,2.0,7,46,0,0.0
168765,2.0,7,46,0,0.0
168765,2.0,7,46,0,0.0
168765,2.0,7,46,0,0.0
28690,2.0,8,57,1,0.0
223340,2.0,0,52,0,0.0
118748,2.0,10,126,1,0.0
118748,2.0,10,126,1,0.0
118748,2.0,10,126,1,0.0
118748,2.0,10,126,1,0.0
180804,1.0,12,42,0,0.0
180804,1.0,12,42,0,0.0
180804,1.0,12,42,0,0.0
180804,1.0,12,42,0,0.0
94147,1.0,19,48,1,0.0
94147,1.0,19,48,1,0.0
94147,1.0,19,48,1,0.0
94147,1.0,19,48,1,0.0
49083,2.0,14,50,0,0.0
49083,2.0,14,50,0,0.0
49083,2.0,14,50,0,0.0
49083,2.0,14,50,0,0.0
40145,2.0,3,50,1,0.0
40145,2.0,3,50,1,0.0
40145,2.0,3,50,1,0.0
40145,2.0,3,50,1,0.0
157668,2.0,16,51,0,0.0
157668,2.0,16,51,0,0.0
157668,2.0,16,51,0,0.0
157668,2.0,16,51,0,0.0
449781,2.0,15,45,0,0.0
111782,0.0,6,45,0,0.0
111782,0.0,6,45,0,0.0
111782,0.0,6,45,0,0.0
111782,0.0,6,45,0,0.0
119471,1.0,13,49,0,0.0
60586,2.0,3,54,0,0.0
60586,2.0,3,54,0,0.0
60586,2.0,3,54,0,0.0
60586,2.0,3,54,0,0.0
86934,2.0,18,64,0,0.0
231372,2.0,16,59,1,0.0
231372,2.0,16,59,1,0.0
231372,2.0,16,59,1,0.0
231372,2.0,16,59,1,0.0
442229,1.0,2,45,0,0.0
493250,2.0,12,54,0,0.0
493250,2.0,12,54,0,0.0
493250,2.0,12,54,0,0.0
493250,2.0,12,54,0,0.0
77359,1.0,13,43,0,0.0
47431,2.0,0,75,1,0.0
199249,1.0,16,55,1,0.0
199249,1.0,16,55,0,0.0
199249,1.0,16,55,1,0.0
199249,1.0,16,55,0,0.0
168763,1.0,16,39,0,0.0
168763,1.0,16,39,0,0.0
168763,1.0,16,39,0,0.0
168763,1.0,16,39,0,0.0
490145,3.0,16,45,0,0.0
490145,3.0,16,45,0,0.0
490145,3.0,16,45,0,0.0
490145,3.0,16,45,0,0.0
116535,0.0,10,59,0,0.0
116535,0.0,10,59,1,0.0
116535,0.0,10,59,0,0.0
116535,0.0,10,59,1,0.0
58893,1.0,12,48,0,0.0
58893,1.0,12,48,0,0.0
58893,1.0,12,48,0,0.0
58893,1.0,12,48,0,0.0
232427,2.0,17,43,0,0.0
232427,2.0,17,43,0,0.0
232427,2.0,17,43,0,0.0
232427,2.0,17,43,0,0.0
200439,3.0,15,58,1,0.0
49440,3.0,17,52,1,0.0
49440,3.0,17,52,1,0.0
49440,3.0,17,52,1,0.0
49440,3.0,17,52,1,0.0
204676,3.0,2,50,0,0.0
214987,0.0,8,40,0,0.0
173818,2.0,6,45,0,0.0
173818,2.0,6,45,0,0.0
173818,2.0,6,45,0,0.0
173818,2.0,6,45,0,0.0
178186,2.0,18,60,1,0.0
245824,3.0,16,69,0,0.0
245824,3.0,16,69,0,0.0
245824,3.0,16,69,0,0.0
245824,3.0,16,69,0,0.0
244851,2.0,11,44,0,0.0
244851,2.0,11,44,0,0.0
244851,2.0,11,44,0,0.0
244851,2.0,11,44,0,0.0
146610,1.0,14,47,0,0.0
146610,1.0,14,47,0,0.0
146610,1.0,14,47,0,0.0
146610,1.0,14,47,0,0.0
92371,1.0,0,44,1,0.0
223175,2.0,13,48,0,0.0
225368,2.0,19,44,0,0.0
225368,2.0,19,44,0,0.0
225368,2.0,19,44,0,0.0
225368,2.0,19,44,0,0.0
194794,1.0,4,47,0,0.0
194794,1.0,4,47,0,0.0
194794,1.0,4,47,0,0.0
194794,1.0,4,47,0,0.0
434138,2.0,8,43,0,0.0
54861,3.0,5,55,1,0.0
54861,3.0,5,55,1,0.0
54861,3.0,5,55,1,0.0
54861,3.0,5,55,1,0.0
200720,0.0,10,45,0,0.0
200720,0.0,10,45,0,0.0
200720,0.0,10,45,0,0.0
200720,0.0,10,45,0,0.0
78007,3.0,6,54,1,0.0
78007,3.0,6,54,1,0.0
78007,3.0,6,54,1,0.0
78007,3.0,6,54,1,0.0
155529,0.0,7,43,0,0.0
155529,0.0,7,43,0,0.0
155529,0.0,7,43,0,0.0
155529,0.0,7,43,0,0.0
184029,2.0,0,59,1,0.0
58621,1.0,11,61,1,0.0
58621,1.0,11,61,1,0.0
58621,1.0,11,61,1,0.0
58621,1.0,11,61,1,0.0
15749,0.0,16,43,0,0.0
15749,0.0,16,43,0,0.0
15749,0.0,16,43,0,0.0
15749,0.0,16,43,0,0.0
204480,2.0,18,47,1,0.0
209289,2.0,0,43,0,0.0
209289,2.0,0,43,1,0.0
209289,2.0,0,43,0,0.0
209289,2.0,0,43,1,0.0
213405,1.0,9,43,0,0.0
213405,1.0,9,43,0,0.0
213405,1.0,9,43,0,0.0
213405,1.0,9,43,0,0.0
422306,2.0,15,45,0,0.0
121599,2.0,6,52,1,0.0
121599,2.0,6,52,1,0.0
121599,2.0,6,52,1,0.0
121599,2.0,6,52,1,0.0
149915,1.0,8,44,1,0.0
250604,2.0,19,45,0,0.0
250604,2.0,19,45,1,0.0
250604,2.0,19,45,0,0.0
250604,2.0,19,45,1,0.0
169528,1.0,7,44,1,0.0
169528,1.0,7,44,1,0.0
169528,1.0,7,44,1,0.0
169528,1.0,7,44,1,0.0
80179,2.0,8,48,0,0.0
505265,3.0,17,45,0,0.0
505265,3.0,17,45,0,0.0
505265,3.0,17,45,0,0.0
505265,3.0,17,45,0,0.0
114243,2.0,13,49,1,0.0
111478,1.0,2,43,1,0.0
226182,1.0,14,43,0,0.0
226182,1.0,14,43,0,0.0
226182,1.0,14,43,0,0.0
226182,1.0,14,43,0,0.0
167074,1.0,7,43,1,0.0
167074,1.0,7,43,0,0.0
167074,1.0,7,43,1,0.0
167074,1.0,7,43,0,0.0
66242,2.0,2,48,0,0.0
167199,2.0,0,49,1,0.0
440993,2.0,14,45,0,0.0
440993,2.0,14,45,0,0.0
440993,2.0,14,45,0,0.0
440993,2.0,14,45,0,0.0
217593,2.0,18,59,1,0.0
110735,1.0,2,43,0,0.0
61933,1.0,2,43,0,0.0
220738,2.0,2,45,0,0.0
91651,2.0,4,53,1,0.0
91651,2.0,4,53,1,0.0
91651,2.0,4,53,1,0.0
91651,2.0,4,53,1,0.0
157882,2.0,15,60,0,0.0
472464,2.0,12,45,0,0.0
472464,2.0,12,45,0,0.0
472464,2.0,12,45,0,0.0
472464,2.0,12,45,0,0.0
41674,1.0,3,43,0,0.0
41674,1.0,3,43,0,0.0
41674,1.0,3,43,0,0.0
41674,1.0,3,43,0,0.0
128198,2.0,15,54,0,0.0
38290,1.0,16,47,0,0.0
38290,1.0,16,47,0,0.0
38290,1.0,16,47,0,0.0
38290,1.0,16,47,0,0.0
153127,2.0,13,46,1,0.0
152590,1.0,12,54,0,0.0
152590,1.0,12,54,0,0.0
152590,1.0,12,54,0,0.0
152590,1.0,12,54,0,0.0
72222,2.0,8,52,1,0.0
223824,1.0,5,40,0,0.0
223824,1.0,5,40,0,0.0
223824,1.0,5,40,0,0.0
223824,1.0,5,40,0,0.0
81441,0.0,13,43,0,0.0
83427,1.0,14,42,0,0.0
83427,1.0,14,42,0,0.0
83427,1.0,14,42,0,0.0
83427,1.0,14,42,0,0.0
198044,0.0,15,40,0,0.0
59949,1.0,6,48,0,0.0
59949,1.0,6,48,0,0.0
59949,1.0,6,48,0,0.0
59949,1.0,6,48,0,0.0
466955,2.0,5,43,0,0.0
466955,2.0,5,43,0,0.0
466955,2.0,5,43,0,0.0
466955,2.0,5,43,0,0.0
146426,1.0,17,48,0,0.0
146426,1.0,17,48,0,0.0
146426,1.0,17,48,0,0.0
146426,1.0,17,48,0,0.0
153723,2.0,14,49,1,0.0
153723,2.0,14,49,1,0.0
153723,2.0,14,49,1,0.0
153723,2.0,14,49,1,0.0
153256,2.0,0,42,1,0.0
86881,2.0,9,42,0,0.0
86881,2.0,9,42,1,0.0
86881,2.0,9,42,0,0.0
86881,2.0,9,42,1,0.0
47247,2.0,14,56,1,0.0
47247,2.0,14,56,1,0.0
47247,2.0,14,56,1,0.0
47247,2.0,14,56,1,0.0
232229,1.0,9,40,0,0.0
232229,1.0,9,40,0,0.0
232229,1.0,9,40,0,0.0
232229,1.0,9,40,0,0.0
78356,3.0,17,51,0,0.0
78356,3.0,17,51,0,0.0
78356,3.0,17,51,0,0.0
78356,3.0,17,51,0,0.0
39487,1.0,3,43,0,0.0
39487,1.0,3,43,0,0.0
39487,1.0,3,43,0,0.0
39487,1.0,3,43,0,0.0
200641,2.0,0,51,0,0.0
44699,3.0,3,60,0,0.0
44699,3.0,3,60,0,0.0
44699,3.0,3,60,0,0.0
44699,3.0,3,60,0,0.0
203341,2.0,9,48,1,0.0
203341,2.0,9,48,1,0.0
203341,2.0,9,48,1,0.0
203341,2.0,9,48,1,0.0
67089,0.0,13,48,1,0.0
200402,1.0,19,52,1,0.0
200402,1.0,19,52,1,0.0
200402,1.0,19,52,1,0.0
200402,1.0,19,52,1,0.0
215062,2.0,2,45,0,0.0
122775,2.0,1,55,1,0.0
122775,2.0,1,55,1,0.0
122775,2.0,1,55,1,0.0
122775,2.0,1,55,1,0.0
80226,1.0,16,52,1,0.0
80226,1.0,16,52,0,0.0
80226,1.0,16,52,1,0.0
80226,1.0,16,52,0,0.0
60551,2.0,3,53,1,0.0
60551,2.0,3,53,1,0.0
60551,2.0,3,53,1,0.0
60551,2.0,3,53,1,0.0
198869,1.0,2,44,1,0.0
100649,2.0,6,57,0,0.0
100649,2.0,6,57,1,0.0
100649,2.0,6,57,0,0.0
100649,2.0,6,57,1,0.0
82691,1.0,14,49,1,0.0
82691,1.0,14,49,1,0.0
82691,1.0,14,49,1,0.0
82691,1.0,14,49,1,0.0
230127,2.0,2,50,0,0.0
109434,1.0,7,43,0,0.0
109434,1.0,7,43,0,0.0
109434,1.0,7,43,0,0.0
109434,1.0,7,43,0,0.0
209362,1.0,2,39,0,0.0
171317,2.0,19,51,1,0.0
171317,2.0,19,51,1,0.0
171317,2.0,19,51,1,0.0
171317,2.0,19,51,1,0.0
131897,0.0,0,42,0,0.0
51927,1.0,3,51,1,0.0
51927,1.0,3,51,1,0.0
51927,1.0,3,51,1,0.0
51927,1.0,3,51,1,0.0
213482,1.0,15,47,0,0.0
36903,2.0,16,93,1,0.0
36903,2.0,16,93,1,0.0
36903,2.0,16,93,1,0.0
36903,2.0,16,93,1,0.0
206325,1.0,11,55,1,0.0
206325,1.0,11,55,0,0.0
206325,1.0,11,55,1,0.0
206325,1.0,11,55,0,0.0
88894,2.0,1,59,0,0.0
88894,2.0,1,59,1,0.0
88894,2.0,1,59,0,0.0
88894,2.0,1,59,1,0.0
74208,2.0,12,76,0,0.0
74208,2.0,12,76,0,0.0
74208,2.0,12,76,0,0.0
74208,2.0,12,76,0,0.0
153682,2.0,10,51,0,0.0
153682,2.0,10,51,0,0.0
153682,2.0,10,51,0,0.0
153682,2.0,10,51,0,0.0
233489,2.0,10,45,0,0.0
233489,2.0,10,45,0,0.0
233489,2.0,10,45,0,0.0
233489,2.0,10,45,0,0.0
6744,0.0,12,40,0,0.0
6744,0.0,12,40,0,0.0
6744,0.0,12,40,0,0.0
6744,0.0,12,40,0,0.0
465572,2.0,2,45,0,0.0
164555,1.0,18,47,1,0.0
203389,2.0,15,43,1,0.0
49262,0.0,2,40,0,0.0
85955,2.0,4,47,0,0.0
85955,2.0,4,47,1,0.0
85955,2.0,4,47,0,0.0
85955,2.0,4,47,1,0.0
41823,2.0,6,48,0,0.0
41823,2.0,6,48,0,0.0
41823,2.0,6,48,0,0.0
41823,2.0,6,48,0,0.0
181008,3.0,18,55,0,0.0
108156,1.0,1,44,0,0.0
108156,1.0,1,44,0,0.0
108156,1.0,1,44,0,0.0
108156,1.0,1,44,0,0.0
61739,1.0,7,41,0,0.0
61739,1.0,7,41,0,0.0
61739,1.0,7,41,0,0.0
61739,1.0,7,41,0,0.0
111773,1.0,13,42,1,0.0
428610,2.0,19,43,0,0.0
428610,2.0,19,43,0,0.0
428610,2.0,19,43,0,0.0
428610,2.0,19,43,0,0.0
40564,2.0,1,43,0,0.0
40564,2.0,1,43,0,0.0
40564,2.0,1,43,0,0.0
40564,2.0,1,43,0,0.0
148508,2.0,1,52,1,0.0
148508,2.0,1,52,0,0.0
148508,2.0,1,52,1,0.0
148508,2.0,1,52,0,0.0
126187,2.0,7,59,1,0.0
126187,2.0,7,59,1,0.0
126187,2.0,7,59,1,0.0
126187,2.0,7,59,1,0.0
440241,2.0,2,45,0,0.0
172649,0.0,12,52,0,0.0
172649,0.0,12,52,1,0.0
172649,0.0,12,52,0,0.0
172649,0.0,12,52,1,0.0
151086,2.0,7,45,0,0.0
151086,2.0,7,45,1,0.0
151086,2.0,7,45,0,0.0
151086,2.0,7,45,1,0.0
85971,2.0,16,95,1,0.0
85971,2.0,16,95,1,0.0
85971,2.0,16,95,1,0.0
85971,2.0,16,95,1,0.0
171771,1.0,15,49,1,0.0
84939,3.0,15,84,1,0.0
455084,1.0,8,39,0,0.0
57913,1.0,8,38,0,0.0
17997,1.0,3,44,0,0.0
17997,1.0,3,44,0,0.0
17997,1.0,3,44,0,0.0
17997,1.0,3,44,0,0.0
448487,0.0,19,40,0,0.0
448487,0.0,19,40,0,0.0
448487,0.0,19,40,0,0.0
448487,0.0,19,40,0,0.0
20310,0.0,4,46,0,0.0
20310,0.0,4,46,0,0.0
20310,0.0,4,46,0,0.0
20310,0.0,4,46,0,0.0
432656,1.0,11,47,0,0.0
432656,1.0,11,47,0,0.0
432656,1.0,11,47,0,0.0
432656,1.0,11,47,0,0.0
149484,1.0,1,54,1,0.0
149484,1.0,1,54,1,0.0
149484,1.0,1,54,1,0.0
149484,1.0,1,54,1,0.0
96994,3.0,7,53,1,0.0
96994,3.0,7,53,0,0.0
96994,3.0,7,53,1,0.0
96994,3.0,7,53,0,0.0
51090,1.0,4,56,0,0.0
51090,1.0,4,56,0,0.0
51090,1.0,4,56,0,0.0
51090,1.0,4,56,0,0.0
83312,1.0,3,39,0,0.0
83312,1.0,3,39,0,0.0
83312,1.0,3,39,0,0.0
83312,1.0,3,39,0,0.0
40784,1.0,5,44,0,0.0
40784,1.0,5,44,0,0.0
40784,1.0,5,44,0,0.0
40784,1.0,5,44,0,0.0
149266,1.0,7,43,0,0.0
149266,1.0,7,43,0,0.0
149266,1.0,7,43,0,0.0
149266,1.0,7,43,0,0.0
180135,2.0,13,47,0,0.0
39790,0.0,8,42,0,0.0
245923,2.0,19,45,0,0.0
245923,2.0,19,45,0,0.0
245923,2.0,19,45,0,0.0
245923,2.0,19,45,0,0.0
94245,3.0,5,57,0,0.0
94245,3.0,5,57,0,0.0
94245,3.0,5,57,0,0.0
94245,3.0,5,57,0,0.0
461533,3.0,18,45,0,0.0
153133,2.0,6,59,1,0.0
153133,2.0,6,59,1,0.0
153133,2.0,6,59,1,0.0
153133,2.0,6,59,1,0.0
50093,0.0,17,40,0,0.0
50093,0.0,17,40,0,0.0
50093,0.0,17,40,0,0.0
50093,0.0,17,40,0,0.0
72681,1.0,7,42,0,0.0
72681,1.0,7,42,0,0.0
72681,1.0,7,42,0,0.0
72681,1.0,7,42,0,0.0
219352,2.0,7,50,1,0.840081635055955
219352,2.0,7,50,1,0.840081635055955
219352,2.0,7,50,1,0.0
219352,2.0,7,50,1,0.0
219961,2.0,8,54,1,0.0
119765,2.0,6,52,1,0.0
119765,2.0,6,52,1,0.0
119765,2.0,6,52,1,0.0
119765,2.0,6,52,1,0.0
107265,0.0,15,43,0,0.0
104953,2.0,13,52,0,0.0
242166,2.0,0,47,0,0.0
62974,2.0,16,57,1,0.0
62974,2.0,16,57,1,0.0
62974,2.0,16,57,1,0.0
62974,2.0,16,57,1,0.0
170137,2.0,13,51,1,0.0
166477,1.0,9,57,1,0.0
166477,1.0,9,57,1,0.0
166477,1.0,9,57,1,0.0
166477,1.0,9,57,1,0.0
195774,2.0,16,47,0,0.0
195774,2.0,16,47,0,0.0
195774,2.0,16,47,0,0.0
195774,2.0,16,47,0,0.0
95715,2.0,16,66,1,0.0
95715,2.0,16,66,1,0.0
95715,2.0,16,66,1,0.0
95715,2.0,16,66,1,0.0
221272,1.0,5,40,0,0.0
221272,1.0,5,40,0,0.0
221272,1.0,5,40,0,0.0
221272,1.0,5,40,0,0.0
179018,2.0,13,56,1,0.0
19194,0.0,18,40,0,0.0
443296,2.0,19,45,0,0.0
443296,2.0,19,45,0,0.0
443296,2.0,19,45,0,0.0
443296,2.0,19,45,0,0.0
78830,3.0,16,111,1,0.8648001867669798
78830,3.0,16,111,1,0.8648001867669798
78830,3.0,16,111,1,0.0
78830,3.0,16,111,1,0.0
155569,1.0,9,39,1,0.0
155569,1.0,9,39,1,0.0
155569,1.0,9,39,1,0.0
155569,1.0,9,39,1,0.0
122806,2.0,1,55,1,0.0
122806,2.0,1,55,1,0.0
122806,2.0,1,55,1,0.0
122806,2.0,1,55,1,0.0
244856,1.0,12,39,0,0.0
244856,1.0,12,39,0,0.0
244856,1.0,12,39,0,0.0
244856,1.0,12,39,0,0.0
106618,1.0,13,44,0,0.0
102826,1.0,11,59,0,0.0
102826,1.0,11,59,0,0.0
102826,1.0,11,59,0,0.0
102826,1.0,11,59,0,0.0
40720,3.0,12,79,0,-0.7621255725946776
40720,3.0,12,79,1,-0.7621255725946776
40720,3.0,12,79,0,0.0
40720,3.0,12,79,1,0.0
55037,2.0,5,48,1,0.0
55037,2.0,5,48,1,0.0
55037,2.0,5,48,1,0.0
55037,2.0,5,48,1,0.0
234908,1.0,16,43,0,0.0
234908,1.0,16,43,0,0.0
234908,1.0,16,43,0,0.0
234908,1.0,16,43,0,0.0
184341,2.0,4,68,1,0.0
184341,2.0,4,68,1,0.0
184341,2.0,4,68,1,0.8599804209666909
184341,2.0,4,68,1,0.8599804209666909
55909,1.0,12,49,0,0.0
55909,1.0,12,49,0,0.0
55909,1.0,12,49,0,0.0
55909,1.0,12,49,0,0.0
121160,0.0,11,61,1,0.0
121160,0.0,11,61,1,0.0
121160,0.0,11,61,1,0.0
121160,0.0,11,61,1,0.0
490138,0.0,10,40,0,0.0
490138,0.0,10,40,0,0.0
490138,0.0,10,40,0,0.0
490138,0.0,10,40,0,0.0
219265,2.0,11,45,0,0.0
219265,2.0,11,45,0,0.0
219265,2.0,11,45,0,0.0
219265,2.0,11,45,0,0.0
50471,2.0,5,52,0,0.0
50471,2.0,5,52,0,0.0
50471,2.0,5,52,0,0.0
50471,2.0,5,52,0,0.0
116216,2.0,2,57,1,0.0
194634,2.0,10,66,0,0.0
194634,2.0,10,66,1,0.0
194634,2.0,10,66,0,0.0
194634,2.0,10,66,1,0.0
222018,1.0,18,39,1,0.0
167878,2.0,14,47,1,0.0
167878,2.0,14,47,1,0.0
167878,2.0,14,47,1,0.0
167878,2.0,14,47,1,0.0
93284,3.0,2,48,0,0.0
108813,0.0,2,40,0,0.0
183015,1.0,17,43,0,0.0
183015,1.0,17,43,0,0.0
183015,1.0,17,43,0,0.0
183015,1.0,17,43,0,0.0
220566,2.0,11,53,0,0.0
220566,2.0,11,53,1,0.0
220566,2.0,11,53,0,0.0
220566,2.0,11,53,1,0.0
18987,2.0,17,56,0,0.0
18987,2.0,17,56,1,0.0
18987,2.0,17,56,0,0.0
18987,2.0,17,56,1,0.0
135363,1.0,4,47,1,0.0
135363,1.0,4,47,1,0.0
135363,1.0,4,47,1,0.0
135363,1.0,4,47,1,0.0
194252,2.0,16,70,0,0.0
194252,2.0,16,70,0,0.0
194252,2.0,16,70,0,0.0
194252,2.0,16,70,0,0.0
232792,1.0,2,46,0,0.0
193645,1.0,8,43,0,0.0
449988,3.0,19,52,1,0.0
449988,3.0,19,52,1,0.0
449988,3.0,19,52,1,0.0
449988,3.0,19,52,1,0.0
122074,0.0,7,43,0,0.0
122074,0.0,7,43,0,0.0
122074,0.0,7,43,0,0.0
122074,0.0,7,43,0,0.0
111291,1.0,19,47,0,0.0
111291,1.0,19,47,0,0.0
111291,1.0,19,47,0,0.0
111291,1.0,19,47,0,0.0
41328,1.0,4,57,1,0.0
41328,1.0,4,57,1,0.0
41328,1.0,4,57,1,0.0
41328,1.0,4,57,1,0.0
174874,1.0,7,45,1,0.0
174874,1.0,7,45,1,0.0
174874,1.0,7,45,1,0.0
174874,1.0,7,45,1,0.0
169359,1.0,1,49,1,0.0
169359,1.0,1,49,1,0.0
169359,1.0,1,49,1,0.0
169359,1.0,1,49,1,0.0
432720,0.0,11,40,0,0.0
432720,0.0,11,40,0,0.0
432720,0.0,11,40,0,0.0
432720,0.0,11,40,0,0.0
60689,3.0,3,62,1,0.0
60689,3.0,3,62,1,0.0
60689,3.0,3,62,1,0.0
60689,3.0,3,62,1,0.0
98747,0.0,3,56,1,0.0
98747,0.0,3,56,1,0.0
98747,0.0,3,56,1,0.0
98747,0.0,3,56,1,0.0
200600,2.0,19,53,0,0.0
200600,2.0,19,53,0,0.0
200600,2.0,19,53,0,0.0
200600,2.0,19,53,0,0.0
171287,1.0,10,52,0,0.0
171287,1.0,10,52,0,0.0
171287,1.0,10,52,0,0.0
171287,1.0,10,52,0,0.0
198849,2.0,0,47,0,0.0
113534,0.0,0,40,0,0.0
50229,2.0,17,51,1,0.0
50229,2.0,17,51,1,0.0
50229,2.0,17,51,1,0.0
50229,2.0,17,51,1,0.0
19188,1.0,5,43,0,0.0
19188,1.0,5,43,0,0.0
19188,1.0,5,43,0,0.0
19188,1.0,5,43,0,0.0
154043,1.0,17,46,1,0.0
154043,1.0,17,46,1,0.0
154043,1.0,17,46,1,0.0
154043,1.0,17,46,1,0.0
42427,1.0,17,43,0,0.0
42427,1.0,17,43,0,0.0
42427,1.0,17,43,0,0.0
42427,1.0,17,43,0,0.0
68312,2.0,10,64,0,0.0
68312,2.0,10,64,0,0.0
68312,2.0,10,64,0,0.0
68312,2.0,10,64,0,0.0
209288,0.0,2,39,0,0.0
87873,1.0,8,50,1,0.0
243016,2.0,2,53,1,0.0
111457,1.0,0,48,0,0.0
105717,1.0,18,43,0,0.0
59125,3.0,5,44,0,0.0
59125,3.0,5,44,0,0.0
59125,3.0,5,44,0,0.0
59125,3.0,5,44,0,0.0
17601,0.0,11,39,0,0.0
17601,0.0,11,39,0,0.0
17601,0.0,11,39,0,0.0
17601,0.0,11,39,0,0.0
151119,1.0,13,43,0,0.0
20529,3.0,2,48,0,0.0
40836,0.0,5,48,1,0.0
40836,0.0,5,48,1,0.0
40836,0.0,5,48,1,0.0
40836,0.0,5,48,1,0.0
106760,1.0,12,51,1,0.0
106760,1.0,12,51,1,0.0
106760,1.0,12,51,1,0.0
106760,1.0,12,51,1,0.0
95463,0.0,9,43,0,0.0
95463,0.0,9,43,0,0.0
95463,0.0,9,43,0,0.0
95463,0.0,9,43,0,0.0
194126,0.0,14,40,0,0.0
194126,0.0,14,40,0,0.0
194126,0.0,14,40,0,0.0
194126,0.0,14,40,0,0.0
81880,2.0,10,63,0,0.0
81880,2.0,10,63,1,0.0
81880,2.0,10,63,0,0.0
81880,2.0,10,63,1,0.0
40383,0.0,15,40,1,0.0
109638,1.0,14,39,1,0.0
109638,1.0,14,39,1,0.0
109638,1.0,14,39,1,0.0
109638,1.0,14,39,1,0.0
45268,2.0,16,47,0,0.0
45268,2.0,16,47,1,0.0
45268,2.0,16,47,0,0.0
45268,2.0,16,47,1,0.0
219291,2.0,11,45,0,0.0
219291,2.0,11,45,0,0.0
219291,2.0,11,45,0,0.0
219291,2.0,11,45,0,0.0
103192,1.0,4,54,0,0.0
103192,1.0,4,54,0,0.0
103192,1.0,4,54,0,0.0
103192,1.0,4,54,0,0.0
209353,3.0,19,59,0,0.0
209353,3.0,19,59,0,0.0
209353,3.0,19,59,0,0.0
209353,3.0,19,59,0,0.0
194164,1.0,6,48,1,0.0
194164,1.0,6,48,1,0.0
194164,1.0,6,48,1,0.0
194164,1.0,6,48,1,0.0
42525,0.0,5,40,0,0.0
42525,0.0,5,40,0,0.0
42525,0.0,5,40,0,0.0
42525,0.0,5,40,0,0.0
217487,3.0,1,59,0,0.0
217487,3.0,1,59,0,0.0
217487,3.0,1,59,0,0.0
217487,3.0,1,59,0,0.0
152898,1.0,10,49,0,0.0
152898,1.0,10,49,0,0.0
152898,1.0,10,46,0,0.0
152898,1.0,10,46,1,0.0
115556,1.0,16,49,0,0.0
115556,1.0,16,49,0,0.0
115556,1.0,16,46,0,0.0
115556,1.0,16,46,1,0.0
152898,1.0,10,49,0,0.0
152898,1.0,10,49,0,0.0
152898,1.0,10,46,0,0.0
152898,1.0,10,46,1,0.0
115556,1.0,16,49,0,0.0
115556,1.0,16,49,0,0.0
115556,1.0,16,46,0,0.0
115556,1.0,16,46,1,0.0
200617,2.0,12,62,1,0.0
200617,2.0,12,62,1,0.0
200617,2.0,12,62,1,0.0
200617,2.0,12,62,1,0.0
103914,1.0,3,44,1,0.0
103914,1.0,3,44,1,0.0
103914,1.0,3,44,1,0.0
103914,1.0,3,44,1,0.0
51938,2.0,9,52,1,0.0
51938,2.0,9,52,1,0.0
51938,2.0,9,52,1,0.0
51938,2.0,9,52,1,0.0
87107,1.0,7,42,0,0.0
87107,1.0,7,42,0,0.0
87107,1.0,7,42,0,0.0
87107,1.0,7,42,0,0.0
481371,2.0,14,45,0,0.0
481371,2.0,14,45,0,0.0
481371,2.0,14,45,0,0.0
481371,2.0,14,45,0,0.0
178304,3.0,14,58,0,0.0
178304,3.0,14,58,0,0.0
178304,3.0,14,58,0,0.0
178304,3.0,14,58,0,0.0
51940,0.0,12,53,1,0.0
51940,0.0,12,53,0,0.0
51940,0.0,12,53,1,0.0
51940,0.0,12,53,0,0.0
90585,1.0,19,54,0,0.0
90585,1.0,19,54,0,0.0
90585,1.0,19,54,0,0.0
90585,1.0,19,54,0,0.0
232787,2.0,17,55,1,0.0
232787,2.0,17,55,1,0.0
232787,2.0,17,55,1,0.0
232787,2.0,17,55,1,0.0
433154,2.0,3,57,1,0.0
433154,2.0,3,57,1,0.0
433154,2.0,3,57,1,0.0
433154,2.0,3,57,1,0.0
155405,2.0,8,49,0,0.0
178173,1.0,2,44,0,0.0
76357,2.0,7,52,0,0.0
76357,2.0,7,52,0,0.0
76357,2.0,7,52,0,0.0
76357,2.0,7,52,0,0.0
430367,3.0,3,45,0,0.0
430367,3.0,3,45,0,0.0
430367,3.0,3,45,0,0.0
430367,3.0,3,45,0,0.0
179830,2.0,17,50,1,0.0
179830,2.0,17,50,0,0.0
179830,2.0,17,50,1,0.0
179830,2.0,17,50,0,0.0
60307,2.0,2,58,1,0.0
247632,2.0,19,57,1,0.0
247632,2.0,19,57,1,0.0
247632,2.0,19,57,1,0.0
247632,2.0,19,57,1,0.0
61558,2.0,10,56,1,0.0
61558,2.0,10,56,1,0.0
61558,2.0,10,56,1,0.0
61558,2.0,10,56,1,0.0
220394,2.0,11,44,0,0.0
220394,2.0,11,44,0,0.0
220394,2.0,11,44,0,0.0
220394,2.0,11,44,0,0.0
121145,1.0,11,61,0,0.0
121145,1.0,11,61,1,0.0
121145,1.0,11,61,0,0.7954533539801694
121145,1.0,11,61,1,0.7954533539801694
461450,3.0,3,45,0,0.0
461450,3.0,3,45,0,0.0
461450,3.0,3,45,0,0.0
461450,3.0,3,45,0,0.0
109745,0.0,4,47,0,0.0
109745,0.0,4,47,0,0.0
109745,0.0,4,47,0,0.0
109745,0.0,4,47,0,0.0
54102,2.0,18,49,0,0.0
40386,1.0,14,46,0,0.0
40386,1.0,14,46,0,0.0
40386,1.0,14,46,0,0.0
40386,1.0,14,46,0,0.0
465299,2.0,3,44,0,0.0
465299,2.0,3,44,0,0.0
465299,2.0,3,44,0,0.0
465299,2.0,3,44,0,0.0
220598,3.0,15,46,0,0.0
177815,3.0,6,78,1,0.0
177815,3.0,6,78,1,0.0
177815,3.0,6,78,1,0.0
177815,3.0,6,78,1,0.0
159533,2.0,19,60,1,0.0
159533,2.0,19,60,1,0.0
159533,2.0,19,60,1,0.0
159533,2.0,19,60,1,0.0
209046,2.0,4,57,1,0.0
209046,2.0,4,57,0,0.0
209046,2.0,4,57,1,0.0
209046,2.0,4,57,0,0.0
216054,1.0,19,41,0,0.0
216054,1.0,19,41,0,0.0
216054,1.0,19,41,0,0.0
216054,1.0,19,41,0,0.0
225321,0.0,14,46,1,0.0
225321,0.0,14,46,1,0.0
225321,0.0,14,46,1,0.0
225321,0.0,14,46,1,0.0
111931,1.0,9,59,1,0.0
111931,1.0,9,59,1,0.0
111931,1.0,9,59,1,0.0
111931,1.0,9,59,1,0.0
214225,1.0,16,50,0,0.0
214225,1.0,16,50,0,0.0
214225,1.0,16,50,0,0.0
214225,1.0,16,50,0,0.0
88900,1.0,15,46,0,0.0
173807,2.0,6,52,0,0.0
173807,2.0,6,52,0,0.0
173807,2.0,6,52,0,0.0
173807,2.0,6,52,0,0.0
199796,1.0,1,50,0,0.0
199796,1.0,1,50,0,0.0
199796,1.0,1,50,0,0.0
199796,1.0,1,50,0,0.0
27436,3.0,14,52,1,0.0
27436,3.0,14,52,1,0.0
27436,3.0,14,52,1,0.0
27436,3.0,14,52,1,0.0
17745,0.0,9,55,1,0.0
17745,0.0,9,55,1,0.0
17745,0.0,9,55,1,0.0
17745,0.0,9,55,1,0.0
197469,2.0,9,47,0,0.0
197469,2.0,9,47,1,0.0
197469,2.0,9,47,0,0.0
197469,2.0,9,47,1,0.0
74854,0.0,14,43,0,0.0
74854,0.0,14,43,0,0.0
74854,0.0,14,43,0,0.0
74854,0.0,14,43,0,0.0
222677,2.0,12,44,0,0.0
222677,2.0,12,44,0,0.0
222677,2.0,12,44,0,0.0
222677,2.0,12,44,0,0.0
111234,0.0,6,48,1,0.0
111234,0.0,6,48,1,0.0
111234,0.0,6,48,1,0.0
111234,0.0,6,48,1,0.0
109533,1.0,4,47,0,0.0
109533,1.0,4,47,0,0.0
109533,1.0,4,47,0,0.0
109533,1.0,4,47,0,0.0
244619,1.0,9,42,1,0.0
244619,1.0,9,42,0,0.0
244619,1.0,9,42,1,0.0
244619,1.0,9,42,0,0.0
57145,1.0,13,47,0,0.0
447325,0.0,6,40,0,0.0
447325,0.0,6,40,0,0.0
447325,0.0,6,40,0,0.0
447325,0.0,6,40,0,0.0
215059,0.0,2,45,1,0.0
184704,2.0,1,43,1,0.0
184704,2.0,1,43,1,0.0
184704,2.0,1,43,1,0.0
184704,2.0,1,43,1,0.0
17761,1.0,3,53,1,0.0
17761,1.0,3,53,1,0.0
17761,1.0,3,53,1,0.0
17761,1.0,3,53,1,0.0
196118,3.0,13,48,0,0.0
487836,3.0,14,44,0,0.0
487836,3.0,14,44,0,0.0
487836,3.0,14,44,0,0.0
487836,3.0,14,44,0,0.0
101394,2.0,17,45,1,0.0
101394,2.0,17,45,1,0.0
101394,2.0,17,45,1,0.0
101394,2.0,17,45,1,0.0
210407,2.0,17,54,1,0.0
210407,2.0,17,54,1,0.0
210407,2.0,17,54,1,0.0
210407,2.0,17,54,1,0.0
209042,2.0,16,44,0,0.0
209042,2.0,16,44,0,0.0
209042,2.0,16,44,0,0.0
209042,2.0,16,44,0,0.0
219937,1.0,10,40,0,0.0
219937,1.0,10,40,0,0.0
219937,1.0,10,40,0,0.0
219937,1.0,10,40,0,0.0
200088,3.0,15,45,1,0.0
128389,3.0,7,55,1,0.0
128389,3.0,7,55,1,0.0
128389,3.0,7,55,1,0.0
128389,3.0,7,55,1,0.0
57328,1.0,5,45,0,0.0
57328,1.0,5,45,0,0.0
57328,1.0,5,45,0,0.0
57328,1.0,5,45,0,0.0
148225,3.0,12,87,1,0.0
148225,3.0,12,87,0,0.0
148225,3.0,12,87,1,0.0
148225,3.0,12,87,0,0.0
83299,1.0,2,49,1,0.0
37339,1.0,1,43,1,0.0
37339,1.0,1,43,1,0.0
37339,1.0,1,43,1,0.0
37339,1.0,1,43,1,0.0
41727,1.0,19,44,0,0.0
41727,1.0,19,44,0,0.0
41727,1.0,19,44,0,0.0
41727,1.0,19,44,0,0.0
172841,2.0,18,60,1,0.0
160987,2.0,6,50,0,0.0
160987,2.0,6,50,0,0.0
160987,2.0,6,50,0,0.0
160987,2.0,6,50,0,0.0
79852,0.0,1,39,0,0.0
79852,0.0,1,39,0,0.0
79852,0.0,1,39,0,0.0
79852,0.0,1,39,0,0.0
199798,1.0,1,46,1,0.0
199798,1.0,1,46,1,0.0
199798,1.0,1,46,1,0.0
199798,1.0,1,46,1,0.0
82143,0.0,14,43,0,0.0
82143,0.0,14,43,0,0.0
82143,0.0,14,43,0,0.0
82143,0.0,14,43,0,0.0
98980,0.0,1,53,1,0.0
98980,0.0,1,53,1,0.0
98980,0.0,1,53,1,0.0
98980,0.0,1,53,1,0.0
82263,1.0,4,57,0,0.0
82263,1.0,4,57,0,0.0
82263,1.0,4,57,0,0.0
82263,1.0,4,57,0,0.0
172780,2.0,9,73,0,-0.8379663939293918
172780,2.0,9,73,0,-0.8379663939293918
172780,2.0,9,73,0,-0.8307552386713142
172780,2.0,9,73,0,-0.8307552386713142
46483,2.0,9,44,0,0.0
46483,2.0,9,44,0,0.0
46483,2.0,9,44,0,0.0
46483,2.0,9,44,0,0.0
74471,2.0,2,50,0,0.0
44683,3.0,3,58,1,0.0
44683,3.0,3,58,1,0.0
44683,3.0,3,58,1,0.0
44683,3.0,3,58,1,0.0
19236,0.0,19,43,0,0.0
19236,0.0,19,43,0,0.0
19236,0.0,19,43,0,0.0
19236,0.0,19,43,0,0.0
218023,1.0,3,38,0,0.0
218023,1.0,3,38,0,0.0
218023,1.0,3,38,0,0.0
218023,1.0,3,38,0,0.0
204642,2.0,8,47,0,0.0
172632,2.0,9,51,0,0.0
172632,2.0,9,51,0,0.0
172632,2.0,9,51,0,0.0
172632,2.0,9,51,0,0.0
226597,1.0,0,50,0,0.0
15157,2.0,10,53,1,0.0
15157,2.0,10,53,1,0.0
15157,2.0,10,53,1,0.0
15157,2.0,10,53,1,0.0
63426,1.0,14,50,1,0.0
63426,1.0,14,50,1,0.0
63426,1.0,14,50,1,0.0
63426,1.0,14,50,1,0.0
439510,1.0,11,40,0,0.0
439510,1.0,11,40,0,0.0
439510,1.0,11,40,0,0.0
439510,1.0,11,40,0,0.0
116643,2.0,10,54,0,0.0
116643,2.0,10,54,1,0.0
116643,2.0,10,54,0,0.0
116643,2.0,10,54,1,0.0
83283,2.0,15,64,1,0.0
203325,2.0,7,45,1,0.0
203325,2.0,7,45,1,0.0
203325,2.0,7,45,1,0.0
203325,2.0,7,45,1,0.0
180974,3.0,13,57,1,0.0
78916,1.0,2,42,1,0.0
108053,1.0,17,44,1,0.0
108053,1.0,17,44,1,0.0
108053,1.0,17,44,1,0.0
108053,1.0,17,44,1,0.0
215460,2.0,8,42,0,0.0
220688,2.0,12,70,1,0.0
220688,2.0,12,70,1,0.0
220688,2.0,12,70,1,0.0
220688,2.0,12,70,1,0.0
214590,1.0,12,56,1,0.0
214590,1.0,12,56,1,0.0
214590,1.0,12,56,1,0.0
214590,1.0,12,56,1,0.0
218997,3.0,6,45,0,0.0
218997,3.0,6,45,0,0.0
218997,3.0,6,45,0,0.0
218997,3.0,6,45,0,0.0
59940,1.0,17,44,1,0.0
59940,1.0,17,44,0,0.0
59940,1.0,17,44,1,0.0
59940,1.0,17,44,0,0.0
56377,2.0,18,55,0,0.0
95658,1.0,12,55,1,0.0
95658,1.0,12,55,1,0.0
95658,1.0,12,55,1,0.0
95658,1.0,12,55,1,0.0
214470,1.0,15,39,0,0.0
59859,2.0,11,62,1,0.0
59859,2.0,11,62,1,0.0
59859,2.0,11,62,1,0.0
59859,2.0,11,62,1,0.0
197365,1.0,12,48,0,0.0
197365,1.0,12,48,1,0.0
197365,1.0,12,48,0,0.0
197365,1.0,12,48,1,0.0
106617,3.0,8,69,1,0.0
180294,3.0,17,57,0,0.0
180294,3.0,17,57,0,0.0
180294,3.0,17,57,0,0.0
180294,3.0,17,57,0,0.0
37096,0.0,18,50,0,0.0
171975,3.0,17,54,0,0.0
171975,3.0,17,54,0,0.0
171975,3.0,17,54,0,0.0
171975,3.0,17,54,0,0.0
98770,0.0,1,40,0,0.0
98770,0.0,1,40,0,0.0
98770,0.0,1,40,0,0.0
98770,0.0,1,40,0,0.0
441271,1.0,19,44,1,0.0
441271,1.0,19,44,1,0.0
441271,1.0,19,44,1,0.0
441271,1.0,19,44,1,0.0
243568,2.0,4,44,0,0.0
243568,2.0,4,44,0,0.0
243568,2.0,4,44,0,0.0
243568,2.0,4,44,0,0.0
37605,2.0,0,67,0,0.0
105377,1.0,8,44,1,0.0
232797,1.0,15,40,0,0.0
232413,2.0,5,58,0,0.0
232413,2.0,5,58,1,0.0
232413,2.0,5,58,0,0.0
232413,2.0,5,58,1,0.0
58376,0.0,15,45,0,0.0
169432,3.0,14,56,1,0.0
169432,3.0,14,56,1,0.0
169432,3.0,14,56,1,0.0
169432,3.0,14,56,1,0.0
201084,1.0,12,43,0,0.0
201084,1.0,12,43,0,0.0
201084,1.0,12,43,0,0.0
201084,1.0,12,43,0,0.0
37572,3.0,11,103,1,0.0
37572,3.0,11,103,0,0.0
37572,3.0,11,103,1,0.0
37572,3.0,11,103,0,0.0
200878,2.0,17,49,0,0.0
200878,2.0,17,49,0,0.0
200878,2.0,17,49,0,0.0
200878,2.0,17,49,0,0.0
176413,2.0,4,82,1,0.0
176413,2.0,4,82,1,0.0
176413,2.0,4,82,1,0.0
176413,2.0,4,82,1,0.0
120250,2.0,6,53,1,0.0
120250,2.0,6,53,1,0.0
120250,2.0,6,53,1,0.0
120250,2.0,6,53,1,0.0
447093,1.0,15,40,0,0.0
20066,0.0,5,43,0,0.0
20066,0.0,5,43,0,0.0
20066,0.0,5,43,0,0.0
20066,0.0,5,43,0,0.0
19624,2.0,19,52,1,0.0
19624,2.0,19,52,1,0.0
19624,2.0,19,52,1,0.0
19624,2.0,19,52,1,0.0
433019,0.0,10,40,0,0.0
433019,0.0,10,40,0,0.0
433019,0.0,10,40,0,0.0
433019,0.0,10,40,0,0.0
447372,2.0,15,45,0,0.0
37915,0.0,16,56,1,0.0
37915,0.0,16,56,1,0.0
37915,0.0,16,56,1,0.0
37915,0.0,16,56,1,0.0
83543,2.0,7,50,0,0.0
83543,2.0,7,50,0,0.0
83543,2.0,7,50,0,0.0
83543,2.0,7,50,0,0.0
55038,2.0,7,47,0,0.0
55038,2.0,7,47,0,0.0
55038,2.0,7,47,0,0.0
55038,2.0,7,47,0,0.0
58845,1.0,13,45,0,0.0
172850,1.0,4,58,1,0.0
172850,1.0,4,58,1,0.0
172850,1.0,4,58,1,0.0
172850,1.0,4,58,1,0.0
431019,0.0,4,40,0,0.0
431019,0.0,4,40,0,0.0
431019,0.0,4,40,0,0.0
431019,0.0,4,40,0,0.0
151589,2.0,19,46,1,0.0
151589,2.0,19,46,1,0.0
151589,2.0,19,46,1,0.0
151589,2.0,19,46,1,0.0
171314,1.0,11,61,1,0.0
171314,1.0,11,61,1,0.0
171314,1.0,11,61,1,0.0
171314,1.0,11,61,1,0.0
444463,1.0,9,50,0,0.0
444463,1.0,9,50,1,0.0
444463,1.0,9,50,0,0.0
444463,1.0,9,50,1,0.0
165210,2.0,2,54,0,0.0
172782,2.0,3,49,1,0.0
172782,2.0,3,49,1,0.0
172782,2.0,3,49,1,0.0
172782,2.0,3,49,1,0.0
61604,2.0,9,43,0,0.0
61604,2.0,9,43,0,0.0
61604,2.0,9,43,0,0.0
61604,2.0,9,43,0,0.0
77777,1.0,17,41,0,0.0
77777,1.0,17,41,0,0.0
77777,1.0,17,41,0,0.0
77777,1.0,17,41,0,0.0
80146,3.0,5,56,1,0.0
80146,3.0,5,56,1,0.0
80146,3.0,5,56,1,0.0
80146,3.0,5,56,1,0.0
461102,1.0,3,39,0,0.0
461102,1.0,3,39,0,0.0
461102,1.0,3,39,0,0.0
461102,1.0,3,39,0,0.0
61600,2.0,17,46,0,0.0
61600,2.0,17,46,0,0.0
61600,2.0,17,46,0,0.0
61600,2.0,17,46,0,0.0
167473,2.0,2,55,0,0.0
201666,2.0,9,69,1,0.0
201666,2.0,9,69,0,0.0
201666,2.0,9,69,1,0.0
201666,2.0,9,69,0,0.0
182539,2.0,0,47,0,0.0
176297,2.0,12,96,1,0.0
176297,2.0,12,96,1,0.0
176297,2.0,12,96,1,0.0
176297,2.0,12,96,1,0.0
20467,2.0,15,58,0,0.0
81012,1.0,18,42,0,0.0
57531,3.0,18,65,1,0.0
531076,2.0,14,45,0,0.0
531076,2.0,14,45,0,0.0
531076,2.0,14,45,0,0.0
531076,2.0,14,45,0,0.0
75115,3.0,13,65,0,-0.715375261445869
41270,1.0,0,54,1,0.0
431131,2.0,15,54,1,0.0
156689,2.0,12,48,0,0.0
156689,2.0,12,48,0,0.0
156689,2.0,12,48,0,0.0
156689,2.0,12,48,0,0.0
486870,1.0,18,40,0,0.0
474003,3.0,19,48,0,0.0
474003,3.0,19,48,0,0.0
474003,3.0,19,48,0,0.0
474003,3.0,19,48,0,0.0
114536,1.0,5,40,0,0.0
114536,1.0,5,40,0,0.0
114536,1.0,5,40,0,0.0
114536,1.0,5,40,0,0.0
193488,2.0,1,53,1,0.0
193488,2.0,1,53,1,0.0
193488,2.0,1,53,1,0.0
193488,2.0,1,53,1,0.0
221239,3.0,1,43,0,0.0
221239,3.0,1,43,1,0.0
221239,3.0,1,43,0,0.0
221239,3.0,1,43,1,0.0
58498,3.0,12,61,0,0.0
58498,3.0,12,61,0,0.0
58498,3.0,12,61,0,0.0
58498,3.0,12,61,0,0.0
215379,2.0,13,45,0,0.0
76359,1.0,12,48,0,0.0
76359,1.0,12,48,0,0.0
76359,1.0,12,48,0,0.0
76359,1.0,12,48,0,0.0
184349,1.0,16,47,0,0.0
184349,1.0,16,47,0,0.0
184349,1.0,16,47,0,0.0
184349,1.0,16,47,0,0.0
60252,2.0,5,55,1,0.0
60252,2.0,5,55,1,0.0
60252,2.0,5,55,1,0.0
60252,2.0,5,55,1,0.0
463912,0.0,8,40,0,0.0
116594,2.0,4,49,1,0.0
116594,2.0,4,49,1,0.0
116594,2.0,4,49,1,0.0
116594,2.0,4,49,1,0.0
55914,1.0,8,43,1,0.0
44346,3.0,4,67,1,0.0
44346,3.0,4,67,0,0.0
44346,3.0,4,67,1,0.0
44346,3.0,4,67,0,0.0
232881,2.0,9,44,0,0.0
232881,2.0,9,44,0,0.0
232881,2.0,9,44,0,0.0
232881,2.0,9,44,0,0.0
123354,1.0,1,44,0,0.0
123354,1.0,1,44,0,0.0
123354,1.0,1,44,0,0.0
123354,1.0,1,44,0,0.0
467114,1.0,8,39,0,0.0
173821,2.0,8,46,1,0.0
195480,3.0,7,55,1,0.0
195480,3.0,7,55,1,0.0
195480,3.0,7,55,1,0.0
195480,3.0,7,55,1,0.0
195851,2.0,12,49,0,0.0
195851,2.0,12,49,1,0.0
195851,2.0,12,49,0,0.0
195851,2.0,12,49,1,0.0
68983,1.0,3,45,1,0.0
68983,1.0,3,45,1,0.0
68983,1.0,3,45,1,0.0
68983,1.0,3,45,1,0.0
224444,2.0,11,69,1,0.0
224444,2.0,11,69,0,0.0
224444,2.0,11,69,1,0.0
224444,2.0,11,69,0,0.0
195473,3.0,14,44,0,0.0
195473,3.0,14,44,1,0.0
195473,3.0,14,44,0,0.0
195473,3.0,14,44,1,0.0
32259,0.0,18,43,0,0.0
57513,0.0,6,43,0,0.0
57513,0.0,6,43,0,0.0
57513,0.0,6,43,0,0.0
57513,0.0,6,43,0,0.0
155513,2.0,13,48,0,0.0
132015,2.0,16,49,1,0.0
132015,2.0,16,49,1,0.0
132015,2.0,16,49,1,0.0
132015,2.0,16,49,1,0.0
98745,1.0,0,51,0,0.0
465551,1.0,19,40,0,0.0
465551,1.0,19,40,0,0.0
465551,1.0,19,40,0,0.0
465551,1.0,19,40,0,0.0
102884,0.0,16,43,0,0.0
102884,0.0,16,43,0,0.0
102884,0.0,16,43,0,0.0
102884,0.0,16,43,0,0.0
58822,1.0,0,46,1,0.0
54694,2.0,0,113,0,0.0
456966,2.0,15,45,1,0.0
40142,3.0,13,52,0,0.0
114283,2.0,1,76,0,-0.9757229399989542
114283,2.0,1,76,0,-0.9757229399989542
114283,2.0,1,76,0,-0.7829755047490252
114283,2.0,1,76,0,-0.7829755047490252
492373,1.0,8,40,0,0.0
101582,2.0,12,53,1,0.0
101582,2.0,12,53,1,0.0
101582,2.0,12,53,1,0.0
101582,2.0,12,53,1,0.0
230046,2.0,1,49,0,0.0
230046,2.0,1,49,0,0.0
230046,2.0,1,49,0,0.0
230046,2.0,1,49,0,0.0
92259,2.0,7,47,0,0.0
92259,2.0,7,47,0,0.0
92259,2.0,7,47,0,0.0
92259,2.0,7,47,0,0.0
21205,0.0,1,45,0,0.0
21205,0.0,1,45,0,0.0
21205,0.0,1,45,0,0.0
21205,0.0,1,45,0,0.0
78056,2.0,15,45,0,0.0
480216,2.0,8,43,0,0.0
109646,1.0,7,45,1,0.0
109646,1.0,7,45,1,0.0
109646,1.0,7,45,1,0.0
109646,1.0,7,45,1,0.0
40694,0.0,18,45,0,0.0
93100,1.0,15,47,1,0.0
58786,1.0,5,41,0,0.0
58786,1.0,5,41,0,0.0
58786,1.0,5,41,0,0.0
58786,1.0,5,41,0,0.0
73314,3.0,19,70,1,0.0
73314,3.0,19,70,0,0.0
73314,3.0,19,70,1,0.0
73314,3.0,19,70,0,0.0
462635,3.0,8,45,0,0.0
444884,2.0,10,43,0,0.0
444884,2.0,10,43,0,0.0
444884,2.0,10,43,0,0.0
444884,2.0,10,43,0,0.0
62398,2.0,12,47,0,0.0
62398,2.0,12,47,1,0.0
62398,2.0,12,47,0,0.0
62398,2.0,12,47,1,0.0
223349,3.0,1,43,0,0.0
223349,3.0,1,43,0,0.0
223349,3.0,1,43,0,0.0
223349,3.0,1,43,0,0.0
168399,0.0,3,40,0,0.0
168399,0.0,3,40,0,0.0
168399,0.0,3,40,0,0.0
168399,0.0,3,40,0,0.0
213345,3.0,1,60,0,0.0
213345,3.0,1,60,0,0.0
213345,3.0,1,60,0,0.0
213345,3.0,1,60,0,0.0
103123,3.0,18,61,0,0.0
81183,3.0,3,48,1,0.0
81183,3.0,3,48,1,0.0
81183,3.0,3,48,1,0.0
81183,3.0,3,48,1,0.0
219847,2.0,4,82,0,0.0
219847,2.0,4,82,1,0.0
219847,2.0,4,82,0,0.0
219847,2.0,4,82,1,0.0
18867,3.0,14,55,1,0.0
18867,3.0,14,55,0,0.0
18867,3.0,14,55,1,0.0
18867,3.0,14,55,0,0.0
481626,1.0,19,39,0,0.0
481626,1.0,19,39,0,0.0
481626,1.0,19,39,0,0.0
481626,1.0,19,39,0,0.0
40845,2.0,3,42,1,0.0
40845,2.0,3,42,0,0.0
40845,2.0,3,42,1,0.0
40845,2.0,3,42,0,0.0
203368,1.0,1,43,0,0.0
203368,1.0,1,43,0,0.0
203368,1.0,1,43,0,0.0
203368,1.0,1,43,0,0.0
80954,3.0,8,57,0,0.0
49957,2.0,17,52,0,0.0
49957,2.0,17,52,0,0.0
49957,2.0,17,52,0,0.0
49957,2.0,17,52,0,0.0
49413,1.0,5,44,0,0.0
49413,1.0,5,44,0,0.0
49413,1.0,5,44,0,0.0
49413,1.0,5,44,0,0.0
69140,1.0,0,50,0,0.0
101188,1.0,6,61,1,0.0
101188,1.0,6,61,1,0.0
101188,1.0,6,61,1,0.0
101188,1.0,6,61,1,0.0
101178,2.0,15,60,1,0.0
149828,3.0,9,49,0,0.0
149828,3.0,9,49,0,0.0
149828,3.0,9,49,0,0.0
149828,3.0,9,49,0,0.0
122798,1.0,10,72,1,0.0
122798,1.0,10,72,1,0.0
122798,1.0,10,72,1,0.0
122798,1.0,10,72,1,0.0
91047,2.0,15,55,1,0.0
221610,2.0,8,48,0,0.0
168580,2.0,9,60,0,0.0
168580,2.0,9,60,0,0.0
168580,2.0,9,60,0,0.0
168580,2.0,9,60,0,0.0
60706,0.0,10,42,1,0.0
60706,0.0,10,42,0,0.0
60706,0.0,10,42,1,0.0
60706,0.0,10,42,0,0.0
232361,2.0,19,45,0,0.0
232361,2.0,19,45,0,0.0
232361,2.0,19,45,0,0.0
232361,2.0,19,45,0,0.0
50472,2.0,5,43,1,0.0
50472,2.0,5,43,1,0.0
50472,2.0,5,43,1,0.0
50472,2.0,5,43,1,0.0
167522,3.0,18,55,0,0.0
59966,3.0,0,81,1,0.0
85242,2.0,1,59,0,0.0
85242,2.0,1,59,0,0.0
85242,2.0,1,59,0,0.0
85242,2.0,1,59,0,0.0
198826,1.0,6,50,1,0.0
198826,1.0,6,50,1,0.0
198826,1.0,6,50,1,0.0
198826,1.0,6,50,1,0.0
227127,2.0,2,44,1,0.0
450527,1.0,15,43,1,0.0
57410,1.0,11,49,0,0.0
57410,1.0,11,49,0,0.0
57410,1.0,11,49,0,0.0
57410,1.0,11,49,0,0.0
173879,3.0,4,71,0,0.0
173879,3.0,4,71,0,0.0
173879,3.0,4,71,0,0.0
173879,3.0,4,71,0,0.0
215439,2.0,18,53,1,0.0
42899,0.0,12,49,0,0.0
42899,0.0,12,49,0,0.0
42899,0.0,12,49,0,0.0
42899,0.0,12,49,0,0.0
200089,2.0,13,47,1,0.0
461096,3.0,3,45,1,0.0
461096,3.0,3,45,0,0.0
461096,3.0,3,45,1,0.0
461096,3.0,3,45,0,0.0
208998,1.0,7,43,0,0.0
208998,1.0,7,43,0,0.0
208998,1.0,7,43,0,0.0
208998,1.0,7,43,0,0.0
106611,1.0,6,51,1,0.0
106611,1.0,6,51,1,0.0
106611,1.0,6,51,1,0.0
106611,1.0,6,51,1,0.0
222531,2.0,19,49,0,0.0
222531,2.0,19,49,0,0.0
222531,2.0,19,49,0,0.0
222531,2.0,19,49,0,0.0
243343,2.0,10,45,0,0.0
243343,2.0,10,45,0,0.0
243343,2.0,10,45,0,0.0
243343,2.0,10,45,0,0.0
221399,2.0,8,55,1,0.0
66838,3.0,6,60,0,0.0
66838,3.0,6,60,0,0.0
66838,3.0,6,60,0,0.0
66838,3.0,6,60,0,0.0
437688,1.0,19,40,0,0.0
437688,1.0,19,40,0,0.0
437688,1.0,19,40,0,0.0
437688,1.0,19,40,0,0.0
164011,3.0,17,60,0,0.0
164011,3.0,17,60,1,0.0
164011,3.0,17,60,0,0.0
164011,3.0,17,60,1,0.0
207189,2.0,14,49,0,0.0
207189,2.0,14,49,0,0.0
207189,2.0,14,49,0,0.0
207189,2.0,14,49,0,0.0
55459,1.0,18,58,1,0.0
40146,1.0,15,50,1,0.0
180184,2.0,12,66,0,0.0
180184,2.0,12,66,0,0.0
180184,2.0,12,66,0,0.0
180184,2.0,12,66,0,0.0
152760,3.0,10,51,0,0.0
152760,3.0,10,51,0,0.0
152760,3.0,10,51,0,0.0
152760,3.0,10,51,0,0.0
107613,1.0,19,49,1,0.0
107613,1.0,19,49,1,0.0
107613,1.0,19,49,1,0.0
107613,1.0,19,49,1,0.0
200826,2.0,16,69,0,0.0
200826,2.0,16,69,0,0.0
200826,2.0,16,69,0,0.0
200826,2.0,16,69,0,0.0
245719,1.0,11,40,0,0.0
245719,1.0,11,40,0,0.0
245719,1.0,11,40,0,0.0
245719,1.0,11,40,0,0.0
465390,2.0,1,45,0,0.0
465390,2.0,1,45,0,0.0
465390,2.0,1,45,0,0.0
465390,2.0,1,45,0,0.0
38533,0.0,19,53,1,0.0
38533,0.0,19,53,1,0.0
38533,0.0,19,53,1,0.0
38533,0.0,19,53,1,0.0
222627,0.0,6,43,0,0.0
222627,0.0,6,43,0,0.0
222627,0.0,6,43,0,0.0
222627,0.0,6,43,0,0.0
86153,1.0,2,45,0,0.0
156074,1.0,0,44,0,0.0
108823,2.0,16,74,1,0.0
108823,2.0,16,74,1,0.0
108823,2.0,16,74,1,0.0
108823,2.0,16,74,1,0.0
153673,1.0,6,43,0,0.0
153673,1.0,6,43,0,0.0
153673,1.0,6,43,0,0.0
153673,1.0,6,43,0,0.0
101184,1.0,0,45,0,0.0
173954,2.0,5,44,1,0.0
173954,2.0,5,44,0,0.0
173954,2.0,5,44,1,0.0
173954,2.0,5,44,0,0.0
87835,1.0,16,56,1,0.0
87835,1.0,16,56,1,0.0
87835,1.0,16,56,1,0.0
87835,1.0,16,56,1,0.0
115918,0.0,0,44,0,0.0
490721,1.0,19,40,0,0.0
490721,1.0,19,40,0,0.0
490721,1.0,19,40,0,0.0
490721,1.0,19,40,0,0.0
7645,1.0,14,39,1,0.0
7645,1.0,14,39,1,0.0
7645,1.0,14,39,1,0.0
7645,1.0,14,39,1,0.0
104547,3.0,13,59,0,0.0
449926,2.0,11,45,0,0.0
449926,2.0,11,45,0,0.0
449926,2.0,11,45,0,0.0
449926,2.0,11,45,0,0.0
175592,2.0,10,52,1,0.0
175592,2.0,10,52,0,0.0
175592,2.0,10,52,1,0.0
175592,2.0,10,52,0,0.0
463034,3.0,11,43,0,0.0
463034,3.0,11,43,0,0.0
463034,3.0,11,43,0,0.0
463034,3.0,11,43,0,0.0
141020,2.0,5,47,0,0.0
141020,2.0,5,47,0,0.0
141020,2.0,5,47,0,0.0
141020,2.0,5,47,0,0.0
478912,2.0,1,45,0,0.0
478912,2.0,1,45,0,0.0
478912,2.0,1,45,0,0.0
478912,2.0,1,45,0,0.0
124183,2.0,4,79,0,0.0
124183,2.0,4,79,1,0.0
124183,2.0,4,79,0,0.0
124183,2.0,4,79,1,0.0
37642,1.0,9,55,1,0.0
37642,1.0,9,55,0,0.0
37642,1.0,9,55,1,0.0
37642,1.0,9,55,0,0.0
174593,2.0,17,47,0,0.0
174593,2.0,17,47,0,0.0
174593,2.0,17,47,0,0.0
174593,2.0,17,47,0,0.0
159506,1.0,7,45,1,0.0
159506,1.0,7,45,1,0.0
159506,1.0,7,45,1,0.0
159506,1.0,7,45,1,0.0
