id,pos,team,val,ps1,ps2,ps3,play,hipe
240143,2.0,15,45,1.0033925772375518,0.9698391034276022,0.5161290322580645,1,0.0
101537,2.0,18,61,1.3804801429701674,0.2321168701908739,0.8064516129032258,0,0.0
103955,2.0,11,115,5.6506182831087735,5.288372248411939,2.419354838709677,1,0.0
43670,2.0,12,59,2.5263165120248097,2.503094394944786,1.806451612903225,1,0.0
233425,3.0,2,54,1.7661760643633364,1.6082294665238914,1.064516129032258,0,0.0
79934,2.0,14,47,2.266058975459809,2.469147106507546,1.5161290322580645,1,0.0
38716,1.0,17,40,0.9085767077355262,0.4990222460567103,0.6129032258064516,0,0.0
82403,2.0,5,74,6.797561156814949,5.626093699457035,2.677419354838709,0,0.0
220037,0.0,3,40,0.9980681680170556,0.9264112847057095,0.6129032258064516,0,0.0
90105,2.0,13,57,0.8076588091579938,1.1726266780362058,0.7419354838709677,0,0.0
195471,1.0,3,40,0.8077404033245084,1.150160725575317,0.5483870967741935,0,0.0
228798,2.0,9,59,0.9961656821457328,0.8291011510528371,0.7419354838709677,1,0.0
165808,2.0,8,56,2.260531022647708,2.601801557508634,2.0,0,-0.9802800948253416
170271,2.0,7,46,0.7055818826114126,0.6857527226376409,0.5483870967741935,0,0.0
102057,3.0,19,84,5.399671312096031,6.065828958606272,2.967741935483871,1,0.0
179456,1.0,19,39,1.0686099685418995,1.1466670306779585,0.6129032258064516,0,0.0
192895,1.0,0,54,2.792430560055448,2.5774277796855385,2.2580645161290325,0,0.0
216051,1.0,12,48,0.8925306271474025,0.3501520429771548,0.5161290322580645,0,0.0
184386,1.0,1,45,0.8757255757456871,0.3857322611510741,0.5161290322580645,0,0.0
41135,1.0,17,45,1.0063534577328608,1.2474708592281891,0.6451612903225806,0,0.0
106837,2.0,9,55,2.072540958509762,3.464170425730244,1.6129032258064515,1,0.0
155197,1.0,14,44,2.317749018040034,1.1268732311841665,1.2903225806451613,1,0.0
232937,1.0,12,43,0.6006610370378976,1.068795220679367,0.5483870967741935,0,0.0
115382,3.0,2,64,4.572906433101966,3.4208498653605144,2.4516129032258065,1,0.0
242058,3.0,6,58,0.8758057200994572,1.0979861749979094,0.6774193548387096,0,0.0
146941,1.0,11,60,1.786131057502736,2.174803185181804,2.2580645161290325,1,0.0
164484,0.0,11,45,1.0063534577328608,0.9698391034276022,0.5161290322580645,0,0.0
40559,0.0,7,40,0.6773056207158128,1.2474708592281891,0.6451612903225806,0,0.0
18073,2.0,18,47,1.195648197315328,1.1726266780362058,0.6451612903225806,1,0.0
165809,2.0,11,74,2.674763471924902,1.7236236738785649,1.806451612903225,1,0.0
56979,2.0,10,54,1.6784904250682882,3.1836450813482142,1.903225806451613,0,0.0
206915,2.0,10,44,0.9599143163679866,1.1082294665238914,0.6129032258064516,0,0.0
462424,1.0,0,41,0.9866409756434884,1.0687952206793672,0.5483870967741935,0,0.0
222694,1.0,8,40,3.2355742206492644,2.96008469461694,2.0,0,0.0
56983,2.0,13,49,0.7533603200302245,0.3501520429771548,0.6129032258064516,0,0.0
19419,1.0,5,45,0.8393881202894148,0.9238657522458792,0.6129032258064516,0,0.0
55494,1.0,5,44,0.7524315985502844,0.7366305568926783,0.7096774193548387,0,0.0
59735,0.0,13,50,2.053300125272839,2.6268732311841667,2.2580645161290325,1,0.0
55605,1.0,16,54,2.507323567205414,2.854145958456894,2.161290322580645,1,0.0
101105,1.0,7,47,0.7086438400805052,1.3383799501372804,0.6451612903225806,0,0.0
20452,3.0,15,52,1.7488034918791795,1.055757939768868,0.935483870967742,1,0.0
80201,0.0,0,50,2.053300125272839,3.122882325140084,2.4838709677419355,1,0.0
166324,2.0,7,53,1.2270643614443968,0.7766618135467318,0.7419354838709677,1,0.0
66588,1.0,8,45,3.122083884271293,2.612307037940766,2.225806451612903,1,0.0
109322,2.0,18,59,0.832327459229892,0.8270724710209979,0.8709677419354839,0,0.0
90517,2.0,3,50,1.789932262857588,1.8237123777087323,1.5806451612903225,1,0.0
47390,1.0,1,43,0.9812566935028886,0.9015656696893408,0.6129032258064516,0,0.0
101668,3.0,9,101,8.50000177941135,6.86659108255007,2.7096774193548385,1,0.8185312212140989
244723,1.0,5,41,0.8611272507241974,0.8355021937966186,0.7096774193548387,0,-0.9560017809758514
215136,1.0,10,39,0.829479533759291,1.0173203756148006,0.8709677419354839,1,0.0
83314,2.0,13,49,2.3228195336237816,3.3159915629847068,1.935483870967742,0,0.0
141569,3.0,19,48,1.2323352364330329,0.9087104446274596,0.5483870967741935,0,0.0
199598,1.0,14,44,0.5755576745767146,1.4501504681443214,0.5806451612903226,1,0.0
218031,1.0,9,53,0.822252638667472,1.068795220679367,0.7419354838709677,0,0.0
195064,2.0,3,45,0.8729577946288561,0.9010259100332216,0.5483870967741935,0,0.0
166989,2.0,9,64,2.355149654161936,2.9208498653605144,2.6451612903225805,1,0.0
197937,2.0,14,44,1.0755576745767146,1.1290908936218416,0.5806451612903226,0,0.0
141746,2.0,12,107,7.057629779404992,6.156738049515363,2.806451612903226,1,0.90854384736164
437495,0.0,8,45,3.317736058184336,2.862633529801178,2.2580645161290325,1,0.0
492374,2.0,8,45,0.7308961220369043,0.5899313369658012,0.5483870967741935,0,0.0
173515,3.0,9,56,0.819291758172163,1.159704311588458,0.7419354838709677,0,0.0
60232,1.0,18,45,1.142570847515853,0.9698391034276022,0.5806451612903226,0,0.0
232826,2.0,6,43,1.095276754897298,1.159704311588458,0.5806451612903226,0,0.0
158534,1.0,15,46,3.091489972059541,2.9410641433219022,2.3870967741935485,1,0.0
101982,0.0,17,45,2.178490425068288,2.123050123646923,1.935483870967742,1,0.0
448514,1.0,19,50,2.091533903329158,2.725082472075616,2.064516129032258,1,0.0
60914,1.0,10,54,1.6784904250682882,1.865463263166396,1.6129032258064515,1,0.0
205651,3.0,11,93,5.688064562013687,5.502954718913706,2.290322580645161,1,0.0
61366,2.0,11,116,6.573584355574292,6.048409264368251,2.7096774193548385,1,0.7328907467850063
55422,2.0,6,68,2.8390977122356054,4.187999737745436,2.0,1,0.0
27789,1.0,11,54,0.7236631679141724,0.7366305568926783,0.7096774193548387,0,0.0
166640,1.0,18,44,2.113413385774292,1.9450550493659848,2.225806451612903,1,0.0
82078,3.0,17,48,1.2641805482884287,0.7283888224797448,0.6129032258064516,0,0.0
93264,1.0,16,49,2.2003147593748142,2.39960050391144,2.064516129032258,1,0.0
209244,2.0,11,65,1.0396439430152982,0.9264112847057095,1.096774193548387,1,-0.97302182689095
232928,2.0,12,44,0.964841972288602,0.7452103944785725,0.5161290322580645,0,0.0
103025,2.0,11,82,1.5062718635663463,1.0557579397688677,1.0,1,0.0
169187,1.0,10,73,4.555872674682164,5.179371432260268,2.419354838709677,0,-0.9171768042762004
49944,2.0,17,48,2.4828382511552447,1.8304058343264595,1.5161290322580645,0,0.0
495542,1.0,6,40,1.187617558777028,1.0173203756148006,0.5161290322580645,0,0.0
39476,1.0,0,49,1.0805203599545956,0.9290903596274752,0.6451612903225806,0,0.0
153366,2.0,7,45,2.569794772894375,2.234422026491849,1.6129032258064515,1,0.0
97299,1.0,11,48,0.8323588200880855,1.2474708592281891,0.6129032258064516,0,0.0
114128,1.0,19,54,1.1671178451286848,0.3993667019624154,0.7096774193548387,0,0.0
232977,1.0,13,40,0.7642621424549432,1.0179173864243296,0.5483870967741935,0,0.0
86417,2.0,5,54,1.9418383430426065,3.0836840788667343,1.2258064516129032,1,0.0
212319,3.0,6,78,1.6149361548820662,1.659704311588458,0.8709677419354839,1,0.0
60025,2.0,6,79,4.704019138182987,5.929944767535904,2.838709677419355,1,0.0
50175,3.0,2,55,4.371255785085967,2.4213149252355506,1.7096774193548387,1,0.0
205533,3.0,0,56,3.872063440330896,2.464170425730244,1.4516129032258065,0,0.0
197030,2.0,7,48,0.8410308886069456,0.6857527226376408,0.5483870967741935,0,0.0
165153,3.0,4,95,7.369566996802655,6.8211365370955255,2.677419354838709,1,0.0
228286,0.0,4,51,2.303808117018391,3.1353608025284503,2.3225806451612905,1,0.0
437858,2.0,19,48,0.9279874103460762,0.596340191399017,0.5161290322580645,1,0.0
82514,1.0,7,44,0.7860012728897258,1.3383799501372804,0.5806451612903226,0,0.0
225796,1.0,4,50,3.6733733344096953,3.322940060814901,2.3870967741935485,1,0.0
178301,3.0,1,61,4.101031934393472,2.8583931339182125,2.7096774193548385,1,0.0
173904,1.0,16,54,1.0366830625199892,0.979552394150684,0.6774193548387096,0,0.0
444145,2.0,0,49,1.023162316413143,0.9253623119163464,0.5161290322580645,0,0.0
92217,3.0,10,92,3.3021930143047293,3.61992655102812,2.032258064516129,1,0.0
50232,2.0,13,53,0.9815718526362548,0.7526954666097855,0.6774193548387096,0,0.0
194799,1.0,13,43,2.4663436035337085,2.279876571946395,1.967741935483871,1,0.0
199584,1.0,16,49,1.2273210130461951,0.476641352060165,0.5483870967741935,0,0.0
74230,1.0,5,54,4.516407361296105,3.579799946037413,1.8387096774193548,1,0.0
101148,1.0,13,44,2.1837349078815347,2.098058390128213,2.096774193548387,1,0.0
89274,2.0,1,59,1.1862551316331995,0.4990222460567103,0.8709677419354839,0,0.0
33148,0.0,11,45,0.8868375773007436,0.2592429520680639,0.5483870967741935,0,0.0
173809,2.0,17,45,1.362137566370652,0.3501520429771548,0.5161290322580645,0,0.0
109345,2.0,2,50,1.0720290469910088,1.5557579397688677,0.7096774193548387,1,0.0
219924,1.0,18,44,2.5693820546966,1.8887863304308024,1.3225806451612905,0,0.0
108416,1.0,14,48,2.192558718244585,3.201060560169384,2.0,0,0.0
216208,0.0,19,45,1.2317027837619563,0.5948436317285499,0.5161290322580645,0,0.0
40669,1.0,18,49,2.667030647242976,3.153484017088793,1.4193548387096775,1,0.0
97032,1.0,10,63,0.9815718526362548,1.044885860941844,0.9032258064516128,0,0.0
176420,1.0,17,45,3.948858021349993,1.3996005039114392,1.6129032258064515,1,0.0
66975,2.0,5,56,0.4833881218487982,1.7474708592281891,0.7741935483870968,0,0.0
184667,1.0,12,49,2.11327303376394,2.9109178086209413,1.935483870967742,1,0.0
216616,1.0,17,43,2.5263165120248097,1.3462297665790628,1.6129032258064515,0,0.0
84182,0.0,7,45,1.874142598981332,2.8707856628554853,1.806451612903225,0,0.0
164511,1.0,6,55,0.7018926766211964,1.055757939768868,0.8709677419354839,1,0.0
126184,1.0,11,55,0.7758134973025979,1.6466670306779585,0.7419354838709677,0,0.0
197464,1.0,10,40,1.1773056207158128,1.1082294665238914,0.7741935483870968,0,0.0
235382,2.0,2,45,1.2459420904692695,1.6565617683190983,0.6129032258064516,0,0.0
110979,2.0,10,121,4.921410442530813,6.202192594969909,2.6451612903225805,1,0.9491305165164238
480455,1.0,6,39,0.970226254429202,0.8355021937966186,0.7096774193548387,0,0.0
232423,1.0,5,39,0.5103402832723668,1.6565617683190983,0.5483870967741935,0,0.0
109528,1.0,13,44,0.8729577946288561,1.1726266780362058,0.5806451612903226,1,0.0
153379,2.0,15,44,1.394696925063639,0.9270082955152388,0.5483870967741935,0,0.0
488404,2.0,12,53,1.0931970244472833,0.4302090526623299,0.6129032258064516,0,0.0
220627,1.0,9,48,3.3768887845967184,3.3367214628319988,2.3225806451612905,1,0.0
102380,1.0,4,45,0.5583820259328316,1.5817175871271147,0.6129032258064516,1,0.0
214285,1.0,10,49,0.7975526277373804,0.4366179070955456,0.5483870967741935,0,0.0
195735,2.0,0,76,4.372063440330897,3.7608168424886825,1.7741935483870968,1,0.0
110504,2.0,1,59,1.049718763577718,0.7133464451273775,0.8387096774193549,1,0.0
195864,2.0,17,48,1.2867323994791762,0.3501520429771548,0.5161290322580645,0,0.0
61916,2.0,7,47,0.7809054553363738,0.1904297586736835,0.5806451612903226,0,0.0
217401,2.0,3,45,0.9164360554984212,0.9010259100332216,0.5483870967741935,0,0.0
15033,1.0,9,44,1.8526902453143823,1.0308397528720774,0.8387096774193549,0,0.0
214466,2.0,15,45,1.394696925063639,1.159704311588458,0.5483870967741935,0,0.0
84450,2.0,0,53,1.0449014468479254,1.6726266780362058,0.7419354838709677,1,0.0
37402,1.0,9,45,2.222053889809597,2.443436309673777,1.6774193548387095,1,0.0
214048,1.0,19,43,2.5967783861424043,2.281164494401563,2.193548387096774,1,0.0
232653,2.0,1,45,1.0952767548972977,0.7913331695887208,0.5483870967741935,0,0.0
105666,0.0,5,45,0.9668620224028016,1.4698391034276022,0.6129032258064516,0,0.0
41733,2.0,10,53,2.243707816372636,3.001826899530032,1.903225806451613,1,0.0
39155,2.0,2,62,4.590604904114175,2.9963566197398923,1.903225806451613,1,0.0
84915,1.0,7,43,0.7860012728897258,1.4501504681443214,0.5806451612903226,0,0.0
168765,2.0,7,47,0.7649932690443937,0.7975232406446818,0.5483870967741935,0,0.0
28690,2.0,8,57,0.7877359479357547,1.2171034695474614,0.7741935483870968,0,0.0
223340,2.0,0,53,2.2706914296206646,2.794164898980259,2.290322580645161,1,0.0
118748,2.0,10,123,7.383716735926731,6.553138701835312,2.5806451612903225,0,-0.9168087846670916
180804,1.0,12,44,2.030651039444746,2.0084372216742903,1.1290322580645162,0,0.0
94147,1.0,19,50,2.053300125272839,2.1849765749932213,2.419354838709677,0,0.0
49083,2.0,14,50,1.1247418066340722,-0.0065437307629179,0.6129032258064516,0,0.0
40145,2.0,3,50,0.9231700936162835,0.3457088161864547,0.5806451612903226,0,0.0
157668,2.0,16,53,1.427987410346076,0.8377654689865558,0.6451612903225806,0,0.0
111782,0.0,6,45,1.4213637114190372,1.0753165443833332,0.6129032258064516,0,0.0
119471,1.0,13,49,1.9993414417817883,1.5071492992191218,1.5483870967741935,1,0.0
60586,2.0,3,54,1.1977992681015088,0.1904297586736835,0.6774193548387096,1,0.0
86934,2.0,18,64,2.775726299416889,1.8869078841734792,1.1935483870967742,1,0.0
231372,2.0,16,59,3.029062697640197,3.048548940399332,1.4838709677419355,1,0.0
77359,1.0,13,43,0.8403984359358694,0.1904297586736835,0.5806451612903226,0,0.0
47431,2.0,0,77,4.486627833835161,5.339035676626813,2.4516129032258065,1,0.0
199249,1.0,16,56,3.687988456132602,2.7919696510784746,2.4838709677419355,1,0.0
168763,1.0,16,39,0.8512186641940735,1.0704614850597751,0.5483870967741935,0,0.0
116535,0.0,10,59,1.7489522991858824,2.8212762131266045,2.3870967741935485,1,0.0
58893,1.0,12,48,1.0163466841287665,0.6543013035694816,0.6129032258064516,0,0.0
232427,2.0,17,44,1.4164360554984214,0.9264112847057095,0.5483870967741935,0,0.0
200439,3.0,15,59,5.014075412654341,3.2053897931559843,2.5806451612903225,1,0.8079866849604411
49440,3.0,17,52,1.4598327222014722,0.503934540819459,0.6774193548387096,1,0.0
204676,3.0,2,50,1.0086680919211448,1.4683425437571351,0.5806451612903226,0,0.0
214987,0.0,8,40,0.553818544141932,1.113272012190623,0.6129032258064516,0,0.0
178186,2.0,18,63,3.650542177227689,2.96630441081506,2.419354838709677,1,0.0
245824,3.0,16,70,3.4104058786187004,0.9827519246194673,1.2258064516129032,0,0.0
244851,2.0,11,45,1.046870838107117,0.8789300125185112,0.5483870967741935,0,0.0
146610,1.0,14,48,0.6421807605196083,0.9393101658088102,0.5483870967741935,0,0.0
92371,1.0,0,44,1.209566900027293,0.7592429520680639,0.6129032258064516,0,0.0
223175,2.0,13,49,2.659823049798323,1.68577906643303,1.1935483870967742,0,0.0
225368,2.0,19,45,0.9164360554984212,1.1725187123437342,0.5161290322580645,0,0.0
194794,1.0,4,47,0.7805906470104503,1.659704311588458,0.5483870967741935,0,0.0
434138,2.0,8,44,0.8364272397941058,1.2041811030997138,0.6129032258064516,0,0.0
54861,3.0,5,55,1.830571001779919,2.1565617683190985,1.032258064516129,1,0.0
200720,0.0,10,45,1.0251317076723343,0.3901856076977105,0.5483870967741935,0,0.0
155529,0.0,7,44,0.7860012728897258,1.3592413772352303,0.6129032258064516,0,0.0
58621,1.0,11,61,2.0727794374482573,2.583894094272713,2.6451612903225805,1,0.0
15749,0.0,16,44,1.2642621424549432,0.8106565787802501,0.6129032258064516,0,0.0
204480,2.0,18,48,2.113413385774292,2.7260522936880944,2.032258064516129,1,0.0
209289,2.0,0,44,1.155169736981149,1.659704311588458,0.5161290322580645,0,0.0
213405,1.0,9,43,0.8679435712420187,0.8467496292542339,0.5483870967741935,0,0.0
121599,2.0,6,53,3.172281307662472,3.2446931987985703,2.096774193548387,1,0.0
149915,1.0,8,44,0.9233837615332362,0.4391056259996664,0.5483870967741935,0,0.0
250604,2.0,19,45,0.9164360554984212,0.8101168191241309,0.5161290322580645,0,0.0
169528,1.0,7,44,2.2654469468074185,1.8707856628554853,1.4516129032258065,1,0.0
80179,2.0,8,48,0.6604656997437706,0.1904297586736835,0.5806451612903226,0,0.0
114243,2.0,13,49,2.474641430851697,2.0432642902574343,1.4516129032258065,1,0.0
111478,1.0,2,43,2.729872406215557,2.2929407705426423,1.5806451612903225,1,0.0
226182,1.0,14,43,0.879905500663671,0.6157050588265,0.5161290322580645,0,0.0
167074,1.0,7,43,0.8838766968054346,0.6157050588265,0.5806451612903226,0,0.0
66242,2.0,2,48,1.003850775191352,1.1526350391890736,0.6129032258064516,0,0.0
167199,2.0,0,50,2.2028021049123963,2.4601532710031004,2.129032258064516,0,0.0
217593,2.0,18,64,2.7573153655516007,3.148122592633241,2.3870967741935485,1,0.0
110735,1.0,2,44,3.008440442445157,3.2524226940671657,1.935483870967742,1,0.0
61933,1.0,2,44,1.0829479491675873,0.664931447436052,0.6129032258064516,0,0.0
220738,2.0,2,45,1.0743925757161965,1.2880209216094205,0.5806451612903226,1,0.0
91651,2.0,4,53,3.225831746792984,2.474758952360824,1.5483870967741935,1,0.0
157882,2.0,15,60,0.9062482799112936,1.0319634944940963,0.7741935483870968,1,0.0
41674,1.0,3,45,0.8458942549735775,1.2683322863261397,0.6129032258064516,0,0.0
128198,2.0,15,54,1.292538404350543,0.5774247702498821,0.6129032258064516,0,0.0
38290,1.0,16,47,1.215688064032026,0.8106565787802502,0.6129032258064516,0,0.0
153127,2.0,13,48,0.7975526277373804,0.9714850870264946,0.5483870967741935,1,0.0
152590,1.0,12,55,0.9627622418385876,0.7977342123325024,0.7096774193548387,1,0.0
72222,2.0,8,56,3.3394751886191187,3.216697440073409,2.177419354838709,1,0.0
81441,0.0,13,44,1.2642621424549432,0.6819565230819097,0.5806451612903226,0,0.0
83427,1.0,14,44,0.7494707180549753,1.2683322863261397,0.6129032258064516,1,0.0
59949,1.0,6,49,2.1883786993254573,3.107014937635323,2.064516129032258,0,0.0
466955,2.0,5,44,0.8799055006636712,1.3329566613367885,0.5161290322580645,0,0.0
146426,1.0,17,48,2.5045773815900274,1.808691413002348,1.4516129032258065,1,0.0
153723,2.0,14,51,2.8447326312880628,2.813852585195218,2.064516129032258,1,0.0
153256,2.0,0,44,2.200229555503071,2.2978772395217115,2.161290322580645,0,0.0
86881,2.0,9,45,1.985584436770632,2.661513603158075,2.064516129032258,1,0.0
47247,2.0,14,56,0.7442576870661896,0.8484010748997193,0.7741935483870968,1,0.0
78356,3.0,17,51,1.3728762004623418,1.5656526774100077,0.6774193548387096,0,0.0
39487,1.0,3,43,0.8024159941040123,1.2683322863261397,0.6774193548387096,1,0.0
200641,2.0,0,52,1.305771012065317,1.2435441300981644,0.5806451612903226,1,0.0
44699,3.0,3,60,2.55502894710163,2.157116428137687,1.7741935483870968,0,0.0
203341,2.0,9,48,0.8845091494765108,1.477886129770276,0.6129032258064516,0,0.0
67089,0.0,13,49,0.8728762004623417,0.7116801807469696,0.5806451612903226,0,0.0
200402,1.0,19,56,2.4880827339684912,2.634173381166525,2.3225806451612905,1,0.0
80226,1.0,16,52,1.1554848961145157,0.875606022331094,0.7419354838709677,1,0.0
60551,2.0,3,53,2.2247148715532403,2.769357716876104,1.7096774193548387,1,0.0
198869,1.0,2,45,2.664655014911209,2.7524226940671657,1.806451612903225,1,0.0
100649,2.0,6,58,4.260795238747659,3.1781748015580744,1.7741935483870968,0,0.0
82691,1.0,14,52,4.296684108306515,2.735152751124162,2.064516129032258,1,0.0
109434,1.0,7,44,0.8109049377412199,0.1439974592758484,0.5806451612903226,0,0.0
209362,1.0,2,39,1.5055611597763408,1.244593102887528,1.032258064516129,0,0.0
171317,2.0,19,53,2.7007287612585635,1.5071492992191218,1.935483870967742,1,0.0
131897,0.0,0,45,3.729872406215557,3.206968148612621,2.1451612903225805,1,0.0
51927,1.0,3,49,2.461184324592206,2.16910918748846,1.6774193548387095,1,0.0
213482,1.0,15,48,1.319291758172163,1.2451901136970571,0.5161290322580645,0,0.0
36903,2.0,16,95,6.577199834771318,5.438108369209939,2.548387096774193,0,0.0
206325,1.0,11,55,0.8627700190417282,1.5656526774100077,0.6774193548387096,0,0.0
88894,2.0,1,60,4.431074457415751,3.243912431671319,2.6129032258064515,1,0.0
74208,2.0,12,77,2.4779234462725297,0.7033884137254764,1.4838709677419355,0,0.0
153682,2.0,10,51,0.901234056524456,0.1870273449507625,0.5806451612903226,0,0.0
164555,1.0,18,45,3.243848168382988,2.4450550493659846,2.3225806451612905,1,0.902275959862512
203389,2.0,15,44,1.112088229411465,1.3355021937966187,0.6774193548387096,0,0.0
49262,0.0,2,40,1.4251795431680263,1.5766193668668178,0.6451612903225806,0,0.0
85955,2.0,4,52,2.845133899056659,2.399105153552744,1.6774193548387095,0,-0.8123251690693148
41823,2.0,6,49,0.929390162389636,1.1526350391890736,0.6451612903225806,0,0.0
181008,3.0,18,55,1.5195869940977231,0.5961182540416717,0.7096774193548387,0,0.0
108156,1.0,1,44,1.0247349543724538,0.3591931368456635,0.6129032258064516,0,0.0
61739,1.0,7,43,0.7860012728897258,0.8538180884347384,0.5806451612903226,0,0.0
111773,1.0,13,43,0.872957794628856,0.7880209216094204,0.5806451612903226,0,0.0
428610,2.0,19,44,1.2642621424549432,1.1774231954170489,0.5483870967741935,0,0.0
40564,2.0,1,44,1.0247349543724538,0.8106565787802501,0.6451612903225806,0,0.0
148508,2.0,1,53,4.251417701203062,3.6000830306961125,2.064516129032258,1,0.0
126187,2.0,7,59,3.2119984101018098,1.1774231954170489,0.967741935483871,1,0.0
172649,0.0,12,53,0.9192839809690224,1.022362921281532,0.6774193548387096,0,0.0
151086,2.0,7,45,1.2642621424549432,1.1774231954170489,0.6129032258064516,1,0.0
85971,2.0,16,95,8.330628079856806,6.189502338198949,2.7580645161290325,1,0.0
171771,1.0,15,45,4.492336282219559,3.581418685729621,2.064516129032258,1,0.0
84939,3.0,15,83,2.1120066352449505,1.428017122674506,1.1612903225806452,0,-0.7165014163307373
455084,1.0,8,40,0.8146881093593233,0.6981608034896927,0.6129032258064516,0,0.0
57913,1.0,8,39,0.727731587620193,0.9443761968201888,0.6774193548387096,0,0.0
17997,1.0,3,45,0.8458942549735774,1.1774231954170489,0.5806451612903226,0,0.0
20310,0.0,4,48,0.927947243324136,1.4443761968201887,0.5806451612903226,0,0.0
432656,1.0,11,48,0.8410308886069456,1.5656526774100077,0.5483870967741935,0,0.0
149484,1.0,1,53,1.8448204699952209,4.070495872746328,2.467741935483871,1,0.0
96994,3.0,7,53,4.207939440333496,3.0639679237201194,1.7096774193548387,1,0.0
51090,1.0,4,55,4.226209274333224,4.093511764861701,2.3548387096774195,0,0.0
83312,1.0,3,39,0.7806768636692295,0.8538180884347384,0.5806451612903226,0,0.0
40784,1.0,5,45,0.8364272397941059,1.6774231954170489,0.6129032258064516,0,0.0
149266,1.0,7,43,0.6804701551325242,-0.0822975140535892,0.5483870967741935,0,0.0
180135,2.0,13,48,2.5554655401566264,2.3107951076035054,1.5161290322580645,1,0.0
39790,0.0,8,43,0.879905500663671,0.9443761968201888,0.6129032258064516,0,0.0
94245,3.0,5,58,0.7945515802201312,1.1962034399270058,0.9032258064516128,1,0.0
153133,2.0,6,59,2.2784069762294057,2.994042483372397,1.4193548387096775,1,0.0
50093,0.0,17,40,1.0415464288866207,0.993523831010874,0.7419354838709677,0,0.0
72681,1.0,7,43,0.9164360554984212,0.6769074788005024,0.6129032258064516,0,0.0
219352,2.0,7,50,3.069682408758331,1.8707856628554853,1.7096774193548387,1,0.0
219961,2.0,8,54,2.9324492745409305,1.8611460176385657,1.3548387096774193,1,0.0
119765,2.0,6,53,1.7442070221281285,3.1848062540270785,1.870967741935484,1,0.0
107265,0.0,15,44,1.3512186641940735,0.6563630869002026,0.6129032258064516,0,0.0
104953,2.0,13,52,0.8461228466407217,0.2128106526702288,0.6774193548387096,0,0.0
242166,2.0,0,47,1.1021393169853249,0.8252589022706367,0.5161290322580645,0,0.0
62974,2.0,16,58,1.198963156984081,0.6657895554106864,0.7419354838709677,0,0.0
170137,2.0,13,53,2.1849244666680443,4.2132698170074185,2.5,1,0.0
166477,1.0,9,57,1.0801613233895544,1.1992295864756122,0.7741935483870968,0,-0.9479686713151888
195774,2.0,16,48,1.2540743668678151,0.8097297850106782,0.5806451612903226,0,0.0
95715,2.0,16,68,2.268518701972236,1.0835468484353927,1.4516129032258065,1,0.0
221272,1.0,5,40,1.0755576745767146,1.1960870432062527,0.5806451612903226,0,0.0
179018,2.0,13,57,2.2624860663121096,3.316079757745403,1.7096774193548387,1,0.0
19194,0.0,18,40,1.489146438562054,0.7053212562645199,0.7741935483870968,0,0.0
78830,3.0,16,110,8.330628079856806,5.8482917691908,2.8225806451612905,0,0.0
155569,1.0,9,39,0.5903490989766823,1.1448450566483288,0.5806451612903226,0,0.0
122806,2.0,1,55,2.494671887604833,3.932800742737685,2.2580645161290325,1,0.0
244856,1.0,12,39,0.8832697326900716,0.6528671889629387,0.5483870967741935,0,0.0
106618,1.0,13,44,0.8403984359358694,0.0310920767055739,0.5806451612903226,0,0.0
102826,1.0,11,59,0.6337457656797331,1.2326116042880602,0.8709677419354839,0,0.0
40720,3.0,12,80,4.093994088602439,0.4203553757085718,1.5161290322580645,1,0.0
55037,2.0,5,50,1.7270987232815704,3.897802036942096,2.0,1,0.0
234908,1.0,16,43,1.194030527763758,0.4606447846909834,0.5806451612903226,0,0.0
184341,2.0,4,68,5.614270575792091,6.253196437510129,2.661290322580645,1,0.0
55909,1.0,12,49,0.9461150694375812,0.2233203782615307,0.6129032258064516,0,0.0
121160,0.0,11,60,2.0035223618505618,2.86461091453094,2.370967741935484,1,0.0
50471,2.0,5,53,2.205359592846788,3.5639679237201194,1.7096774193548387,1,0.0
116216,2.0,2,60,1.6794742032546015,0.6841526640631067,0.967741935483871,0,0.0
194634,2.0,10,65,4.407833329209375,4.74982482113386,2.806451612903226,1,0.859128548124001
222018,1.0,18,39,1.4239290472577064,1.1083204955665211,0.6451612903225806,0,0.0
167878,2.0,14,48,2.2150579701931044,1.6116618826831417,1.2580645161290325,0,0.0
93284,3.0,2,48,1.047329036060917,1.3054523771780853,0.6129032258064516,0,0.0
108813,0.0,2,40,1.0743925757161965,1.3079274630984552,0.6129032258064516,0,0.0
183015,1.0,17,44,1.3512186641940735,1.1038847255970583,0.5161290322580645,0,0.0
220566,2.0,11,54,2.048554848215085,3.40572135323974,1.7419354838709675,1,0.0
18987,2.0,17,57,1.540513403776541,1.1769074788005025,0.7419354838709677,0,0.0
135363,1.0,4,48,0.816290710654914,1.1528671889629387,0.5483870967741935,0,0.0
194252,2.0,16,70,1.427987410346076,0.6004857953434946,0.8064516129032258,1,0.0
232792,1.0,2,48,4.693963678166066,3.544383463381772,2.225806451612903,1,0.0
193645,1.0,8,45,3.677009652588388,2.007149299219122,1.8387096774193548,1,0.0
449988,3.0,19,52,1.9557294289252696,0.9688143159335254,1.032258064516129,0,0.0
122074,0.0,7,44,0.7534419141967388,-0.0598170142035169,0.5483870967741935,0,0.0
111291,1.0,19,48,1.7902578324070189,1.1057229474930723,1.096774193548387,0,0.0
41328,1.0,4,58,1.142377667176653,0.856370272668724,0.8387096774193549,0,0.0
174874,1.0,7,45,2.048554848215085,3.366877129929453,1.5806451612903225,1,0.0
169359,1.0,1,45,2.8424979745613554,3.554628485241567,2.129032258064516,1,0.0
432720,0.0,11,40,0.938175185933204,1.0574524261992233,0.5161290322580645,0,0.0
60689,3.0,3,62,2.5993905326599007,3.959060002825327,2.2580645161290325,1,0.0
98747,0.0,3,54,2.86389861868636,3.135698922001432,2.274193548387097,1,0.0
200600,2.0,19,55,2.839670929120848,3.30417890791651,2.274193548387097,1,0.0
171287,1.0,10,54,1.8364080266805047,3.9445596990072898,2.064516129032258,0,0.0
198849,2.0,0,47,1.1101188381522733,0.9606447846909834,0.5161290322580645,0,0.0
113534,0.0,0,40,0.9267479935596368,0.8198457115869165,0.7419354838709677,0,0.0
50229,2.0,17,51,2.1815621802331058,1.3069489368485523,0.935483870967742,0,0.0
19188,1.0,5,44,3.2318872466351216,2.4162402083100307,1.903225806451613,1,0.0
154043,1.0,17,47,1.066640577282708,1.3235206951971512,0.5483870967741935,1,0.0
42427,1.0,17,43,1.3512186641940735,1.3988365540075465,0.6129032258064516,0,0.0
68312,2.0,10,64,2.46417087588528,2.185478975632343,1.6451612903225807,0,0.0
87873,1.0,8,45,3.647707448649945,4.118331265097319,2.532258064516129,1,0.0
243016,2.0,2,53,1.4168942534522218,1.3738809682371038,0.6451612903225806,0,0.0
111457,1.0,0,48,1.1535970990218387,1.06188853023055,0.6451612903225806,0,0.0
105717,1.0,18,45,2.6465624624771418,1.734422026491849,2.129032258064516,1,0.0
59125,3.0,5,45,0.5755576745767146,1.2326116042880602,0.6129032258064516,0,0.0
151119,1.0,13,43,0.8512186641940735,0.5754658219197993,0.5483870967741935,0,0.0
20529,3.0,2,48,1.047329036060917,1.1396170051462249,0.6129032258064516,0,0.0
40836,0.0,5,50,2.247579290460808,4.262741517189108,2.1451612903225805,1,0.0
106760,1.0,12,48,3.200728761258563,3.2405543181488863,1.935483870967742,0,0.0
95463,0.0,9,44,0.8729577946288561,0.9738637330451504,0.5806451612903226,0,0.0
194126,0.0,14,40,1.11903593544628,1.0777769794850665,0.5161290322580645,0,0.0
81880,2.0,10,63,1.02505011350582,0.9949387865644655,0.7741935483870968,0,0.0
40383,0.0,15,40,0.8946969250636387,0.7962303471736107,0.7096774193548387,0,0.0
45268,2.0,16,48,2.214385687386525,3.815691472184021,1.5483870967741935,1,0.0
103192,1.0,4,54,3.4936723791729527,3.663004813113463,2.5161290322580645,1,0.0
194164,1.0,6,48,1.862790948559211,2.9088603921495544,1.5161290322580645,0,0.0
42525,0.0,5,40,1.11903593544628,0.9989798579749044,0.5806451612903226,0,0.0
217487,3.0,1,59,1.1673567082896723,0.6904297586736835,0.7419354838709677,0,0.0
152898,1.0,10,48,1.1671178451286848,0.3871394380827017,0.6129032258064516,0,0.0
115556,1.0,16,48,1.1333202673555438,0.3198457115869165,0.6451612903225806,0,0.0
200617,2.0,12,63,1.180153546186414,1.1004857953434948,0.7419354838709677,0,0.0
103914,1.0,3,45,2.2986812273820125,3.288146543541232,2.032258064516129,1,0.0
51938,2.0,9,53,2.116344788928758,2.56407335214378,1.4193548387096775,1,0.0
87107,1.0,7,43,0.7157696581985403,0.3025848790160862,0.5806451612903226,0,0.0
178304,3.0,14,58,0.6689341143412282,1.1157050588265,0.6774193548387096,0,0.0
51940,0.0,12,54,2.2310976026949696,3.72909962680276,2.129032258064516,1,0.0
90585,1.0,19,55,2.339102901837865,3.1063283617230497,2.129032258064516,1,0.0
232787,2.0,17,55,3.228684345922875,3.316946247415465,1.5483870967741935,1,0.0
433154,2.0,3,58,2.366559600430004,3.1484934708320584,1.6451612903225807,1,0.0
155405,2.0,8,49,0.6689341143412282,1.0775513301525437,0.6774193548387096,1,0.0
178173,1.0,2,44,0.9635370487384984,0.5961182540416717,0.5483870967741935,0,0.0
76357,2.0,7,53,2.8410518181244275,2.8691669231632777,1.6451612903225807,1,0.0
179830,2.0,17,54,2.355764737990794,2.6678152715528736,1.3225806451612905,1,0.0
60307,2.0,2,58,4.776879540482623,3.1484934708320584,1.6451612903225807,1,0.0
247632,2.0,19,55,3.7653345826713744,3.0112569503082587,2.161290322580645,1,0.0
61558,2.0,10,59,0.807658809157994,0.8871394380827017,0.9032258064516128,0,0.0
220394,2.0,11,44,0.9164360554984212,1.4647900591461949,0.4838709677419355,0,0.0
121145,1.0,11,55,2.613772239519433,2.732803286799641,2.2580645161290325,1,0.0
461450,3.0,3,45,0.8946969250636387,1.2392706080174052,0.5483870967741935,0,0.0
109745,0.0,4,48,0.5554211454375225,0.9995646056912004,0.5806451612903226,0,0.0
54102,2.0,18,49,1.33984700647666,0.7529782972888239,0.5806451612903226,0,0.0
40386,1.0,14,48,1.861726484665092,2.9713401518622806,1.806451612903225,1,0.0
220598,3.0,15,47,1.5149439320852065,1.326663238466511,0.5161290322580645,0,0.0
177815,3.0,6,78,3.72964270256164,6.814053319494388,2.790322580645161,1,0.9953788484623776
159533,2.0,19,62,2.29573826140254,2.492148229546651,2.193548387096774,1,0.0
209046,2.0,4,57,0.8863254186890543,1.1528671889629387,0.6774193548387096,1,0.0
216054,1.0,19,42,1.112088229411465,0.9484279821463244,0.6129032258064516,0,0.0
225321,0.0,14,48,2.652274538287872,3.697237452632141,1.806451612903225,1,0.0
111931,1.0,9,59,0.9062482799112936,1.2306081959861015,0.7741935483870968,0,0.0
214225,1.0,16,50,0.9062482799112936,1.2392706080174052,0.5483870967741935,1,0.0
88900,1.0,15,48,2.9969943830387,2.997809744802889,1.7419354838709675,0,0.0
173807,2.0,6,53,1.1366752853168485,1.3770235115064635,0.5806451612903226,1,0.0
199796,1.0,1,50,2.45085514042549,3.11053686751658,1.935483870967742,1,0.0
27436,3.0,14,53,2.998014254521457,3.710850415154047,2.129032258064516,1,0.0
17745,0.0,9,55,2.3448204699952204,3.4084261947287047,2.290322580645161,1,0.0
197469,2.0,9,48,0.927987410346076,1.3770235115064635,0.5161290322580645,0,0.0
74854,0.0,14,44,0.6792391033637901,1.0472764677674815,0.6129032258064516,0,0.0
222677,2.0,12,45,0.9975000048999632,0.5995206677645926,0.4838709677419355,0,0.0
111234,0.0,6,49,2.361532385303665,2.833818688745224,2.096774193548387,1,0.0
109533,1.0,4,48,0.8162907106549138,0.9065700065493651,0.5483870967741935,1,0.0
244619,1.0,9,43,1.698661924249918,2.235409858146331,1.1612903225806452,0,0.0
57145,1.0,13,49,1.831163543867259,2.5650823220620342,1.7741935483870968,1,0.0
215059,0.0,2,45,1.139609967020544,1.1483615171083144,0.5161290322580645,0,0.0
184704,2.0,1,44,1.002995823937671,1.177760329669457,0.5161290322580645,0,0.0
17761,1.0,3,54,2.4317769917343512,3.21930011402602,2.0,1,0.0
196118,3.0,13,48,0.819291758172163,1.2348035038879088,0.5161290322580645,0,0.0
210407,2.0,17,58,1.1236395842591196,1.196087043206253,0.7096774193548387,1,0.0
209042,2.0,16,44,1.2425230120201605,0.8457088161864548,0.5483870967741935,0,0.0
219937,1.0,10,40,1.046870838107117,1.201193694494831,0.5483870967741935,0,0.0
200088,3.0,15,45,1.0033925772375518,1.51240939392681,0.4838709677419355,0,0.0
128389,3.0,7,57,3.9905481359856703,3.876801037629696,2.096774193548387,1,0.0
57328,1.0,5,45,2.412862622937445,2.548780737136424,1.5161290322580645,1,0.0
148225,3.0,12,87,4.1616196811114605,5.578998660670501,2.435483870967742,1,0.0
83299,1.0,2,48,1.3533872467328625,1.2326116042880602,0.6451612903225806,1,0.0
37339,1.0,1,43,1.002995823937671,1.177760329669457,0.5806451612903226,0,0.0
41727,1.0,19,44,1.1940305277637575,1.2420865838567088,0.6129032258064516,0,0.0
172841,2.0,18,60,4.666777931096581,2.1806826031891675,1.3225806451612905,0,0.0
160987,2.0,6,50,0.9519420135803836,0.5995206677645926,0.5161290322580645,0,0.0
79852,0.0,1,40,0.7692496712956624,0.7654611817596332,0.7096774193548387,0,0.0
199798,1.0,1,47,1.996994383038699,3.566266397498515,2.193548387096774,1,0.0
82143,0.0,14,44,0.727731587620193,1.141113564816692,0.6129032258064516,0,0.0
98980,0.0,1,48,2.7334638360776644,3.5829743501346942,2.677419354838709,1,0.0
82263,1.0,4,57,1.0554211454375224,0.9995646056912004,0.7741935483870968,0,0.0
172780,2.0,9,70,5.532571496721905,5.247707581709934,2.290322580645161,1,0.0
46483,2.0,9,44,0.9599143163679866,1.2330832819064717,0.5483870967741935,0,0.0
74471,2.0,2,50,0.9417979183037156,0.618598753891744,0.5806451612903226,0,0.0
44683,3.0,3,58,2.408841758838101,2.866430667780463,1.3225806451612905,1,0.0
19236,0.0,19,44,1.2425230120201605,1.1928902885868238,0.6129032258064516,0,0.0
218023,1.0,3,40,0.8077404033245081,0.6668836921104527,0.7419354838709677,0,0.0
204642,2.0,8,48,0.707398151823956,0.6904297586736835,0.5161290322580645,0,0.0
172632,2.0,9,52,1.1236395842591196,1.3770235115064635,0.6129032258064516,0,0.0
226597,1.0,0,51,2.578923689651491,2.821340211356857,2.548387096774193,1,0.0
15157,2.0,10,53,2.2685187019722366,2.2742540814566183,1.3225806451612905,1,0.0
63426,1.0,14,53,2.369665842635698,4.0987891147605255,1.8387096774193548,0,0.0
116643,2.0,10,54,0.6888569755634674,1.1577674230960766,0.7741935483870968,1,0.0
83283,2.0,15,64,3.007649136754845,2.029807910486495,1.3225806451612905,0,0.0
203325,2.0,7,45,2.208668119229169,3.9146301491623934,1.870967741935484,0,0.0
180974,3.0,13,57,2.3954933983301303,1.3595785114876386,1.0,1,0.0
78916,1.0,2,44,2.56332864958279,2.685058948111271,1.5161290322580645,1,0.0
108053,1.0,17,45,2.4833374569107374,2.548780737136424,1.5161290322580645,1,0.0
215460,2.0,8,44,0.8146881093593233,1.2593695119707256,0.5161290322580645,1,0.0
220688,2.0,12,71,1.223631807055979,0.8129921765892152,0.8387096774193549,0,0.0
214590,1.0,12,54,2.187619341825404,3.602806269487669,2.3548387096774195,1,0.0
218997,3.0,6,45,1.138755015766863,1.2392706080174054,0.4838709677419355,0,0.0
59940,1.0,17,44,2.222467891693346,2.3707856628554853,1.5161290322580645,1,0.0
56377,2.0,18,56,1.540513403776541,1.1929723885176096,0.7096774193548387,0,0.0
95658,1.0,12,54,2.317363771403082,3.2411830481427626,2.2419354838709675,1,0.0
214470,1.0,15,40,1.0251317076723343,1.2357541475574196,0.4838709677419355,0,0.0
59859,2.0,11,54,2.396380935171607,2.8237123777087323,1.5806451612903225,0,0.0
197365,1.0,12,49,1.006240502708153,0.9961172188121012,0.5161290322580645,0,0.0
106617,3.0,8,61,5.767899388968899,4.607794386097765,2.806451612903226,1,0.0
180294,3.0,17,59,2.206552842114356,3.226037156506374,1.5806451612903225,1,0.0
37096,0.0,18,50,2.688491074774941,2.730598918954606,2.225806451612903,1,0.0
171975,3.0,17,55,3.816254163672842,3.713269817007419,1.903225806451613,1,0.0
98770,0.0,1,40,0.7692496712956624,0.9995646056912004,0.7096774193548387,0,0.0
441271,1.0,19,45,0.8946969250636387,1.5107634103279175,0.5161290322580645,0,0.0
243568,2.0,4,44,1.0320794137071494,1.0967252396215672,0.5161290322580645,0,0.0
37605,2.0,0,68,1.523162316413143,0.8368219766542316,0.8387096774193549,0,0.0
105377,1.0,8,44,2.965164694170061,2.391049857280021,1.5806451612903225,1,0.0
232797,1.0,15,40,0.8326440681760026,0.8392999617532392,0.4838709677419355,0,0.0
232413,2.0,5,58,3.576449034726058,3.3575266442481504,1.7419354838709675,1,0.0
58376,0.0,15,45,2.36389861868636,3.635698922001432,2.4838709677419355,1,0.0
169432,3.0,14,57,1.9010592680729028,2.115586329169933,1.2580645161290325,1,0.0
201084,1.0,12,44,1.0735376244625152,1.187634330530658,0.4838709677419355,0,0.0
37572,3.0,11,103,2.416354461331907,1.1129364841728309,0.8387096774193549,0,0.0
200878,2.0,17,50,2.9346232562329333,3.234422026491849,1.5161290322580645,1,0.0
176413,2.0,4,82,1.9732819404281847,0.5932435731540158,0.8064516129032258,0,0.0
120250,2.0,6,54,1.0062405027081531,1.2486765140051674,0.6129032258064516,0,0.0
20066,0.0,5,44,0.8364272397941059,1.3988365540075465,0.5806451612903226,0,0.0
19624,2.0,19,52,0.9815718526362548,1.2869961341153435,0.7419354838709677,1,0.0
37915,0.0,16,55,1.8665596004300031,3.197455052381588,2.3870967741935485,1,0.0
83543,2.0,7,51,0.7591663249015914,1.1381855586765723,0.6129032258064516,0,0.0
55038,2.0,7,47,0.7591663249015914,0.8934939699251772,0.5806451612903226,0,0.0
58845,1.0,13,45,0.8512186641940735,1.126365225447131,0.5483870967741935,1,0.0
172850,1.0,4,60,5.44181243244716,4.397649132221529,2.693548387096774,1,0.0
431019,0.0,4,40,1.3146881093593237,0.8113438338060989,0.5161290322580645,0,0.0
151589,2.0,19,48,2.439859196041172,3.085820854109174,1.806451612903225,1,0.0
171314,1.0,11,55,2.4770379543580257,3.230598918954606,2.0,1,0.0
444463,1.0,9,50,2.972568571223805,2.639689828045515,1.6451612903225807,1,0.0
165210,2.0,2,54,2.167529852998469,0.9307361974132664,0.935483870967742,0,0.0
172782,2.0,3,50,1.6056900352126122,3.769357716876104,1.4516129032258065,1,0.0
61604,2.0,9,43,1.0251317076723343,1.0145730900736003,0.5483870967741935,0,0.0
77777,1.0,17,42,1.0903490989766822,1.2869961341153435,0.6129032258064516,0,0.0
80146,3.0,5,57,5.072247215055855,4.610789956726758,2.161290322580645,0,0.0
461102,1.0,3,40,0.8946969250636387,1.489745644916637,0.5806451612903226,0,0.0
61600,2.0,17,48,1.307658809157994,0.7649490715475943,0.5806451612903226,1,0.0
167473,2.0,2,55,1.3113631356950202,0.756831979225212,0.6774193548387096,0,0.0
201666,2.0,9,69,2.1497178026506925,3.004514548279872,1.7258064516129032,1,0.0
182539,2.0,0,49,2.46417087588528,2.6312753995637195,1.5806451612903225,1,0.0
176297,2.0,12,96,7.35236721029159,6.588254753234486,2.7419354838709675,1,0.0
20467,2.0,15,58,4.577504657724799,3.2394025617411497,1.870967741935484,1,0.0
81012,1.0,18,43,1.4874360539770657,1.3239923728155625,0.5483870967741935,0,0.0
57531,3.0,18,62,1.6726585709702253,0.8197495600808579,0.8387096774193549,0,0.0
75115,3.0,13,65,3.7571633413724896,4.040711756211956,2.8548387096774195,0,-0.9958884493437774
41270,1.0,0,55,1.3492492729348822,1.0645140492420444,0.7419354838709677,0,0.0
431131,2.0,15,54,3.912272555906614,2.829438768490077,1.5161290322580645,1,0.0
156689,2.0,12,48,0.9142697575821852,0.5683343041936634,0.4838709677419355,0,0.0
474003,3.0,19,48,1.2540743668678151,1.580654735825728,0.5161290322580645,0,0.0
114536,1.0,5,40,0.8256070115359018,1.2510909412468467,0.5806451612903226,0,0.0
193488,2.0,1,58,1.4720511361121371,1.212527471237176,0.7096774193548387,1,0.0
221239,3.0,1,43,0.682293149556532,0.8033916033766508,0.7419354838709677,0,0.0
58498,3.0,12,62,1.1685205971722448,0.8276889547929239,0.8387096774193549,0,0.0
76359,1.0,12,49,0.9461150694375812,0.6220011676146648,0.5806451612903226,0,0.0
184349,1.0,16,47,1.2055818826114126,1.0203675120291449,0.5161290322580645,0,0.0
60252,2.0,5,59,2.3338454591689204,4.518828822095213,2.129032258064516,1,0.0
463912,0.0,8,40,0.9016446310984538,1.2792802953991649,0.5483870967741935,0,0.0
116594,2.0,4,49,3.086916018426057,4.304448128466841,2.1451612903225805,1,0.0
55914,1.0,8,44,2.866357316253317,1.8455953118254755,1.6774193548387095,1,0.0
44346,3.0,4,67,1.6284569117491965,1.0224990708821513,1.0,1,0.0
123354,1.0,1,44,1.0384945636402876,0.8262002434293919,0.4838709677419355,0,0.0
467114,1.0,8,39,0.6842533267506277,0.7270236176055659,0.7096774193548387,0,0.0
173821,2.0,8,48,1.8387025830357369,2.341591561027907,0.935483870967742,0,0.0
195851,2.0,12,49,2.722467891693346,2.70347059899357,1.5806451612903225,1,0.0
68983,1.0,3,44,1.7361248178213078,2.756195170860308,1.5483870967741935,1,0.0
224444,2.0,11,69,2.344194360449446,4.758467868101162,2.032258064516129,1,0.0
195473,3.0,14,45,2.1012748487386648,3.1183312650973183,1.967741935483871,1,0.0
32259,0.0,18,44,1.4874360539770657,1.0271370164857494,0.5483870967741935,0,0.0
57513,0.0,6,44,1.0517984940277323,1.1556819148633322,0.5806451612903226,0,0.0
155513,2.0,13,48,0.7707992739157604,0.8634424709174815,0.5161290322580645,0,0.0
132015,2.0,16,49,2.059550792599404,2.883264140243852,1.806451612903225,1,0.0
98745,1.0,0,51,2.9919671679123607,3.112307037940766,2.677419354838709,1,0.0
102884,0.0,16,44,1.242523012020161,1.1792972792766376,0.5806451612903226,0,0.0
58822,1.0,0,47,1.1101188381522733,1.152797621139641,0.5806451612903226,0,0.0
54694,2.0,0,117,5.642686180822509,7.21488285174087,2.903225806451613,1,0.0
40142,3.0,13,53,2.156362963547522,1.620335009956141,1.032258064516129,1,0.0
114283,2.0,1,76,6.793441061939296,5.444750157185566,3.0161290322580645,1,0.0
101582,2.0,12,53,2.939859196041172,3.3821497419019377,1.6451612903225807,1,0.0
230046,2.0,1,49,2.6134534034799644,3.609422469174665,1.6774193548387095,1,0.0
92259,2.0,7,48,0.807658809157994,1.2290946495856632,0.5806451612903226,0,0.0
21205,0.0,1,45,1.002995823937671,0.7772802251274361,0.5806451612903226,0,0.0
78056,2.0,15,45,2.62208150252364,3.09406748408413,2.419354838709677,1,0.0
480216,2.0,8,44,0.945122891968019,1.2392706080174052,0.5161290322580645,0,0.0
109646,1.0,7,45,2.1355113699542154,2.3707856628554853,1.4838709677419355,1,0.0
40694,0.0,18,45,1.381904936219864,0.580962946423252,0.5483870967741935,0,0.0
93100,1.0,15,47,2.494333401295056,3.1849765749932213,2.6451612903225805,1,0.0
58786,1.0,5,42,0.8364272397941059,1.489745644916637,0.5806451612903226,0,0.0
444884,2.0,10,44,1.0033925772375518,1.4928881881859966,0.5483870967741935,0,0.0
62398,2.0,12,48,0.9946075536939836,1.2566986463197771,0.6129032258064516,1,0.0
223349,3.0,1,44,0.7421262587202798,1.011535379949971,0.5161290322580645,0,0.0
168399,0.0,3,40,0.8946969250636387,1.6910850324756324,0.5483870967741935,0,0.0
213345,3.0,1,60,1.131857968587056,0.600315771402773,0.7419354838709677,0,0.0
103123,3.0,18,61,4.55538459845545,3.27149170196092,2.0,1,0.0
81183,3.0,3,49,1.1293832837325364,1.414429786106242,1.032258064516129,0,0.0
219847,2.0,4,83,2.060238462167315,0.518281447918141,1.0,0,-0.9156364498495024
18867,3.0,14,57,0.7007794261966243,1.245054056165242,0.7419354838709677,0,0.0
40845,2.0,3,44,0.6937203419300991,1.0145730900736003,0.7419354838709677,0,0.0
203368,1.0,1,44,1.002995823937671,1.1127080494078885,0.4838709677419355,0,0.0
80954,3.0,8,57,0.9181707305444504,0.8198457115869165,0.8387096774193549,1,0.0
49957,2.0,17,53,1.5467892439406028,0.6220011676146648,0.6774193548387096,0,0.0
49413,1.0,5,45,0.8364272397941059,1.3978580277576431,0.5806451612903226,0,0.0
69140,1.0,0,50,1.1535970990218387,1.126365225447131,0.6129032258064516,0,0.0
101188,1.0,6,61,2.165880211390621,4.382465185731577,2.935483870967742,1,0.8899833117534041
101178,2.0,15,60,2.9073768795559247,4.207801194068347,2.725806451612903,1,0.0
149828,3.0,9,50,1.0584221929547717,1.594314127445763,0.5483870967741935,0,0.0
122798,1.0,10,71,4.360077485170335,6.613461184770224,2.677419354838709,1,0.0
91047,2.0,15,55,4.700117191367027,2.6435129355827582,1.7419354838709675,1,0.0
221610,2.0,8,48,0.7558906360803587,1.2768974378408564,0.5161290322580645,0,0.0
168580,2.0,9,61,0.9062482799112936,1.0871519033651085,0.7741935483870968,0,0.0
60706,0.0,10,44,0.6555664902810301,1.3395856049142585,0.5483870967741935,0,0.0
50472,2.0,5,45,1.841663846776819,2.096247967924424,1.1935483870967742,0,0.0
167522,3.0,18,55,1.4466152350335082,0.7467500722889242,0.6774193548387096,0,0.0
59966,3.0,0,84,4.353311654258556,5.723525898708171,2.403225806451613,0,0.0
85242,2.0,1,60,1.131857968587056,1.0055427210638397,0.8387096774193549,1,0.0
198826,1.0,6,50,1.114936154882066,1.5034050365366722,0.5161290322580645,1,0.0
227127,2.0,2,45,3.064682627625252,3.0374819322078377,1.9516129032258065,1,0.0
450527,1.0,15,43,1.394696925063639,0.9967521476158392,0.4838709677419355,0,0.0
57410,1.0,11,49,0.8678619770755044,1.3329956747657996,0.5483870967741935,0,0.0
173879,3.0,4,72,6.049053184487743,6.370786120967784,2.3225806451612905,0,0.0
215439,2.0,18,49,4.091421539193114,2.928333287442111,2.064516129032258,1,0.0
42899,0.0,12,49,0.9946075536939836,0.8262002434293919,0.5806451612903226,0,0.0
200089,2.0,13,48,1.1101188381522733,1.278543421439749,0.5161290322580645,1,0.0
461096,3.0,3,45,0.9381751859332038,1.3301796989264962,0.5483870967741935,0,0.0
208998,1.0,7,43,0.7592479190681057,0.9307361974132664,0.5483870967741935,0,0.0
106611,1.0,6,51,2.100662820086274,3.899105153552744,2.225806451612903,1,0.0
222531,2.0,19,49,1.2975526277373803,0.8145224526155256,0.4838709677419355,0,0.0
221399,2.0,8,55,3.277451878227623,4.466442633124033,2.161290322580645,1,0.0
66838,3.0,6,60,1.673575620185573,1.158346692656241,1.1290322580645162,0,0.0
207189,2.0,14,50,2.622596049882483,2.847214051517684,1.6451612903225807,1,0.0
55459,1.0,18,51,3.1683015929119245,2.503158393175039,2.5806451612903225,1,0.0
40146,1.0,15,50,1.1120066352449505,1.1577674230960766,0.6451612903225806,1,0.0
180184,2.0,12,67,1.2671100679255445,0.8977362845422011,0.8064516129032258,1,0.0
152760,3.0,10,52,0.9497265407808588,1.4928881881859966,0.5806451612903226,1,0.0
107613,1.0,19,52,0.993204801650424,0.8871394380827017,1.096774193548387,0,-0.7453639109398155
200826,2.0,16,69,3.1815621802331058,2.2432998398201103,1.5483870967741935,1,0.0
38533,0.0,19,55,3.186069693253638,3.044789831092341,2.3870967741935485,1,0.0
222627,0.0,6,44,1.0517984940277323,0.7236133617064345,0.4838709677419355,0,0.0
86153,1.0,2,45,0.9635370487384984,0.7095078448008348,0.5483870967741935,0,0.0
156074,1.0,0,44,2.2540952963852976,2.05098510498146,1.935483870967742,1,0.0
108823,2.0,16,74,1.471465671215641,1.1134081617912424,0.7741935483870968,0,0.0
153673,1.0,6,43,0.9050088631248542,1.1783557923047814,0.4838709677419355,0,0.0
101184,1.0,0,45,1.1986479978507147,0.6220011676146648,0.5806451612903226,0,0.0
173954,2.0,5,44,1.987968288498962,4.005539240071484,1.903225806451613,1,0.0
87835,1.0,16,58,3.189856440066739,3.5518233034546984,2.290322580645161,0,0.0
115918,0.0,0,45,1.1822332766364283,1.2392706080174052,0.5806451612903226,0,0.0
7645,1.0,14,40,0.9016446310984538,1.2869961341153435,0.6451612903225806,0,0.0
104547,3.0,13,59,0.807658809157994,0.7129102585237558,0.7741935483870968,0,0.0
449926,2.0,11,45,1.046870838107117,1.3301796989264962,0.4838709677419355,0,0.0
175592,2.0,10,52,0.993204801650424,1.4928881881859966,0.5806451612903226,1,0.0
463034,3.0,11,44,1.0251317076723343,0.7577927830195436,0.5161290322580645,0,0.0
141020,2.0,5,48,0.7776297665151413,1.3978580277576431,0.4838709677419355,0,0.0
124183,2.0,4,82,6.44035753231383,7.351246488104507,2.8548387096774195,1,0.0
37642,1.0,9,55,2.5595250929629354,3.05098510498146,1.5483870967741935,1,0.0
174593,2.0,17,48,1.4062482799112934,1.0726983620261292,0.5806451612903226,0,0.0
159506,1.0,7,45,1.939859196041172,2.0033261916818788,1.4838709677419355,1,0.0
